experiment_id,timestamp_utc,git_commit,dataset_variant,sample_size,years,feature_set,model,hyperparameters,seed,class_weighting,sampler,train_runtime_seconds,threshold,status,error,accuracy,balanced_accuracy,f1_denial,f1_macro,mcc,roc_auc,pr_auc,log_loss,brier_score,recall_denial,recall_approval,precision_denial,precision_approval,specificity,predicted_positive_rate,predicted_negative_rate,unique_prediction_classes,degenerate,tn,fp,fn,tp,exclusion_reason,source_artifact,source_row_key,source_generation,source_evaluation_scope,scientific_status,evaluation_scope,source_sha256,positive_class,target_definition,metric_units
ml_dummy_original_weighted_s20260809_n12000,2026-08-08T21:57:32.288244+00:00,not-a-git-repository,original_weighted,12000,unavailable,primary_financial_v1,dummy,"{""constant"": null, ""random_state"": 20260809, ""strategy"": ""stratified""}",20260809,balanced_sample_weight,class_weight_balanced,0.000463,0.5,completed,,0.49853924040501063,0.4984597152267327,0.28188669513138664,0.4483252479207993,-0.002452843726153195,0.4984597152267327,0.19701685557527038,8.082592538419977,0.5014607595949894,0.49832826747720366,0.4985911629762617,0.19652775002996764,0.8015192207479858,0.4985911629762617,0.5008004162164326,0.49919958378356744,2,True,39991,40217,9903,9837,Not a retained final versioned equal-60k experiment,HMDA_pipeline_review/project/new new project/reports/EXPERIMENT_RESULTS.csv,ml_dummy_original_weighted_s20260809_n12000,classification_v1_history,screening,historical,screening,66dc8cda55a4fbdda11b8784619f14033df176deb07780db7243676dbc36ed8b,denial,"target_denied = 1 - loan_approved; favorable actions 1/2/8, denial actions 3/7",AP/MCC/accuracy/recall dimensionless; count fields rows; runtime seconds
ml_logistic_regression_original_weighted_s20260809_n12000,2026-08-08T21:57:42.262846+00:00,not-a-git-repository,original_weighted,12000,unavailable,primary_financial_v1,logistic_regression,"{""C"": 1.0, ""class_weight"": null, ""dual"": false, ""fit_intercept"": true, ""intercept_scaling"": 1, ""l1_ratio"": null, ""max_iter"": 500, ""multi_class"": ""deprecated"", ""n_jobs"": 8, ""penalty"": ""l2"", ""random_state"": 20260809, ""solver"": ""saga"", ""tol"": 0.001, ""verbose"": 0, ""warm_start"": false}",20260809,balanced_sample_weight,class_weight_balanced,0.150634,0.5892148538561265,completed,,0.7481390322967943,0.6576022705706803,0.44340769894089815,0.6403268443821637,0.2879062493355335,0.7265684666296202,0.4067611366892794,0.6082935495005612,0.2091809920721907,0.5079533941236068,0.8072511470177538,0.3934162514222937,0.8695558748875251,0.8072511470177538,0.2550026013527034,0.7449973986472966,2,False,64748,15460,9713,10027,Not a retained final versioned equal-60k experiment,HMDA_pipeline_review/project/new new project/reports/EXPERIMENT_RESULTS.csv,ml_logistic_regression_original_weighted_s20260809_n12000,classification_v1_history,screening,historical,screening,66dc8cda55a4fbdda11b8784619f14033df176deb07780db7243676dbc36ed8b,denial,"target_denied = 1 - loan_approved; favorable actions 1/2/8, denial actions 3/7",AP/MCC/accuracy/recall dimensionless; count fields rows; runtime seconds
ml_random_forest_original_weighted_s20260809_n12000,2026-08-08T21:57:53.968019+00:00,not-a-git-repository,original_weighted,12000,unavailable,primary_financial_v1,random_forest,"{""bootstrap"": true, ""ccp_alpha"": 0.0, ""class_weight"": null, ""criterion"": ""gini"", ""max_depth"": null, ""max_features"": ""sqrt"", ""max_leaf_nodes"": null, ""max_samples"": null, ""min_impurity_decrease"": 0.0, ""min_samples_leaf"": 3, ""min_samples_split"": 2, ""min_weight_fraction_leaf"": 0.0, ""monotonic_cst"": null, ""n_estimators"": 180, ""n_jobs"": 8, ""oob_score"": false, ""random_state"": 20260809, ""verbose"": 0, ""warm_start"": false}",20260809,balanced_sample_weight,class_weight_balanced,1.253651,0.43629311338777627,completed,,0.744417096890383,0.6565054111589503,0.44135849716797515,0.6378318538418539,0.28409416303407836,0.724517054480539,0.42295548965694846,0.48552997838457107,0.15759024757963982,0.5111955420466059,0.8018152802712947,0.3883095393850772,0.8695393518205541,0.8018152802712947,0.26000520270540683,0.7399947972945932,2,False,64312,15896,9649,10091,Not a retained final versioned equal-60k experiment,HMDA_pipeline_review/project/new new project/reports/EXPERIMENT_RESULTS.csv,ml_random_forest_original_weighted_s20260809_n12000,classification_v1_history,screening,historical,screening,66dc8cda55a4fbdda11b8784619f14033df176deb07780db7243676dbc36ed8b,denial,"target_denied = 1 - loan_approved; favorable actions 1/2/8, denial actions 3/7",AP/MCC/accuracy/recall dimensionless; count fields rows; runtime seconds
ml_extra_trees_original_weighted_s20260809_n12000,2026-08-08T21:58:05.594764+00:00,not-a-git-repository,original_weighted,12000,unavailable,primary_financial_v1,extra_trees,"{""bootstrap"": false, ""ccp_alpha"": 0.0, ""class_weight"": null, ""criterion"": ""gini"", ""max_depth"": null, ""max_features"": ""sqrt"", ""max_leaf_nodes"": null, ""max_samples"": null, ""min_impurity_decrease"": 0.0, ""min_samples_leaf"": 3, ""min_samples_split"": 2, ""min_weight_fraction_leaf"": 0.0, ""monotonic_cst"": null, ""n_estimators"": 180, ""n_jobs"": 8, ""oob_score"": false, ""random_state"": 20260809, ""verbose"": 0, ""warm_start"": false}",20260809,balanced_sample_weight,class_weight_balanced,0.791026,0.566513022578941,completed,,0.7517609156761516,0.6585413146184662,0.44527913788092205,0.6426912545219883,0.291527900066131,0.7288340502762726,0.4280495585083315,0.5759362540439921,0.1961610285184822,0.5044579533941236,0.8126246758428087,0.3985272341617641,0.8695054761809474,0.8126246758428087,0.25,0.75,2,False,65179,15029,9782,9958,Not a retained final versioned equal-60k experiment,HMDA_pipeline_review/project/new new project/reports/EXPERIMENT_RESULTS.csv,ml_extra_trees_original_weighted_s20260809_n12000,classification_v1_history,screening,historical,screening,66dc8cda55a4fbdda11b8784619f14033df176deb07780db7243676dbc36ed8b,denial,"target_denied = 1 - loan_approved; favorable actions 1/2/8, denial actions 3/7",AP/MCC/accuracy/recall dimensionless; count fields rows; runtime seconds
ml_xgboost_original_weighted_s20260809_n12000,2026-08-08T21:58:16.563044+00:00,not-a-git-repository,original_weighted,12000,unavailable,primary_financial_v1,xgboost,"{""base_score"": null, ""booster"": null, ""callbacks"": null, ""colsample_bylevel"": null, ""colsample_bynode"": null, ""colsample_bytree"": 0.85, ""device"": null, ""early_stopping_rounds"": null, ""enable_categorical"": false, ""eval_metric"": ""logloss"", ""feature_types"": null, ""feature_weights"": null, ""gamma"": null, ""grow_policy"": null, ""importance_type"": null, ""interaction_constraints"": null, ""learning_rate"": 0.08, ""max_bin"": null, ""max_cat_threshold"": null, ""max_cat_to_onehot"": null, ""max_delta_step"": null, ""max_depth"": 6, ""max_leaves"": null, ""min_child_weight"": 3, ""missing"": NaN, ""monotone_constraints"": null, ""multi_strategy"": null, ""n_estimators"": 250, ""n_jobs"": 8, ""num_parallel_tree"": null, ""objective"": ""binary:logistic"", ""random_state"": 20260809, ""reg_alpha"": null, ""reg_lambda"": 1.0, ""sampling_method"": null, ""scale_pos_weight"": null, ""subsample"": 0.85, ""tree_method"": ""hist"", ""validate_parameters"": null, ""verbosity"": null}",20260809,balanced_sample_weight,class_weight_balanced,1.035487,0.576458250284195,completed,,0.7590847240565094,0.6414692619857065,0.42296724100745287,0.6353647082148166,0.27191842239172764,0.7155576384126701,0.41352998996471757,0.5518648486557775,0.18543930926951477,0.4470618034447822,0.8358767205266308,0.4013370321524399,0.8599905078310394,0.8358767205266308,0.22000440228919038,0.7799955977108096,2,False,67044,13164,10915,8825,Not a retained final versioned equal-60k experiment,HMDA_pipeline_review/project/new new project/reports/EXPERIMENT_RESULTS.csv,ml_xgboost_original_weighted_s20260809_n12000,classification_v1_history,screening,historical,screening,66dc8cda55a4fbdda11b8784619f14033df176deb07780db7243676dbc36ed8b,denial,"target_denied = 1 - loan_approved; favorable actions 1/2/8, denial actions 3/7",AP/MCC/accuracy/recall dimensionless; count fields rows; runtime seconds
ml_lightgbm_original_weighted_s20260809_n12000,2026-08-08T21:58:27.360540+00:00,not-a-git-repository,original_weighted,12000,unavailable,primary_financial_v1,lightgbm,"{""boosting_type"": ""gbdt"", ""class_weight"": null, ""colsample_bytree"": 0.85, ""importance_type"": ""split"", ""learning_rate"": 0.06, ""max_depth"": -1, ""min_child_samples"": 30, ""min_child_weight"": 0.001, ""min_split_gain"": 0.0, ""n_estimators"": 250, ""n_jobs"": 8, ""num_leaves"": 31, ""objective"": null, ""random_state"": 20260809, ""reg_alpha"": 0.0, ""reg_lambda"": 1.0, ""subsample"": 0.85, ""subsample_for_bin"": 200000, ""subsample_freq"": 0, ""verbosity"": -1}",20260809,balanced_sample_weight,class_weight_balanced,0.174638,0.5943254219953232,completed,,0.7657281786528995,0.6471743300246108,0.4320745106599724,0.6422506456379897,0.2852429988877417,0.721279245264238,0.41923103520642446,0.5588297095055653,0.18856225430603768,0.4512158054711246,0.843132854578097,0.41449113499930196,0.8619278859021909,0.843132854578097,0.21500180093648696,0.7849981990635131,2,False,67626,12582,10833,8907,Not a retained final versioned equal-60k experiment,HMDA_pipeline_review/project/new new project/reports/EXPERIMENT_RESULTS.csv,ml_lightgbm_original_weighted_s20260809_n12000,classification_v1_history,screening,historical,screening,66dc8cda55a4fbdda11b8784619f14033df176deb07780db7243676dbc36ed8b,denial,"target_denied = 1 - loan_approved; favorable actions 1/2/8, denial actions 3/7",AP/MCC/accuracy/recall dimensionless; count fields rows; runtime seconds
ml_catboost_original_weighted_s20260809_n12000,2026-08-08T21:58:38.874921+00:00,not-a-git-repository,original_weighted,12000,unavailable,primary_financial_v1,catboost,"{""allow_writing_files"": false, ""depth"": 7, ""eval_metric"": ""AUC"", ""iterations"": 250, ""learning_rate"": 0.08, ""loss_function"": ""Logloss"", ""random_seed"": 20260809, ""thread_count"": 8, ""verbose"": false}",20260809,balanced_sample_weight,class_weight_balanced,1.231279,0.6087374554893702,completed,,0.7716412534517949,0.6469630215239769,0.43266219239373604,0.6448568937993633,0.289854930303649,0.7262198451200133,0.4306079684033189,0.5637397053855934,0.1906946949123257,0.44088145896656533,0.8530445840813884,0.4247437774524158,0.8610964283017443,0.8530445840813884,0.20500660343378557,0.7949933965662144,2,False,68421,11787,11037,8703,Not a retained final versioned equal-60k experiment,HMDA_pipeline_review/project/new new project/reports/EXPERIMENT_RESULTS.csv,ml_catboost_original_weighted_s20260809_n12000,classification_v1_history,screening,historical,screening,66dc8cda55a4fbdda11b8784619f14033df176deb07780db7243676dbc36ed8b,denial,"target_denied = 1 - loan_approved; favorable actions 1/2/8, denial actions 3/7",AP/MCC/accuracy/recall dimensionless; count fields rows; runtime seconds
ml_bagging_original_weighted_s20260809_n12000,2026-08-08T21:58:52.254648+00:00,not-a-git-repository,original_weighted,12000,unavailable,primary_financial_v1,bagging,"{""bootstrap"": true, ""bootstrap_features"": false, ""estimator"": ""DecisionTreeClassifier(max_depth=10, min_samples_leaf=5, random_state=20260809)"", ""max_features"": 0.9, ""max_samples"": 0.8, ""n_estimators"": 80, ""n_jobs"": 8, ""oob_score"": false, ""random_state"": 20260809, ""verbose"": 0, ""warm_start"": false}",20260809,balanced_sample_weight,class_weight_balanced,3.31305,0.468062374381741,completed,,0.7202745427622363,0.6613607697494114,0.4433338642879898,0.6282693694736223,0.27905801452255047,0.7246306977112801,0.41623194741424296,0.5366395732606987,0.17818022019246268,0.5639817629179331,0.7587397765808896,0.36520797795564885,0.8760940919037199,0.7587397765808896,0.30499859927162126,0.6950014007283787,2,False,60857,19351,8607,11133,Not a retained final versioned equal-60k experiment,HMDA_pipeline_review/project/new new project/reports/EXPERIMENT_RESULTS.csv,ml_bagging_original_weighted_s20260809_n12000,classification_v1_history,screening,historical,screening,66dc8cda55a4fbdda11b8784619f14033df176deb07780db7243676dbc36ed8b,denial,"target_denied = 1 - loan_approved; favorable actions 1/2/8, denial actions 3/7",AP/MCC/accuracy/recall dimensionless; count fields rows; runtime seconds
ml_stacking_original_weighted_s20260809_n12000,2026-08-08T21:59:05.462089+00:00,not-a-git-repository,original_weighted,12000,unavailable,primary_financial_v1,stacking,"{""cv"": 3, ""estimators"": [[""lr"", ""LogisticRegression(C=0.8, max_iter=300, random_state=20260809,\n                   solver='liblinear')""], [""extra"", ""ExtraTreesClassifier(min_samples_leaf=4, n_jobs=8, random_state=20260809)""], [""lgbm"", ""LGBMClassifier(learning_rate=0.07, n_estimators=140, n_jobs=8, num_leaves=25,\n               random_state=20260809, verbosity=-1)""]], ""final_estimator"": ""LogisticRegression(max_iter=300, random_state=20260809, solver='liblinear')"", ""n_jobs"": 8, ""passthrough"": false, ""stack_method"": ""predict_proba"", ""verbose"": 0}",20260809,balanced_sample_weight,class_weight_balanced,3.235392,0.6182132754240326,completed,,0.7549025493256494,0.663496717046318,0.4522995058912961,0.6472132385645539,0.3006399606495239,0.7360758270265294,0.43525033604543284,0.6088641850850662,0.2100102889401544,0.5124113475177305,0.8145820865749053,0.4048105014607596,0.8715998986139459,0.8145820865749053,0.25,0.75,2,False,65336,14872,9625,10115,Not a retained final versioned equal-60k experiment,HMDA_pipeline_review/project/new new project/reports/EXPERIMENT_RESULTS.csv,ml_stacking_original_weighted_s20260809_n12000,classification_v1_history,screening,historical,screening,66dc8cda55a4fbdda11b8784619f14033df176deb07780db7243676dbc36ed8b,denial,"target_denied = 1 - loan_approved; favorable actions 1/2/8, denial actions 3/7",AP/MCC/accuracy/recall dimensionless; count fields rows; runtime seconds
dl_mlp_original_weighted_s20260809_n12000,2026-08-08T22:00:19.985941+00:00,not-a-git-repository,original_weighted,12000,unavailable,primary_financial_v1,mlp,"{""batch_size"": 1024, ""best_epoch"": 18, ""device"": ""cuda"", ""dropout"": 0.2, ""hidden_dim"": 128, ""input_dim"": 33, ""max_epochs"": 18, ""patience"": 4, ""positive_weight"": 4.063291139240507}",20260809,weighted_bce_or_tabnet_weights,class_weight_balanced,2.881304,0.6322285097837449,completed,,0.7728318725737383,0.6583792208646577,0.44929539886972764,0.6530984800004509,0.3069595350859381,0.7381068482962535,0.4341668496552418,0.5911705703050266,0.20236722502469448,0.46919959473150963,0.8475588469978057,0.43101121504025314,0.866452542092048,0.8475588469978057,0.21500180093648696,0.7849981990635131,2,False,67981,12227,10478,9262,Not a retained final versioned equal-60k experiment,HMDA_pipeline_review/project/new new project/reports/EXPERIMENT_RESULTS.csv,dl_mlp_original_weighted_s20260809_n12000,classification_v1_history,screening,historical,screening,66dc8cda55a4fbdda11b8784619f14033df176deb07780db7243676dbc36ed8b,denial,"target_denied = 1 - loan_approved; favorable actions 1/2/8, denial actions 3/7",AP/MCC/accuracy/recall dimensionless; count fields rows; runtime seconds
dl_tabnet_original_weighted_s20260809_n12000,2026-08-08T22:00:33.270506+00:00,not-a-git-repository,original_weighted,12000,unavailable,primary_financial_v1,tabnet,"{""batch_size"": 1024, ""device_name"": ""cuda"", ""gamma"": 1.3, ""lambda_sparse"": 0.0001, ""max_epochs"": 25, ""n_a"": 16, ""n_d"": 16, ""n_steps"": 3, ""patience"": 4, ""seed"": 20260809, ""verbose"": 0, ""weights"": {""0"": 1.0, ""1"": 4.063291139240507}}",20260809,weighted_bce_or_tabnet_weights,class_weight_balanced,11.510471,0.5216155648231506,completed,,0.719944371072958,0.6560756546656505,0.43708396178984416,0.6253448922426523,0.2711823003041489,0.7178194580994178,0.3846972760671368,0.5890507085674821,0.20027758919566704,0.5505065856129686,0.7616447237183324,0.36241454060363515,0.873175821505653,0.7616447237183324,0.30000600312162323,0.6999939968783768,2,False,61090,19118,8873,10867,Not a retained final versioned equal-60k experiment,HMDA_pipeline_review/project/new new project/reports/EXPERIMENT_RESULTS.csv,dl_tabnet_original_weighted_s20260809_n12000,classification_v1_history,screening,historical,screening,66dc8cda55a4fbdda11b8784619f14033df176deb07780db7243676dbc36ed8b,denial,"target_denied = 1 - loan_approved; favorable actions 1/2/8, denial actions 3/7",AP/MCC/accuracy/recall dimensionless; count fields rows; runtime seconds
dl_tabular_transformer_original_weighted_s20260809_n12000,2026-08-08T22:00:36.889004+00:00,not-a-git-repository,original_weighted,12000,unavailable,primary_financial_v1,tabular_transformer,"{""batch_size"": 512, ""best_epoch"": 10, ""device"": ""cuda"", ""dropout"": 0.1, ""input_dim"": 33, ""max_epochs"": 10, ""n_heads"": 4, ""n_layers"": 2, ""patience"": 3, ""positive_weight"": 4.063291139240507, ""token_dim"": 16}",20260809,weighted_bce_or_tabnet_weights,class_weight_balanced,3.043398,0.6422403812408448,completed,,0.757453876015528,0.6532089401901561,0.43920607013972424,0.6422356084096634,0.287710926723193,0.7281048412299248,0.4104005712795272,0.6038368024826807,0.20756675706559993,0.4809017223910841,0.8255161579892281,0.4041638283378747,0.8659822129217891,0.8255161579892281,0.2350022011445952,0.7649977988554049,2,False,66213,13995,10247,9493,Not a retained final versioned equal-60k experiment,HMDA_pipeline_review/project/new new project/reports/EXPERIMENT_RESULTS.csv,dl_tabular_transformer_original_weighted_s20260809_n12000,classification_v1_history,screening,historical,screening,66dc8cda55a4fbdda11b8784619f14033df176deb07780db7243676dbc36ed8b,denial,"target_denied = 1 - loan_approved; favorable actions 1/2/8, denial actions 3/7",AP/MCC/accuracy/recall dimensionless; count fields rows; runtime seconds
dl_modern_hopfield_original_weighted_s20260809_n12000,2026-08-08T22:00:39.233275+00:00,not-a-git-repository,original_weighted,12000,unavailable,primary_financial_v1,modern_hopfield,"{""batch_size"": 1024, ""best_epoch"": 16, ""device"": ""cuda"", ""dropout"": 0.15, ""input_dim"": 33, ""max_epochs"": 16, ""memory_patterns"": 32, ""model_dim"": 64, ""patience"": 4, ""positive_weight"": 4.063291139240507}",20260809,weighted_bce_or_tabnet_weights,class_weight_balanced,1.913774,0.5981841373443603,completed,,0.7394445111457958,0.6677479283346581,0.4543435443992792,0.6416030004312226,0.297472998748007,0.7357147019320183,0.42568203374042946,0.610911684748688,0.2112188249741986,0.5492401215805471,0.7862557350887692,0.3874079897091403,0.8763514076873906,0.7862557350887692,0.280005602913515,0.719994397086485,2,False,63064,17144,8898,10842,Not a retained final versioned equal-60k experiment,HMDA_pipeline_review/project/new new project/reports/EXPERIMENT_RESULTS.csv,dl_modern_hopfield_original_weighted_s20260809_n12000,classification_v1_history,screening,historical,screening,66dc8cda55a4fbdda11b8784619f14033df176deb07780db7243676dbc36ed8b,denial,"target_denied = 1 - loan_approved; favorable actions 1/2/8, denial actions 3/7",AP/MCC/accuracy/recall dimensionless; count fields rows; runtime seconds
ml_dummy_original_weighted_s20260809_n60000,2026-08-08T22:01:30.812848+00:00,not-a-git-repository,original_weighted,60000,unavailable,primary_financial_v1,dummy,"{""constant"": null, ""random_state"": 20260809, ""strategy"": ""stratified""}",20260809,balanced_sample_weight,class_weight_balanced,0.001213,0.5,completed,,0.49853924040501063,0.4984597152267327,0.28188669513138664,0.4483252479207993,-0.002452843726153195,0.4984597152267327,0.19701685557527038,8.082592538419977,0.5014607595949894,0.49832826747720366,0.4985911629762617,0.19652775002996764,0.8015192207479858,0.4985911629762617,0.5008004162164326,0.49919958378356744,2,True,39991,40217,9903,9837,Not a retained final versioned equal-60k experiment,HMDA_pipeline_review/project/new new project/reports/EXPERIMENT_RESULTS.csv,ml_dummy_original_weighted_s20260809_n60000,classification_v1_history,screening,superseded,screening,66dc8cda55a4fbdda11b8784619f14033df176deb07780db7243676dbc36ed8b,denial,"target_denied = 1 - loan_approved; favorable actions 1/2/8, denial actions 3/7",AP/MCC/accuracy/recall dimensionless; count fields rows; runtime seconds
ml_logistic_regression_original_weighted_s20260809_n60000,2026-08-08T22:01:33.443657+00:00,not-a-git-repository,original_weighted,60000,unavailable,primary_financial_v1,logistic_regression,"{""C"": 1.0, ""class_weight"": null, ""dual"": false, ""fit_intercept"": true, ""intercept_scaling"": 1, ""l1_ratio"": null, ""max_iter"": 500, ""multi_class"": ""deprecated"", ""n_jobs"": 8, ""penalty"": ""l2"", ""random_state"": 20260809, ""solver"": ""saga"", ""tol"": 0.001, ""verbose"": 0, ""warm_start"": false}",20260809,balanced_sample_weight,class_weight_balanced,2.459551,0.5924752671732101,completed,,0.7517809260815624,0.658572877691255,0.44532385360073334,0.6427200569681193,0.291585938668573,0.7277155582794764,0.40911820317088,0.6111244276078643,0.21040511211397359,0.5045086119554205,0.8126371434270896,0.39856725497258577,0.8695188164512213,0.8126371434270896,0.25,0.75,2,False,65180,15028,9781,9959,Not a retained final versioned equal-60k experiment,HMDA_pipeline_review/project/new new project/reports/EXPERIMENT_RESULTS.csv,ml_logistic_regression_original_weighted_s20260809_n60000,classification_v1_history,screening,superseded,screening,66dc8cda55a4fbdda11b8784619f14033df176deb07780db7243676dbc36ed8b,denial,"target_denied = 1 - loan_approved; favorable actions 1/2/8, denial actions 3/7",AP/MCC/accuracy/recall dimensionless; count fields rows; runtime seconds
ml_random_forest_original_weighted_s20260809_n60000,2026-08-08T22:01:44.132402+00:00,not-a-git-repository,original_weighted,60000,unavailable,primary_financial_v1,random_forest,"{""bootstrap"": true, ""ccp_alpha"": 0.0, ""class_weight"": null, ""criterion"": ""gini"", ""max_depth"": null, ""max_features"": ""sqrt"", ""max_leaf_nodes"": null, ""max_samples"": null, ""min_impurity_decrease"": 0.0, ""min_samples_leaf"": 3, ""min_samples_split"": 2, ""min_weight_fraction_leaf"": 0.0, ""monotonic_cst"": null, ""n_estimators"": 180, ""n_jobs"": 8, ""oob_score"": false, ""random_state"": 20260809, ""verbose"": 0, ""warm_start"": false}",20260809,balanced_sample_weight,class_weight_balanced,10.032608,0.471918068228329,completed,,0.7709508944651219,0.6554122920225044,0.44473550170996146,0.6502260956903907,0.3012092409940213,0.7344593744082003,0.4460329052061158,0.48056565334720125,0.15531832653503752,0.4644376899696049,0.8463868940754039,0.4266368839871562,0.8652544641150155,0.8463868940754039,0.21500180093648696,0.7849981990635131,2,False,67887,12321,10572,9168,Not a retained final versioned equal-60k experiment,HMDA_pipeline_review/project/new new project/reports/EXPERIMENT_RESULTS.csv,ml_random_forest_original_weighted_s20260809_n60000,classification_v1_history,screening,superseded,screening,66dc8cda55a4fbdda11b8784619f14033df176deb07780db7243676dbc36ed8b,denial,"target_denied = 1 - loan_approved; favorable actions 1/2/8, denial actions 3/7",AP/MCC/accuracy/recall dimensionless; count fields rows; runtime seconds
ml_extra_trees_original_weighted_s20260809_n60000,2026-08-08T22:01:50.447111+00:00,not-a-git-repository,original_weighted,60000,unavailable,primary_financial_v1,extra_trees,"{""bootstrap"": false, ""ccp_alpha"": 0.0, ""class_weight"": null, ""criterion"": ""gini"", ""max_depth"": null, ""max_features"": ""sqrt"", ""max_leaf_nodes"": null, ""max_samples"": null, ""min_impurity_decrease"": 0.0, ""min_samples_leaf"": 3, ""min_samples_split"": 2, ""min_weight_fraction_leaf"": 0.0, ""monotonic_cst"": null, ""n_estimators"": 180, ""n_jobs"": 8, ""oob_score"": false, ""random_state"": 20260809, ""verbose"": 0, ""warm_start"": false}",20260809,balanced_sample_weight,class_weight_balanced,5.784252,0.6134103466123899,completed,,0.785538480009605,0.6497976348121025,0.4393293400643457,0.6533701721507514,0.30716587446354704,0.7381399246584008,0.4440203023781488,0.5789549132447301,0.19672942936209226,0.4254305977710233,0.8741646718531817,0.4541668920015143,0.8607608922498987,0.8741646718531817,0.18500620322567735,0.8149937967743226,2,False,70115,10093,11342,8398,Not a retained final versioned equal-60k experiment,HMDA_pipeline_review/project/new new project/reports/EXPERIMENT_RESULTS.csv,ml_extra_trees_original_weighted_s20260809_n60000,classification_v1_history,screening,superseded,screening,66dc8cda55a4fbdda11b8784619f14033df176deb07780db7243676dbc36ed8b,denial,"target_denied = 1 - loan_approved; favorable actions 1/2/8, denial actions 3/7",AP/MCC/accuracy/recall dimensionless; count fields rows; runtime seconds
ml_xgboost_original_weighted_s20260809_n60000,2026-08-08T22:01:51.890243+00:00,not-a-git-repository,original_weighted,60000,unavailable,primary_financial_v1,xgboost,"{""base_score"": null, ""booster"": null, ""callbacks"": null, ""colsample_bylevel"": null, ""colsample_bynode"": null, ""colsample_bytree"": 0.85, ""device"": null, ""early_stopping_rounds"": null, ""enable_categorical"": false, ""eval_metric"": ""logloss"", ""feature_types"": null, ""feature_weights"": null, ""gamma"": null, ""grow_policy"": null, ""importance_type"": null, ""interaction_constraints"": null, ""learning_rate"": 0.08, ""max_bin"": null, ""max_cat_threshold"": null, ""max_cat_to_onehot"": null, ""max_delta_step"": null, ""max_depth"": 6, ""max_leaves"": null, ""min_child_weight"": 3, ""missing"": NaN, ""monotone_constraints"": null, ""multi_strategy"": null, ""n_estimators"": 250, ""n_jobs"": 8, ""num_parallel_tree"": null, ""objective"": ""binary:logistic"", ""random_state"": 20260809, ""reg_alpha"": null, ""reg_lambda"": 1.0, ""sampling_method"": null, ""scale_pos_weight"": null, ""subsample"": 0.85, ""tree_method"": ""hist"", ""validate_parameters"": null, ""verbosity"": null}",20260809,balanced_sample_weight,class_weight_balanced,1.146928,0.6316334143280984,completed,,0.7872593748749349,0.6525120590719449,0.4438283068713871,0.6561516198013262,0.31273190694787417,0.7419333267572195,0.4608854325712262,0.5696996714380266,0.19256466580225032,0.4297872340425532,0.8752368841013365,0.45881780325563787,0.8618166640067766,0.8752368841013365,0.18500620322567735,0.8149937967743226,2,False,70201,10007,11256,8484,Not a retained final versioned equal-60k experiment,HMDA_pipeline_review/project/new new project/reports/EXPERIMENT_RESULTS.csv,ml_xgboost_original_weighted_s20260809_n60000,classification_v1_history,screening,superseded,screening,66dc8cda55a4fbdda11b8784619f14033df176deb07780db7243676dbc36ed8b,denial,"target_denied = 1 - loan_approved; favorable actions 1/2/8, denial actions 3/7",AP/MCC/accuracy/recall dimensionless; count fields rows; runtime seconds
ml_lightgbm_original_weighted_s20260809_n60000,2026-08-08T22:01:53.509634+00:00,not-a-git-repository,original_weighted,60000,unavailable,primary_financial_v1,lightgbm,"{""boosting_type"": ""gbdt"", ""class_weight"": null, ""colsample_bytree"": 0.85, ""importance_type"": ""split"", ""learning_rate"": 0.06, ""max_depth"": -1, ""min_child_samples"": 30, ""min_child_weight"": 0.001, ""min_split_gain"": 0.0, ""n_estimators"": 250, ""n_jobs"": 8, ""num_leaves"": 31, ""objective"": null, ""random_state"": 20260809, ""reg_alpha"": 0.0, ""reg_lambda"": 1.0, ""subsample"": 0.85, ""subsample_for_bin"": 200000, ""subsample_freq"": 0, ""verbosity"": -1}",20260809,balanced_sample_weight,class_weight_balanced,0.273122,0.6338467036539689,completed,,0.7861688077800456,0.6555561959876964,0.44817970565453136,0.6577855454671525,0.3157238281455581,0.7449798883465301,0.4640937861239633,0.5776113170965341,0.19615337067071462,0.43966565349544073,0.8714467384799521,0.4570300157977883,0.8633736011265101,0.8714467384799521,0.18999879937567535,0.8100012006243247,2,False,69897,10311,11061,8679,Not a retained final versioned equal-60k experiment,HMDA_pipeline_review/project/new new project/reports/EXPERIMENT_RESULTS.csv,ml_lightgbm_original_weighted_s20260809_n60000,classification_v1_history,screening,superseded,screening,66dc8cda55a4fbdda11b8784619f14033df176deb07780db7243676dbc36ed8b,denial,"target_denied = 1 - loan_approved; favorable actions 1/2/8, denial actions 3/7",AP/MCC/accuracy/recall dimensionless; count fields rows; runtime seconds
ml_catboost_original_weighted_s20260809_n60000,2026-08-08T22:01:55.606480+00:00,not-a-git-repository,original_weighted,60000,unavailable,primary_financial_v1,catboost,"{""allow_writing_files"": false, ""depth"": 7, ""eval_metric"": ""AUC"", ""iterations"": 250, ""learning_rate"": 0.08, ""loss_function"": ""Logloss"", ""random_seed"": 20260809, ""thread_count"": 8, ""verbose"": false}",20260809,balanced_sample_weight,class_weight_balanced,1.517849,0.6334960736213098,completed,,0.787309400888462,0.6573552911366617,0.45112316034082106,0.6596109454211458,0.31937535230390374,0.7458057369608017,0.46514453532990974,0.579276463518755,0.19669109668908635,0.4425531914893617,0.8721573907839617,0.46003159557661927,0.8640776699029126,0.8721573907839617,0.18999879937567535,0.8100012006243247,2,False,69954,10254,11004,8736,Not a retained final versioned equal-60k experiment,HMDA_pipeline_review/project/new new project/reports/EXPERIMENT_RESULTS.csv,ml_catboost_original_weighted_s20260809_n60000,classification_v1_history,screening,superseded,screening,66dc8cda55a4fbdda11b8784619f14033df176deb07780db7243676dbc36ed8b,denial,"target_denied = 1 - loan_approved; favorable actions 1/2/8, denial actions 3/7",AP/MCC/accuracy/recall dimensionless; count fields rows; runtime seconds
ml_bagging_original_weighted_s20260809_n60000,2026-08-08T22:02:04.955564+00:00,not-a-git-repository,original_weighted,60000,unavailable,primary_financial_v1,bagging,"{""bootstrap"": true, ""bootstrap_features"": false, ""estimator"": ""DecisionTreeClassifier(max_depth=10, min_samples_leaf=5, random_state=20260809)"", ""max_features"": 0.9, ""max_samples"": 0.8, ""n_estimators"": 80, ""n_jobs"": 8, ""oob_score"": false, ""random_state"": 20260809, ""verbose"": 0, ""warm_start"": false}",20260809,balanced_sample_weight,class_weight_balanced,8.663768,0.5801022863373676,completed,,0.7775643334533958,0.6563056910694808,0.44737757892120306,0.6540684570166247,0.3082814623787277,0.7402889490238248,0.45232521558475947,0.5642223940550639,0.18951804482111484,0.45587639311043565,0.8567349890285259,0.4391898487066862,0.8648216667925194,0.8567349890285259,0.20500660343378557,0.7949933965662144,2,False,68717,11491,10741,8999,Not a retained final versioned equal-60k experiment,HMDA_pipeline_review/project/new new project/reports/EXPERIMENT_RESULTS.csv,ml_bagging_original_weighted_s20260809_n60000,classification_v1_history,screening,superseded,screening,66dc8cda55a4fbdda11b8784619f14033df176deb07780db7243676dbc36ed8b,denial,"target_denied = 1 - loan_approved; favorable actions 1/2/8, denial actions 3/7",AP/MCC/accuracy/recall dimensionless; count fields rows; runtime seconds
ml_stacking_original_weighted_s20260809_n60000,2026-08-08T22:02:20.917574+00:00,not-a-git-repository,original_weighted,60000,unavailable,primary_financial_v1,stacking,"{""cv"": 3, ""estimators"": [[""lr"", ""LogisticRegression(C=0.8, max_iter=300, random_state=20260809,\n                   solver='liblinear')""], [""extra"", ""ExtraTreesClassifier(min_samples_leaf=4, n_jobs=8, random_state=20260809)""], [""lgbm"", ""LGBMClassifier(learning_rate=0.07, n_estimators=140, n_jobs=8, num_leaves=25,\n               random_state=20260809, verbosity=-1)""]], ""final_estimator"": ""LogisticRegression(max_iter=300, random_state=20260809, solver='liblinear')"", ""n_jobs"": 8, ""passthrough"": false, ""stack_method"": ""predict_proba"", ""verbose"": 0}",20260809,balanced_sample_weight,class_weight_balanced,15.540016,0.6216006764217736,completed,,0.7673190058830592,0.6687695350750662,0.4620153604145461,0.6567870352765917,0.3169321534293179,0.7460422863195005,0.4607704747544599,0.5978896133218575,0.20499073416613872,0.5058763931104356,0.8316626770396968,0.4251532697547684,0.8724300287732147,0.8316626770396968,0.2350022011445952,0.7649977988554049,2,False,66706,13502,9754,9986,Not a retained final versioned equal-60k experiment,HMDA_pipeline_review/project/new new project/reports/EXPERIMENT_RESULTS.csv,ml_stacking_original_weighted_s20260809_n60000,classification_v1_history,screening,superseded,screening,66dc8cda55a4fbdda11b8784619f14033df176deb07780db7243676dbc36ed8b,denial,"target_denied = 1 - loan_approved; favorable actions 1/2/8, denial actions 3/7",AP/MCC/accuracy/recall dimensionless; count fields rows; runtime seconds
ml_dummy_oversampled_s20260809_n60000,2026-08-08T22:02:21.360735+00:00,not-a-git-repository,oversampled,60000,unavailable,primary_financial_v1,dummy,"{""constant"": null, ""random_state"": 20260809, ""strategy"": ""stratified""}",20260809,none,RandomOverSampler,0.001359,0.5,completed,,0.5014707647976948,0.5015465185654078,0.2844341045194089,0.4509616689198459,0.0024627708776001874,0.5015465185654078,0.19799537112767707,8.035341948147533,0.4985292352023052,0.5016717325227964,0.5014213046080191,0.1984847573807949,0.8034761762061732,0.5014213046080191,0.49918957858086205,0.500810421419138,2,False,40218,39990,9837,9903,Not a retained final versioned equal-60k experiment,HMDA_pipeline_review/project/new new project/reports/EXPERIMENT_RESULTS.csv,ml_dummy_oversampled_s20260809_n60000,classification_v1_history,screening,superseded,screening,66dc8cda55a4fbdda11b8784619f14033df176deb07780db7243676dbc36ed8b,denial,"target_denied = 1 - loan_approved; favorable actions 1/2/8, denial actions 3/7",AP/MCC/accuracy/recall dimensionless; count fields rows; runtime seconds
ml_logistic_regression_oversampled_s20260809_n60000,2026-08-08T22:02:25.433705+00:00,not-a-git-repository,oversampled,60000,unavailable,primary_financial_v1,logistic_regression,"{""C"": 1.0, ""class_weight"": null, ""dual"": false, ""fit_intercept"": true, ""intercept_scaling"": 1, ""l1_ratio"": null, ""max_iter"": 500, ""multi_class"": ""deprecated"", ""n_jobs"": 8, ""penalty"": ""l2"", ""random_state"": 20260809, ""solver"": ""saga"", ""tol"": 0.001, ""verbose"": 0, ""warm_start"": false}",20260809,none,RandomOverSampler,3.90375,0.5697560474411462,completed,,0.7392344018889823,0.6483305753066344,0.4300303977956131,0.6304878295823151,0.2692549115845169,0.7161529425090508,0.3916712236757117,0.6176564904843045,0.21327939273432694,0.4980749746707194,0.7985861759425493,0.37834301766267747,0.8660375062532957,0.7985861759425493,0.26000520270540683,0.7399947972945932,2,False,64053,16155,9908,9832,Not a retained final versioned equal-60k experiment,HMDA_pipeline_review/project/new new project/reports/EXPERIMENT_RESULTS.csv,ml_logistic_regression_oversampled_s20260809_n60000,classification_v1_history,screening,superseded,screening,66dc8cda55a4fbdda11b8784619f14033df176deb07780db7243676dbc36ed8b,denial,"target_denied = 1 - loan_approved; favorable actions 1/2/8, denial actions 3/7",AP/MCC/accuracy/recall dimensionless; count fields rows; runtime seconds
ml_random_forest_oversampled_s20260809_n60000,2026-08-08T22:02:37.168640+00:00,not-a-git-repository,oversampled,60000,unavailable,primary_financial_v1,random_forest,"{""bootstrap"": true, ""ccp_alpha"": 0.0, ""class_weight"": null, ""criterion"": ""gini"", ""max_depth"": null, ""max_features"": ""sqrt"", ""max_leaf_nodes"": null, ""max_samples"": null, ""min_impurity_decrease"": 0.0, ""min_samples_leaf"": 3, ""min_samples_split"": 2, ""min_weight_fraction_leaf"": 0.0, ""monotonic_cst"": null, ""n_estimators"": 180, ""n_jobs"": 8, ""oob_score"": false, ""random_state"": 20260809, ""verbose"": 0, ""warm_start"": false}",20260809,none,RandomOverSampler,11.074795,0.6100867479093414,completed,,0.7736322887901709,0.6548678716492136,0.4444990056225294,0.6511763532262377,0.302745049205427,0.7354774707720414,0.4448051388250607,0.5796050772122164,0.19706925032130923,0.4585612968591692,0.8511744464392579,0.431273524226976,0.864638609911473,0.8511744464392579,0.20999919958378357,0.7900008004162165,2,False,68271,11937,10688,9052,Not a retained final versioned equal-60k experiment,HMDA_pipeline_review/project/new new project/reports/EXPERIMENT_RESULTS.csv,ml_random_forest_oversampled_s20260809_n60000,classification_v1_history,screening,superseded,screening,66dc8cda55a4fbdda11b8784619f14033df176deb07780db7243676dbc36ed8b,denial,"target_denied = 1 - loan_approved; favorable actions 1/2/8, denial actions 3/7",AP/MCC/accuracy/recall dimensionless; count fields rows; runtime seconds
ml_extra_trees_oversampled_s20260809_n60000,2026-08-08T22:02:43.652362+00:00,not-a-git-repository,oversampled,60000,unavailable,primary_financial_v1,extra_trees,"{""bootstrap"": false, ""ccp_alpha"": 0.0, ""class_weight"": null, ""criterion"": ""gini"", ""max_depth"": null, ""max_features"": ""sqrt"", ""max_leaf_nodes"": null, ""max_samples"": null, ""min_impurity_decrease"": 0.0, ""min_samples_leaf"": 3, ""min_samples_split"": 2, ""min_weight_fraction_leaf"": 0.0, ""monotonic_cst"": null, ""n_estimators"": 180, ""n_jobs"": 8, ""oob_score"": false, ""random_state"": 20260809, ""verbose"": 0, ""warm_start"": false}",20260809,none,RandomOverSampler,5.962115,0.5982806446316136,completed,,0.7729919558170248,0.6586317254469686,0.4496834752237503,0.653342938239605,0.30744892181716504,0.7392402227612463,0.443744898231336,0.5933046994623038,0.20275656263242356,0.4696048632218845,0.8476585876720527,0.43138349853413377,0.8665545061751998,0.8476585876720527,0.21500180093648696,0.7849981990635131,2,False,67989,12219,10470,9270,Not a retained final versioned equal-60k experiment,HMDA_pipeline_review/project/new new project/reports/EXPERIMENT_RESULTS.csv,ml_extra_trees_oversampled_s20260809_n60000,classification_v1_history,screening,superseded,screening,66dc8cda55a4fbdda11b8784619f14033df176deb07780db7243676dbc36ed8b,denial,"target_denied = 1 - loan_approved; favorable actions 1/2/8, denial actions 3/7",AP/MCC/accuracy/recall dimensionless; count fields rows; runtime seconds
ml_xgboost_oversampled_s20260809_n60000,2026-08-08T22:02:44.335340+00:00,not-a-git-repository,oversampled,60000,unavailable,primary_financial_v1,xgboost,"{""base_score"": null, ""booster"": null, ""callbacks"": null, ""colsample_bylevel"": null, ""colsample_bynode"": null, ""colsample_bytree"": 0.85, ""device"": null, ""early_stopping_rounds"": null, ""enable_categorical"": false, ""eval_metric"": ""logloss"", ""feature_types"": null, ""feature_weights"": null, ""gamma"": null, ""grow_policy"": null, ""importance_type"": null, ""interaction_constraints"": null, ""learning_rate"": 0.08, ""max_bin"": null, ""max_cat_threshold"": null, ""max_cat_to_onehot"": null, ""max_delta_step"": null, ""max_depth"": 6, ""max_leaves"": null, ""min_child_weight"": 3, ""missing"": NaN, ""monotone_constraints"": null, ""multi_strategy"": null, ""n_estimators"": 250, ""n_jobs"": 8, ""num_parallel_tree"": null, ""objective"": ""binary:logistic"", ""random_state"": 20260809, ""reg_alpha"": null, ""reg_lambda"": 1.0, ""sampling_method"": null, ""scale_pos_weight"": null, ""subsample"": 0.85, ""tree_method"": ""hist"", ""validate_parameters"": null, ""verbosity"": null}",20260809,none,RandomOverSampler,0.414863,0.5929646390676498,completed,,0.7636370912874695,0.6725096739359125,0.4658587320249616,0.6570499302903028,0.319367566461697,0.7463021719769735,0.4631438992417108,0.5850295720702756,0.19864686622530336,0.5218844984802432,0.8231348493915819,0.4206958510290755,0.8749271137026239,0.8231348493915819,0.245007403850002,0.754992596149998,2,False,66022,14186,9438,10302,Not a retained final versioned equal-60k experiment,HMDA_pipeline_review/project/new new project/reports/EXPERIMENT_RESULTS.csv,ml_xgboost_oversampled_s20260809_n60000,classification_v1_history,screening,superseded,screening,66dc8cda55a4fbdda11b8784619f14033df176deb07780db7243676dbc36ed8b,denial,"target_denied = 1 - loan_approved; favorable actions 1/2/8, denial actions 3/7",AP/MCC/accuracy/recall dimensionless; count fields rows; runtime seconds
ml_lightgbm_oversampled_s20260809_n60000,2026-08-08T22:02:44.990853+00:00,not-a-git-repository,oversampled,60000,unavailable,primary_financial_v1,lightgbm,"{""boosting_type"": ""gbdt"", ""class_weight"": null, ""colsample_bytree"": 0.85, ""importance_type"": ""split"", ""learning_rate"": 0.06, ""max_depth"": -1, ""min_child_samples"": 30, ""min_child_weight"": 0.001, ""min_split_gain"": 0.0, ""n_estimators"": 250, ""n_jobs"": 8, ""num_leaves"": 31, ""objective"": null, ""random_state"": 20260809, ""reg_alpha"": 0.0, ""reg_lambda"": 1.0, ""subsample"": 0.85, ""subsample_for_bin"": 200000, ""subsample_freq"": 0, ""verbosity"": -1}",20260809,none,RandomOverSampler,0.315292,0.6476445786723268,completed,,0.789400488253892,0.6558893078603534,0.449425858596427,0.6596122581572739,0.3196570868993045,0.7466850281845722,0.4642817932173845,0.5861352367575767,0.1995219002871673,0.4352077001013171,0.8765709156193896,0.4646044021415824,0.8631302404949851,0.8765709156193896,0.18500620322567735,0.8149937967743226,2,False,70308,9900,11149,8591,Not a retained final versioned equal-60k experiment,HMDA_pipeline_review/project/new new project/reports/EXPERIMENT_RESULTS.csv,ml_lightgbm_oversampled_s20260809_n60000,classification_v1_history,screening,superseded,screening,66dc8cda55a4fbdda11b8784619f14033df176deb07780db7243676dbc36ed8b,denial,"target_denied = 1 - loan_approved; favorable actions 1/2/8, denial actions 3/7",AP/MCC/accuracy/recall dimensionless; count fields rows; runtime seconds
ml_catboost_oversampled_s20260809_n60000,2026-08-08T22:02:46.874914+00:00,not-a-git-repository,oversampled,60000,unavailable,primary_financial_v1,catboost,"{""allow_writing_files"": false, ""depth"": 7, ""eval_metric"": ""AUC"", ""iterations"": 250, ""learning_rate"": 0.08, ""loss_function"": ""Logloss"", ""random_seed"": 20260809, ""thread_count"": 8, ""verbose"": false}",20260809,none,RandomOverSampler,1.674763,0.6266524553908163,completed,,0.7826069556169208,0.6642595854122746,0.45990554312701964,0.6619107338096988,0.3239689153615651,0.7480795079071011,0.46626605385714825,0.5858268456667891,0.19924769603806347,0.4686423505572442,0.859876820267305,0.45148853099072717,0.8679931536157467,0.859876820267305,0.20500660343378557,0.7949933965662144,2,False,68969,11239,10489,9251,Not a retained final versioned equal-60k experiment,HMDA_pipeline_review/project/new new project/reports/EXPERIMENT_RESULTS.csv,ml_catboost_oversampled_s20260809_n60000,classification_v1_history,screening,superseded,screening,66dc8cda55a4fbdda11b8784619f14033df176deb07780db7243676dbc36ed8b,denial,"target_denied = 1 - loan_approved; favorable actions 1/2/8, denial actions 3/7",AP/MCC/accuracy/recall dimensionless; count fields rows; runtime seconds
ml_bagging_oversampled_s20260809_n60000,2026-08-08T22:02:54.086537+00:00,not-a-git-repository,oversampled,60000,unavailable,primary_financial_v1,bagging,"{""bootstrap"": true, ""bootstrap_features"": false, ""estimator"": ""DecisionTreeClassifier(max_depth=10, min_samples_leaf=5, random_state=20260809)"", ""max_features"": 0.9, ""max_samples"": 0.8, ""n_estimators"": 80, ""n_jobs"": 8, ""oob_score"": false, ""random_state"": 20260809, ""verbose"": 0, ""warm_start"": false}",20260809,none,RandomOverSampler,6.514046,0.6109016409146946,completed,,0.7753731940609117,0.6623877311088434,0.45545611098983724,0.6569792545470214,0.31472854944416606,0.7442940521563893,0.4561961593479231,0.5882989740888347,0.19983130012174388,0.4756332320162107,0.8491422302014762,0.43692121550560753,0.8680712219120814,0.8491422302014762,0.21500180093648696,0.7849981990635131,2,False,68108,12100,10351,9389,Not a retained final versioned equal-60k experiment,HMDA_pipeline_review/project/new new project/reports/EXPERIMENT_RESULTS.csv,ml_bagging_oversampled_s20260809_n60000,classification_v1_history,screening,superseded,screening,66dc8cda55a4fbdda11b8784619f14033df176deb07780db7243676dbc36ed8b,denial,"target_denied = 1 - loan_approved; favorable actions 1/2/8, denial actions 3/7",AP/MCC/accuracy/recall dimensionless; count fields rows; runtime seconds
ml_stacking_oversampled_s20260809_n60000,2026-08-08T22:03:09.522174+00:00,not-a-git-repository,oversampled,60000,unavailable,primary_financial_v1,stacking,"{""cv"": 3, ""estimators"": [[""lr"", ""LogisticRegression(C=0.8, max_iter=300, random_state=20260809,\n                   solver='liblinear')""], [""extra"", ""ExtraTreesClassifier(min_samples_leaf=4, n_jobs=8, random_state=20260809)""], [""lgbm"", ""LGBMClassifier(learning_rate=0.07, n_estimators=140, n_jobs=8, num_leaves=25,\n               random_state=20260809, verbosity=-1)""]], ""final_estimator"": ""LogisticRegression(max_iter=300, random_state=20260809, solver='liblinear')"", ""n_jobs"": 8, ""passthrough"": false, ""stack_method"": ""predict_proba"", ""verbose"": 0}",20260809,none,RandomOverSampler,15.014614,0.6137697566005352,completed,,0.7665786208828591,0.672375573508877,0.4664745700695207,0.6585420849937789,0.32136504711251623,0.7471272851048267,0.46170483462819034,0.5875795512923874,0.2005098237657016,0.5166666666666667,0.8280844803510872,0.4251709187927297,0.8743944181147972,0.8280844803510872,0.2400048024972986,0.7599951975027014,2,False,66419,13789,9541,10199,Oversampled clones crossed ordinary Stacking CV folds; replaced by group-disjoint CV,HMDA_pipeline_review/project/new new project/reports/EXPERIMENT_RESULTS.csv,ml_stacking_oversampled_s20260809_n60000,classification_v1_history,screening,invalid,screening,66dc8cda55a4fbdda11b8784619f14033df176deb07780db7243676dbc36ed8b,denial,"target_denied = 1 - loan_approved; favorable actions 1/2/8, denial actions 3/7",AP/MCC/accuracy/recall dimensionless; count fields rows; runtime seconds
ml_dummy_undersampled_s20260809_n60000,2026-08-08T22:03:09.865976+00:00,not-a-git-repository,undersampled,60000,unavailable,primary_financial_v1,dummy,"{""constant"": null, ""random_state"": 20260809, ""strategy"": ""stratified""}",20260809,none,RandomUnderSampler,0.001135,0.5,completed,,0.5014707647976948,0.5015465185654078,0.2844341045194089,0.4509616689198459,0.0024627708776001874,0.5015465185654078,0.19799537112767707,8.035341948147533,0.4985292352023052,0.5016717325227964,0.5014213046080191,0.1984847573807949,0.8034761762061732,0.5014213046080191,0.49918957858086205,0.500810421419138,2,False,40218,39990,9837,9903,Not a retained final versioned equal-60k experiment,HMDA_pipeline_review/project/new new project/reports/EXPERIMENT_RESULTS.csv,ml_dummy_undersampled_s20260809_n60000,classification_v1_history,screening,superseded,screening,66dc8cda55a4fbdda11b8784619f14033df176deb07780db7243676dbc36ed8b,denial,"target_denied = 1 - loan_approved; favorable actions 1/2/8, denial actions 3/7",AP/MCC/accuracy/recall dimensionless; count fields rows; runtime seconds
ml_logistic_regression_undersampled_s20260809_n60000,2026-08-08T22:03:13.762487+00:00,not-a-git-repository,undersampled,60000,unavailable,primary_financial_v1,logistic_regression,"{""C"": 1.0, ""class_weight"": null, ""dual"": false, ""fit_intercept"": true, ""intercept_scaling"": 1, ""l1_ratio"": null, ""max_iter"": 500, ""multi_class"": ""deprecated"", ""n_jobs"": 8, ""penalty"": ""l2"", ""random_state"": 20260809, ""solver"": ""saga"", ""tol"": 0.001, ""verbose"": 0, ""warm_start"": false}",20260809,none,RandomUnderSampler,3.722672,0.5579531662300508,completed,,0.7236863168847801,0.6524302050231707,0.43320677270395075,0.6252598085493545,0.2674735311606936,0.7147302572455486,0.3910454131441101,0.618743526439883,0.21412108763752613,0.5346504559270516,0.7702099541192898,0.3641193720890116,0.870552259628257,0.7702099541192898,0.29000080041621645,0.7099991995837835,2,False,61777,18431,9186,10554,Not a retained final versioned equal-60k experiment,HMDA_pipeline_review/project/new new project/reports/EXPERIMENT_RESULTS.csv,ml_logistic_regression_undersampled_s20260809_n60000,classification_v1_history,screening,superseded,screening,66dc8cda55a4fbdda11b8784619f14033df176deb07780db7243676dbc36ed8b,denial,"target_denied = 1 - loan_approved; favorable actions 1/2/8, denial actions 3/7",AP/MCC/accuracy/recall dimensionless; count fields rows; runtime seconds
ml_random_forest_undersampled_s20260809_n60000,2026-08-08T22:03:25.377015+00:00,not-a-git-repository,undersampled,60000,unavailable,primary_financial_v1,random_forest,"{""bootstrap"": true, ""ccp_alpha"": 0.0, ""class_weight"": null, ""criterion"": ""gini"", ""max_depth"": null, ""max_features"": ""sqrt"", ""max_leaf_nodes"": null, ""max_samples"": null, ""min_impurity_decrease"": 0.0, ""min_samples_leaf"": 3, ""min_samples_split"": 2, ""min_weight_fraction_leaf"": 0.0, ""monotonic_cst"": null, ""n_estimators"": 180, ""n_jobs"": 8, ""oob_score"": false, ""random_state"": 20260809, ""verbose"": 0, ""warm_start"": false}",20260809,none,RandomUnderSampler,10.91872,0.6310993510697996,completed,,0.7750530275743387,0.657108849817223,0.4479854649021582,0.6533656552302984,0.3071258483893856,0.7384776695586409,0.4477040624490909,0.5972978250624815,0.20458010114432432,0.4621580547112462,0.8520596449231996,0.4346562485111249,0.8655378107625477,0.8520596449231996,0.20999919958378357,0.7900008004162165,2,False,68342,11866,10617,9123,Not a retained final versioned equal-60k experiment,HMDA_pipeline_review/project/new new project/reports/EXPERIMENT_RESULTS.csv,ml_random_forest_undersampled_s20260809_n60000,classification_v1_history,screening,superseded,screening,66dc8cda55a4fbdda11b8784619f14033df176deb07780db7243676dbc36ed8b,denial,"target_denied = 1 - loan_approved; favorable actions 1/2/8, denial actions 3/7",AP/MCC/accuracy/recall dimensionless; count fields rows; runtime seconds
ml_extra_trees_undersampled_s20260809_n60000,2026-08-08T22:03:31.303039+00:00,not-a-git-repository,undersampled,60000,unavailable,primary_financial_v1,extra_trees,"{""bootstrap"": false, ""ccp_alpha"": 0.0, ""class_weight"": null, ""criterion"": ""gini"", ""max_depth"": null, ""max_features"": ""sqrt"", ""max_leaf_nodes"": null, ""max_samples"": null, ""min_impurity_decrease"": 0.0, ""min_samples_leaf"": 3, ""min_samples_split"": 2, ""min_weight_fraction_leaf"": 0.0, ""monotonic_cst"": null, ""n_estimators"": 180, ""n_jobs"": 8, ""oob_score"": false, ""random_state"": 20260809, ""verbose"": 0, ""warm_start"": false}",20260809,none,RandomUnderSampler,5.415308,0.5817910015993334,completed,,0.757083683515428,0.6669370919803042,0.45717351935072775,0.650352705192832,0.30696616831570117,0.7397045452214313,0.44282719916964924,0.5993494053195239,0.20554615055714962,0.5179331306990882,0.81594105326152,0.409172769840317,0.8730539880737984,0.81594105326152,0.25,0.75,2,False,65445,14763,9516,10224,Not a retained final versioned equal-60k experiment,HMDA_pipeline_review/project/new new project/reports/EXPERIMENT_RESULTS.csv,ml_extra_trees_undersampled_s20260809_n60000,classification_v1_history,screening,superseded,screening,66dc8cda55a4fbdda11b8784619f14033df176deb07780db7243676dbc36ed8b,denial,"target_denied = 1 - loan_approved; favorable actions 1/2/8, denial actions 3/7",AP/MCC/accuracy/recall dimensionless; count fields rows; runtime seconds
ml_xgboost_undersampled_s20260809_n60000,2026-08-08T22:03:31.950934+00:00,not-a-git-repository,undersampled,60000,unavailable,primary_financial_v1,xgboost,"{""base_score"": null, ""booster"": null, ""callbacks"": null, ""colsample_bylevel"": null, ""colsample_bynode"": null, ""colsample_bytree"": 0.85, ""device"": null, ""early_stopping_rounds"": null, ""enable_categorical"": false, ""eval_metric"": ""logloss"", ""feature_types"": null, ""feature_weights"": null, ""gamma"": null, ""grow_policy"": null, ""importance_type"": null, ""interaction_constraints"": null, ""learning_rate"": 0.08, ""max_bin"": null, ""max_cat_threshold"": null, ""max_cat_to_onehot"": null, ""max_delta_step"": null, ""max_depth"": 6, ""max_leaves"": null, ""min_child_weight"": 3, ""missing"": NaN, ""monotone_constraints"": null, ""multi_strategy"": null, ""n_estimators"": 250, ""n_jobs"": 8, ""num_parallel_tree"": null, ""objective"": ""binary:logistic"", ""random_state"": 20260809, ""reg_alpha"": null, ""reg_lambda"": 1.0, ""sampling_method"": null, ""scale_pos_weight"": null, ""subsample"": 0.85, ""tree_method"": ""hist"", ""validate_parameters"": null, ""verbosity"": null}",20260809,none,RandomUnderSampler,0.3951,0.620623505115509,completed,,0.774692840276944,0.6660884587610207,0.46035131443360733,0.658988241384171,0.31923904210607484,0.746583342845077,0.4636996321985568,0.589933525249701,0.20085678952707683,0.4865754812563323,0.8456014362657092,0.436809313747783,0.8699957670057338,0.8456014362657092,0.22000440228919038,0.7799955977108096,2,False,67824,12384,10135,9605,Not a retained final versioned equal-60k experiment,HMDA_pipeline_review/project/new new project/reports/EXPERIMENT_RESULTS.csv,ml_xgboost_undersampled_s20260809_n60000,classification_v1_history,screening,superseded,screening,66dc8cda55a4fbdda11b8784619f14033df176deb07780db7243676dbc36ed8b,denial,"target_denied = 1 - loan_approved; favorable actions 1/2/8, denial actions 3/7",AP/MCC/accuracy/recall dimensionless; count fields rows; runtime seconds
ml_lightgbm_undersampled_s20260809_n60000,2026-08-08T22:03:32.569000+00:00,not-a-git-repository,undersampled,60000,unavailable,primary_financial_v1,lightgbm,"{""boosting_type"": ""gbdt"", ""class_weight"": null, ""colsample_bytree"": 0.85, ""importance_type"": ""split"", ""learning_rate"": 0.06, ""max_depth"": -1, ""min_child_samples"": 30, ""min_child_weight"": 0.001, ""min_split_gain"": 0.0, ""n_estimators"": 250, ""n_jobs"": 8, ""num_leaves"": 31, ""objective"": null, ""random_state"": 20260809, ""reg_alpha"": 0.0, ""reg_lambda"": 1.0, ""subsample"": 0.85, ""subsample_for_bin"": 200000, ""subsample_freq"": 0, ""verbosity"": -1}",20260809,none,RandomUnderSampler,0.295466,0.6375748509838898,completed,,0.7830071637251371,0.6601169747410532,0.4541152781273597,0.659352882748357,0.31872228555313176,0.7466729941867457,0.46483864740404934,0.5892235132134437,0.2008841728352089,0.45699088145896655,0.8632430680231399,0.45127563781890945,0.8659421196127968,0.8632430680231399,0.20000400208108216,0.7999959979189178,2,False,69239,10969,10719,9021,Not a retained final versioned equal-60k experiment,HMDA_pipeline_review/project/new new project/reports/EXPERIMENT_RESULTS.csv,ml_lightgbm_undersampled_s20260809_n60000,classification_v1_history,screening,superseded,screening,66dc8cda55a4fbdda11b8784619f14033df176deb07780db7243676dbc36ed8b,denial,"target_denied = 1 - loan_approved; favorable actions 1/2/8, denial actions 3/7",AP/MCC/accuracy/recall dimensionless; count fields rows; runtime seconds
ml_catboost_undersampled_s20260809_n60000,2026-08-08T22:03:34.413676+00:00,not-a-git-repository,undersampled,60000,unavailable,primary_financial_v1,catboost,"{""allow_writing_files"": false, ""depth"": 7, ""eval_metric"": ""AUC"", ""iterations"": 250, ""learning_rate"": 0.08, ""loss_function"": ""Logloss"", ""random_seed"": 20260809, ""thread_count"": 8, ""verbose"": false}",20260809,none,RandomUnderSampler,1.629124,0.6103446425945014,completed,,0.7723416176411734,0.6719179942180726,0.46746863883167944,0.661346810508174,0.3252749548677871,0.7489891353403139,0.4678747158010483,0.587682579798664,0.200228105251789,0.5059270516717326,0.8379089367644126,0.4344440577692709,0.8732718295218295,0.8379089367644126,0.22999959979189177,0.7700004002081082,2,False,67207,13001,9753,9987,Not a retained final versioned equal-60k experiment,HMDA_pipeline_review/project/new new project/reports/EXPERIMENT_RESULTS.csv,ml_catboost_undersampled_s20260809_n60000,classification_v1_history,screening,superseded,screening,66dc8cda55a4fbdda11b8784619f14033df176deb07780db7243676dbc36ed8b,denial,"target_denied = 1 - loan_approved; favorable actions 1/2/8, denial actions 3/7",AP/MCC/accuracy/recall dimensionless; count fields rows; runtime seconds
ml_bagging_undersampled_s20260809_n60000,2026-08-08T22:03:41.654175+00:00,not-a-git-repository,undersampled,60000,unavailable,primary_financial_v1,bagging,"{""bootstrap"": true, ""bootstrap_features"": false, ""estimator"": ""DecisionTreeClassifier(max_depth=10, min_samples_leaf=5, random_state=20260809)"", ""max_features"": 0.9, ""max_samples"": 0.8, ""n_estimators"": 80, ""n_jobs"": 8, ""oob_score"": false, ""random_state"": 20260809, ""verbose"": 0, ""warm_start"": false}",20260809,none,RandomUnderSampler,6.541112,0.6408128060161258,completed,,0.7860487453475807,0.6553668175509633,0.44786986831913245,0.6575933981035742,0.31533945718152173,0.7446289905869865,0.4589787212142973,0.5912845726256378,0.20130926337018235,0.43936170212765957,0.871371932974267,0.4567140600315956,0.8632994886237308,0.871371932974267,0.18999879937567535,0.8100012006243247,2,False,69891,10317,11067,8673,Not a retained final versioned equal-60k experiment,HMDA_pipeline_review/project/new new project/reports/EXPERIMENT_RESULTS.csv,ml_bagging_undersampled_s20260809_n60000,classification_v1_history,screening,superseded,screening,66dc8cda55a4fbdda11b8784619f14033df176deb07780db7243676dbc36ed8b,denial,"target_denied = 1 - loan_approved; favorable actions 1/2/8, denial actions 3/7",AP/MCC/accuracy/recall dimensionless; count fields rows; runtime seconds
ml_stacking_undersampled_s20260809_n60000,2026-08-08T22:03:57.100625+00:00,not-a-git-repository,undersampled,60000,unavailable,primary_financial_v1,stacking,"{""cv"": 3, ""estimators"": [[""lr"", ""LogisticRegression(C=0.8, max_iter=300, random_state=20260809,\n                   solver='liblinear')""], [""extra"", ""ExtraTreesClassifier(min_samples_leaf=4, n_jobs=8, random_state=20260809)""], [""lgbm"", ""LGBMClassifier(learning_rate=0.07, n_estimators=140, n_jobs=8, num_leaves=25,\n               random_state=20260809, verbosity=-1)""]], ""final_estimator"": ""LogisticRegression(max_iter=300, random_state=20260809, solver='liblinear')"", ""n_jobs"": 8, ""passthrough"": false, ""stack_method"": ""predict_proba"", ""verbose"": 0}",20260809,none,RandomUnderSampler,15.023137,0.6617028204557355,completed,,0.7856685476447752,0.6595409912949735,0.4539383125159317,0.6603029045307802,0.3206226236930726,0.747506526407733,0.4648400103328811,0.5911287257941814,0.20215466654200034,0.451063829787234,0.868018152802713,0.4568496664956388,0.8653210370628154,0.868018152802713,0.19500140072837877,0.8049985992716212,2,False,69622,10586,10836,8904,Not a retained final versioned equal-60k experiment,HMDA_pipeline_review/project/new new project/reports/EXPERIMENT_RESULTS.csv,ml_stacking_undersampled_s20260809_n60000,classification_v1_history,screening,superseded,screening,66dc8cda55a4fbdda11b8784619f14033df176deb07780db7243676dbc36ed8b,denial,"target_denied = 1 - loan_approved; favorable actions 1/2/8, denial actions 3/7",AP/MCC/accuracy/recall dimensionless; count fields rows; runtime seconds
dl_mlp_original_weighted_s20260809_n30000,2026-08-08T22:04:30.247693+00:00,not-a-git-repository,original_weighted,30000,unavailable,primary_financial_v1,mlp,"{""batch_size"": 1024, ""best_epoch"": 18, ""device"": ""cuda"", ""dropout"": 0.2, ""hidden_dim"": 128, ""input_dim"": 33, ""max_epochs"": 18, ""patience"": 4, ""positive_weight"": 4.063291139240507}",20260809,weighted_bce_or_tabnet_weights,class_weight_balanced,4.986329,0.6328551888465882,completed,,0.7768539640613119,0.6599495263682208,0.4524049203270397,0.6561408267847416,0.31267897411553036,0.7416721703409028,0.4473750824893715,0.5917267839211933,0.2025899266515809,0.46671732522796355,0.853181727508478,0.4389442088713135,0.8666776428272901,0.853181727508478,0.20999919958378357,0.7900008004162165,2,False,68432,11776,10527,9213,Not a retained final versioned equal-60k experiment,HMDA_pipeline_review/project/new new project/reports/EXPERIMENT_RESULTS.csv,dl_mlp_original_weighted_s20260809_n30000,classification_v1_history,screening,superseded,screening,66dc8cda55a4fbdda11b8784619f14033df176deb07780db7243676dbc36ed8b,denial,"target_denied = 1 - loan_approved; favorable actions 1/2/8, denial actions 3/7",AP/MCC/accuracy/recall dimensionless; count fields rows; runtime seconds
dl_tabnet_original_weighted_s20260809_n30000,2026-08-08T22:04:54.067658+00:00,not-a-git-repository,original_weighted,30000,unavailable,primary_financial_v1,tabnet,"{""batch_size"": 1024, ""device_name"": ""cuda"", ""gamma"": 1.3, ""lambda_sparse"": 0.0001, ""max_epochs"": 25, ""n_a"": 16, ""n_d"": 16, ""n_steps"": 3, ""patience"": 4, ""seed"": 20260809, ""verbose"": 0, ""weights"": {""0"": 1.0, ""1"": 4.063291139240507}}",20260809,weighted_bce_or_tabnet_weights,class_weight_balanced,22.036127,0.5462288349866866,completed,,0.7331512386440949,0.6625856663253049,0.44694660445826856,0.6355494407130897,0.2867780681692806,0.7263599895464297,0.4086647519389379,0.5883525223523962,0.20130923988486873,0.5459473150962513,0.7792240175543587,0.37833947691767594,0.8745784531855646,0.7792240175543587,0.28499819906351304,0.7150018009364869,2,False,62500,17708,8963,10777,Not a retained final versioned equal-60k experiment,HMDA_pipeline_review/project/new new project/reports/EXPERIMENT_RESULTS.csv,dl_tabnet_original_weighted_s20260809_n30000,classification_v1_history,screening,superseded,screening,66dc8cda55a4fbdda11b8784619f14033df176deb07780db7243676dbc36ed8b,denial,"target_denied = 1 - loan_approved; favorable actions 1/2/8, denial actions 3/7",AP/MCC/accuracy/recall dimensionless; count fields rows; runtime seconds
dl_tabular_transformer_original_weighted_s20260809_n30000,2026-08-08T22:05:00.716665+00:00,not-a-git-repository,original_weighted,30000,unavailable,primary_financial_v1,tabular_transformer,"{""batch_size"": 512, ""best_epoch"": 10, ""device"": ""cuda"", ""dropout"": 0.1, ""input_dim"": 33, ""max_epochs"": 10, ""n_heads"": 4, ""n_layers"": 2, ""patience"": 3, ""positive_weight"": 4.063291139240507, ""token_dim"": 16}",20260809,weighted_bce_or_tabnet_weights,class_weight_balanced,6.079395,0.6214674776792527,completed,,0.7830671949413696,0.6506639197054225,0.4401755744900594,0.6528217385747146,0.3057942449079516,0.7381121770200922,0.43294735948756286,0.5982800403192784,0.20402043779707046,0.43181357649442753,0.8695142629164173,0.4488678251711427,0.8614590281380469,0.8695142629164173,0.18999879937567535,0.8100012006243247,2,False,69742,10466,11216,8524,Not a retained final versioned equal-60k experiment,HMDA_pipeline_review/project/new new project/reports/EXPERIMENT_RESULTS.csv,dl_tabular_transformer_original_weighted_s20260809_n30000,classification_v1_history,screening,superseded,screening,66dc8cda55a4fbdda11b8784619f14033df176deb07780db7243676dbc36ed8b,denial,"target_denied = 1 - loan_approved; favorable actions 1/2/8, denial actions 3/7",AP/MCC/accuracy/recall dimensionless; count fields rows; runtime seconds
dl_modern_hopfield_original_weighted_s20260809_n30000,2026-08-08T22:05:05.123282+00:00,not-a-git-repository,original_weighted,30000,unavailable,primary_financial_v1,modern_hopfield,"{""batch_size"": 1024, ""best_epoch"": 16, ""device"": ""cuda"", ""dropout"": 0.15, ""input_dim"": 33, ""max_epochs"": 16, ""memory_patterns"": 32, ""model_dim"": 64, ""patience"": 4, ""positive_weight"": 4.063291139240507}",20260809,weighted_bce_or_tabnet_weights,class_weight_balanced,3.995997,0.6027628242969514,completed,,0.7709508944651219,0.6649600362765018,0.45788439224229793,0.6563429838573271,0.3145358422788565,0.7415142971864843,0.442028273273008,0.5948659998471635,0.20343172245215924,0.4897669706180344,0.8401531019349691,0.4298990617635288,0.8699699195703533,0.8401531019349691,0.22500700364189377,0.7749929963581063,2,False,67387,12821,10072,9668,Not a retained final versioned equal-60k experiment,HMDA_pipeline_review/project/new new project/reports/EXPERIMENT_RESULTS.csv,dl_modern_hopfield_original_weighted_s20260809_n30000,classification_v1_history,screening,superseded,screening,66dc8cda55a4fbdda11b8784619f14033df176deb07780db7243676dbc36ed8b,denial,"target_denied = 1 - loan_approved; favorable actions 1/2/8, denial actions 3/7",AP/MCC/accuracy/recall dimensionless; count fields rows; runtime seconds
dl_mlp_oversampled_s20260809_n30000,2026-08-08T22:05:08.533354+00:00,not-a-git-repository,oversampled,30000,unavailable,primary_financial_v1,mlp,"{""batch_size"": 1024, ""best_epoch"": 7, ""device"": ""cuda"", ""dropout"": 0.2, ""hidden_dim"": 128, ""input_dim"": 33, ""max_epochs"": 18, ""patience"": 4, ""positive_weight"": 1.0}",20260809,none,RandomOverSampler,2.78804,0.5707189378142357,completed,,0.7732120702765438,0.6589789192476461,0.4502170802105314,0.6536790683184417,0.3081218285726021,0.739515527738316,0.4354558689093276,0.5541719182339074,0.18517120226490835,0.47016210739614994,0.8477957310991422,0.43189538833821955,0.8666947067895334,0.8477957310991422,0.21500180093648696,0.7849981990635131,2,False,68000,12208,10459,9281,Not a retained final versioned equal-60k experiment,HMDA_pipeline_review/project/new new project/reports/EXPERIMENT_RESULTS.csv,dl_mlp_oversampled_s20260809_n30000,classification_v1_history,screening,superseded,screening,66dc8cda55a4fbdda11b8784619f14033df176deb07780db7243676dbc36ed8b,denial,"target_denied = 1 - loan_approved; favorable actions 1/2/8, denial actions 3/7",AP/MCC/accuracy/recall dimensionless; count fields rows; runtime seconds
dl_tabnet_oversampled_s20260809_n30000,2026-08-08T22:05:39.003013+00:00,not-a-git-repository,oversampled,30000,unavailable,primary_financial_v1,tabnet,"{""batch_size"": 1024, ""device_name"": ""cuda"", ""gamma"": 1.3, ""lambda_sparse"": 0.0001, ""max_epochs"": 25, ""n_a"": 16, ""n_d"": 16, ""n_steps"": 3, ""patience"": 4, ""seed"": 20260809, ""verbose"": 0, ""weights"": 0}",20260809,none,RandomOverSampler,28.744278,0.5929700613021851,completed,,0.7653279705446833,0.6560908128228309,0.4445760022733193,0.6479065516259821,0.29762454223110574,0.7325903076267155,0.4225449731556377,0.574640179537259,0.1944350453540917,0.475531914893617,0.8366497107520446,0.4174040642091689,0.8663421939348559,0.8366497107520446,0.22500700364189377,0.7749929963581063,2,False,67106,13102,10353,9387,Not a retained final versioned equal-60k experiment,HMDA_pipeline_review/project/new new project/reports/EXPERIMENT_RESULTS.csv,dl_tabnet_oversampled_s20260809_n30000,classification_v1_history,screening,superseded,screening,66dc8cda55a4fbdda11b8784619f14033df176deb07780db7243676dbc36ed8b,denial,"target_denied = 1 - loan_approved; favorable actions 1/2/8, denial actions 3/7",AP/MCC/accuracy/recall dimensionless; count fields rows; runtime seconds
dl_tabular_transformer_oversampled_s20260809_n30000,2026-08-08T22:05:45.532605+00:00,not-a-git-repository,oversampled,30000,unavailable,primary_financial_v1,tabular_transformer,"{""batch_size"": 512, ""best_epoch"": 9, ""device"": ""cuda"", ""dropout"": 0.1, ""input_dim"": 33, ""max_epochs"": 10, ""n_heads"": 4, ""n_layers"": 2, ""patience"": 3, ""positive_weight"": 1.0, ""token_dim"": 16}",20260809,none,RandomOverSampler,5.960439,0.6481973394751549,completed,,0.7738524032496898,0.6599889375768898,0.45176938562662206,0.6546569012750579,0.31007937549750997,0.7398733906710839,0.43651814588130056,0.6006326557391647,0.20413398087138837,0.47178318135764946,0.8481946937961301,0.4333845223137419,0.8671025631221402,0.8481946937961301,0.21500180093648696,0.7849981990635131,2,False,68032,12176,10427,9313,Not a retained final versioned equal-60k experiment,HMDA_pipeline_review/project/new new project/reports/EXPERIMENT_RESULTS.csv,dl_tabular_transformer_oversampled_s20260809_n30000,classification_v1_history,screening,superseded,screening,66dc8cda55a4fbdda11b8784619f14033df176deb07780db7243676dbc36ed8b,denial,"target_denied = 1 - loan_approved; favorable actions 1/2/8, denial actions 3/7",AP/MCC/accuracy/recall dimensionless; count fields rows; runtime seconds
dl_modern_hopfield_oversampled_s20260809_n30000,2026-08-08T22:05:49.827550+00:00,not-a-git-repository,oversampled,30000,unavailable,primary_financial_v1,modern_hopfield,"{""batch_size"": 1024, ""best_epoch"": 15, ""device"": ""cuda"", ""dropout"": 0.15, ""input_dim"": 33, ""max_epochs"": 16, ""memory_patterns"": 32, ""model_dim"": 64, ""patience"": 4, ""positive_weight"": 1.0}",20260809,none,RandomOverSampler,3.871154,0.6155361104011535,completed,,0.7686997238564053,0.6661735149704993,0.4589496348998315,0.6559293120035145,0.31440619597787606,0.7433527287007176,0.44520775052086786,0.5939421062779409,0.20268305100709474,0.49670719351570414,0.8356398364252943,0.42652688359143903,0.8709069646569647,0.8356398364252943,0.22999959979189177,0.7700004002081082,2,False,67025,13183,9935,9805,Not a retained final versioned equal-60k experiment,HMDA_pipeline_review/project/new new project/reports/EXPERIMENT_RESULTS.csv,dl_modern_hopfield_oversampled_s20260809_n30000,classification_v1_history,screening,superseded,screening,66dc8cda55a4fbdda11b8784619f14033df176deb07780db7243676dbc36ed8b,denial,"target_denied = 1 - loan_approved; favorable actions 1/2/8, denial actions 3/7",AP/MCC/accuracy/recall dimensionless; count fields rows; runtime seconds
dl_mlp_undersampled_s20260809_n30000,2026-08-08T22:05:54.733885+00:00,not-a-git-repository,undersampled,30000,unavailable,primary_financial_v1,mlp,"{""batch_size"": 1024, ""best_epoch"": 17, ""device"": ""cuda"", ""dropout"": 0.2, ""hidden_dim"": 128, ""input_dim"": 33, ""max_epochs"": 18, ""patience"": 4, ""positive_weight"": 1.0}",20260809,none,RandomUnderSampler,4.38047,0.5862709784507751,completed,,0.7725317164925761,0.6626796468998234,0.45517505811306286,0.6557172906376451,0.3126869562994729,0.7426353723858999,0.4429415747711172,0.5714591553699975,0.19300877285483597,0.48110435663627155,0.8442549371633752,0.4318977670653509,0.8686104234276992,0.8442549371633752,0.22000440228919038,0.7799955977108096,2,False,67716,12492,10243,9497,Not a retained final versioned equal-60k experiment,HMDA_pipeline_review/project/new new project/reports/EXPERIMENT_RESULTS.csv,dl_mlp_undersampled_s20260809_n30000,classification_v1_history,screening,superseded,screening,66dc8cda55a4fbdda11b8784619f14033df176deb07780db7243676dbc36ed8b,denial,"target_denied = 1 - loan_approved; favorable actions 1/2/8, denial actions 3/7",AP/MCC/accuracy/recall dimensionless; count fields rows; runtime seconds
dl_tabnet_undersampled_s20260809_n30000,2026-08-08T22:06:29.939407+00:00,not-a-git-repository,undersampled,30000,unavailable,primary_financial_v1,tabnet,"{""batch_size"": 1024, ""device_name"": ""cuda"", ""gamma"": 1.3, ""lambda_sparse"": 0.0001, ""max_epochs"": 25, ""n_a"": 16, ""n_d"": 16, ""n_steps"": 3, ""patience"": 4, ""seed"": 20260809, ""verbose"": 0, ""weights"": 0}",20260809,none,RandomUnderSampler,33.433315,0.6252720153331759,completed,,0.7842177932524913,0.6477144720080374,0.43587664460777903,0.651235572791008,0.30289426813836573,0.7360191209921074,0.4340119295792836,0.576959097989183,0.19587117805543947,0.4220871327254306,0.8733418112906444,0.4505975880157915,0.8599506488085739,0.8733418112906444,0.18500620322567735,0.8149937967743226,2,False,70049,10159,11408,8332,Not a retained final versioned equal-60k experiment,HMDA_pipeline_review/project/new new project/reports/EXPERIMENT_RESULTS.csv,dl_tabnet_undersampled_s20260809_n30000,classification_v1_history,screening,superseded,screening,66dc8cda55a4fbdda11b8784619f14033df176deb07780db7243676dbc36ed8b,denial,"target_denied = 1 - loan_approved; favorable actions 1/2/8, denial actions 3/7",AP/MCC/accuracy/recall dimensionless; count fields rows; runtime seconds
dl_tabular_transformer_undersampled_s20260809_n30000,2026-08-08T22:06:36.411157+00:00,not-a-git-repository,undersampled,30000,unavailable,primary_financial_v1,tabular_transformer,"{""batch_size"": 512, ""best_epoch"": 10, ""device"": ""cuda"", ""dropout"": 0.1, ""input_dim"": 33, ""max_epochs"": 10, ""n_heads"": 4, ""n_layers"": 2, ""patience"": 3, ""positive_weight"": 1.0, ""token_dim"": 16}",20260809,none,RandomUnderSampler,5.901892,0.57837411403656,completed,,0.7640973306119182,0.6684617524830577,0.4608031467252104,0.6549123566216595,0.31406839102169504,0.741640236840648,0.44044585380184187,0.5850574638896605,0.19838545337822444,0.5103850050658562,0.8265384999002593,0.4200016675004169,0.8727619799894681,0.8265384999002593,0.2400048024972986,0.7599951975027014,2,False,66295,13913,9665,10075,Not a retained final versioned equal-60k experiment,HMDA_pipeline_review/project/new new project/reports/EXPERIMENT_RESULTS.csv,dl_tabular_transformer_undersampled_s20260809_n30000,classification_v1_history,screening,superseded,screening,66dc8cda55a4fbdda11b8784619f14033df176deb07780db7243676dbc36ed8b,denial,"target_denied = 1 - loan_approved; favorable actions 1/2/8, denial actions 3/7",AP/MCC/accuracy/recall dimensionless; count fields rows; runtime seconds
dl_modern_hopfield_undersampled_s20260809_n30000,2026-08-08T22:06:40.815421+00:00,not-a-git-repository,undersampled,30000,unavailable,primary_financial_v1,modern_hopfield,"{""batch_size"": 1024, ""best_epoch"": 15, ""device"": ""cuda"", ""dropout"": 0.15, ""input_dim"": 33, ""max_epochs"": 16, ""memory_patterns"": 32, ""model_dim"": 64, ""patience"": 4, ""positive_weight"": 1.0}",20260809,none,RandomUnderSampler,4.020885,0.6256604322791101,completed,,0.7805658942650178,0.6610401519878104,0.45483470047228436,0.6587364789172641,0.317619232011369,0.744366581412138,0.44794706071037255,0.5906889893532219,0.2017257444203563,0.4634751773049645,0.8586051266706562,0.44651049292337724,0.8667094565682499,0.8586051266706562,0.20500660343378557,0.7949933965662144,2,False,68867,11341,10591,9149,Not a retained final versioned equal-60k experiment,HMDA_pipeline_review/project/new new project/reports/EXPERIMENT_RESULTS.csv,dl_modern_hopfield_undersampled_s20260809_n30000,classification_v1_history,screening,superseded,screening,66dc8cda55a4fbdda11b8784619f14033df176deb07780db7243676dbc36ed8b,denial,"target_denied = 1 - loan_approved; favorable actions 1/2/8, denial actions 3/7",AP/MCC/accuracy/recall dimensionless; count fields rows; runtime seconds
hybrid_ml_dl_original_weighted_s20260809,2026-08-08T22:07:49.753209+00:00,not-a-git-repository,original_weighted,30000,unavailable,primary_financial_v1_base_probabilities,hybrid_ml_dl,"{""dl_experiment_id"": ""dl_mlp_original_weighted_s20260809_n30000"", ""dl_weight"": 0.07499999999999996, ""experiment_id"": ""hybrid_ml_dl_original_weighted_s20260809"", ""ml_experiment_id"": ""ml_catboost_original_weighted_s20260809_n60000"", ""ml_weight"": 0.925, ""strategy"": ""validation_selected_soft_blend"", ""test_predictions_used_for_fitting"": false, ""threshold"": 0.6342359905827403}",20260809,inherited_from_bases,inherited_from_bases,2.666479,0.6342359905827403,completed,,0.7872693800776404,0.657292164991084,0.4510198812290214,0.659546896299953,0.3192472286492249,0.7462469441786714,0.4652937722264313,0.5795488498677694,0.19685975408448322,0.44245187436676797,0.8721324556154,0.45992627698788835,0.8640529657353195,0.8721324556154,0.18999879937567535,0.8100012006243247,2,False,69952,10256,11006,8734,Not a retained final versioned equal-60k experiment,HMDA_pipeline_review/project/new new project/reports/EXPERIMENT_RESULTS.csv,hybrid_ml_dl_original_weighted_s20260809,classification_v1_history,screening,superseded,screening,66dc8cda55a4fbdda11b8784619f14033df176deb07780db7243676dbc36ed8b,denial,"target_denied = 1 - loan_approved; favorable actions 1/2/8, denial actions 3/7",AP/MCC/accuracy/recall dimensionless; count fields rows; runtime seconds
hybrid_ml_dl_oversampled_s20260809,2026-08-08T22:07:52.605780+00:00,not-a-git-repository,oversampled,30000,unavailable,primary_financial_v1_base_probabilities,hybrid_ml_dl,"{""dl_experiment_id"": ""dl_modern_hopfield_oversampled_s20260809_n30000"", ""dl_weight"": 0.09999999999999998, ""experiment_id"": ""hybrid_ml_dl_oversampled_s20260809"", ""ml_experiment_id"": ""ml_catboost_oversampled_s20260809_n60000"", ""ml_weight"": 0.9, ""strategy"": ""validation_selected_soft_blend"", ""test_predictions_used_for_fitting"": false, ""threshold"": 0.658409241762642}",20260809,inherited_from_bases,inherited_from_bases,2.720505,0.658409241762642,completed,,0.796704286228839,0.6530882130472928,0.4468160409463396,0.6611428287960331,0.324502597992783,0.7483876347155957,0.4665062887369623,0.5858209070665975,0.19930101194417388,0.4157041540020263,0.8904722720925593,0.48296156788888234,0.8609641139385464,0.8904722720925593,0.16999839916756712,0.8300016008324329,2,False,71423,8785,11534,8206,Not a retained final versioned equal-60k experiment,HMDA_pipeline_review/project/new new project/reports/EXPERIMENT_RESULTS.csv,hybrid_ml_dl_oversampled_s20260809,classification_v1_history,screening,superseded,screening,66dc8cda55a4fbdda11b8784619f14033df176deb07780db7243676dbc36ed8b,denial,"target_denied = 1 - loan_approved; favorable actions 1/2/8, denial actions 3/7",AP/MCC/accuracy/recall dimensionless; count fields rows; runtime seconds
hybrid_ml_dl_undersampled_s20260809,2026-08-08T22:07:55.423179+00:00,not-a-git-repository,undersampled,30000,unavailable,primary_financial_v1_base_probabilities,hybrid_ml_dl,"{""dl_experiment_id"": ""dl_modern_hopfield_undersampled_s20260809_n30000"", ""dl_weight"": 0.04999999999999993, ""experiment_id"": ""hybrid_ml_dl_undersampled_s20260809"", ""ml_experiment_id"": ""ml_catboost_undersampled_s20260809_n60000"", ""ml_weight"": 0.9500000000000001, ""strategy"": ""validation_selected_soft_blend"", ""test_predictions_used_for_fitting"": false, ""threshold"": 0.6057572698561797}",20260809,inherited_from_bases,inherited_from_bases,2.683954,0.6057572698561797,completed,,0.7702005042622163,0.6733146175566627,0.4686777088923846,0.6610373506292035,0.3254673596071718,0.7491183368404256,0.46795318927808943,0.5874385224356686,0.20016945719921547,0.5131712259371833,0.833458009176142,0.43128405994550406,0.8743133664661261,0.833458009176142,0.2350022011445952,0.7649977988554049,2,False,66850,13358,9610,10130,Not a retained final versioned equal-60k experiment,HMDA_pipeline_review/project/new new project/reports/EXPERIMENT_RESULTS.csv,hybrid_ml_dl_undersampled_s20260809,classification_v1_history,screening,superseded,screening,66dc8cda55a4fbdda11b8784619f14033df176deb07780db7243676dbc36ed8b,denial,"target_denied = 1 - loan_approved; favorable actions 1/2/8, denial actions 3/7",AP/MCC/accuracy/recall dimensionless; count fields rows; runtime seconds
dl_mlp_original_weighted_s20260809_n60000,2026-08-08T22:20:21.298072+00:00,not-a-git-repository,original_weighted,60000,unavailable,primary_financial_v1,mlp,"{""batch_size"": 1024, ""best_epoch"": 18, ""device"": ""cuda"", ""dropout"": 0.2, ""hidden_dim"": 128, ""input_dim"": 33, ""max_epochs"": 18, ""patience"": 4, ""positive_weight"": 4.063291139240507}",20260809,weighted_bce_or_tabnet_weights,class_weight_balanced,12.339938,0.6135984638333322,completed,,0.7845879857525914,0.6578365853643748,0.4511853173591639,0.6585903059727243,0.31719735287789874,0.7445506529148833,0.45331264990195097,0.5700300791065215,0.19284658927594872,0.44832826747720367,0.867344903251546,0.45407901487942537,0.8646498794402049,0.867344903251546,0.19500140072837877,0.8049985992716212,2,False,69568,10640,10890,8850,Not a retained final versioned equal-60k experiment,HMDA_pipeline_review/project/new new project/reports/EXPERIMENT_RESULTS.csv,dl_mlp_original_weighted_s20260809_n60000,classification_v1_history,screening,superseded,screening,66dc8cda55a4fbdda11b8784619f14033df176deb07780db7243676dbc36ed8b,denial,"target_denied = 1 - loan_approved; favorable actions 1/2/8, denial actions 3/7",AP/MCC/accuracy/recall dimensionless; count fields rows; runtime seconds
dl_tabnet_original_weighted_s20260809_n60000,2026-08-08T22:21:04.861687+00:00,not-a-git-repository,original_weighted,60000,unavailable,primary_financial_v1,tabnet,"{""batch_size"": 1024, ""device_name"": ""cuda"", ""gamma"": 1.3, ""lambda_sparse"": 0.0001, ""max_epochs"": 25, ""n_a"": 16, ""n_d"": 16, ""n_steps"": 3, ""patience"": 4, ""seed"": 20260809, ""verbose"": 0, ""weights"": {""0"": 1.0, ""1"": 4.063291139240507}}",20260809,weighted_bce_or_tabnet_weights,class_weight_balanced,40.614757,0.6476408475637436,completed,,0.7810461439948774,0.6474760493537471,0.4349599793441776,0.6495872579544808,0.2993240003466725,0.7328951703786972,0.4312871019660554,0.6321420621588388,0.21928502586296902,0.4266970618034448,0.8682550369040495,0.4435492364402317,0.8602114676745967,0.8682550369040495,0.18999879937567535,0.8100012006243247,2,False,69641,10567,11317,8423,Not a retained final versioned equal-60k experiment,HMDA_pipeline_review/project/new new project/reports/EXPERIMENT_RESULTS.csv,dl_tabnet_original_weighted_s20260809_n60000,classification_v1_history,screening,superseded,screening,66dc8cda55a4fbdda11b8784619f14033df176deb07780db7243676dbc36ed8b,denial,"target_denied = 1 - loan_approved; favorable actions 1/2/8, denial actions 3/7",AP/MCC/accuracy/recall dimensionless; count fields rows; runtime seconds
dl_tabular_transformer_original_weighted_s20260809_n60000,2026-08-08T22:21:19.888022+00:00,not-a-git-repository,original_weighted,60000,unavailable,primary_financial_v1,tabular_transformer,"{""batch_size"": 512, ""best_epoch"": 10, ""device"": ""cuda"", ""dropout"": 0.1, ""input_dim"": 33, ""max_epochs"": 10, ""n_heads"": 4, ""n_layers"": 2, ""patience"": 3, ""positive_weight"": 4.063291139240507, ""token_dim"": 16}",20260809,weighted_bce_or_tabnet_weights,class_weight_balanced,14.271158,0.6352598407864571,completed,,0.7828670908872614,0.6551221611045325,0.44680091766505226,0.6558628341950795,0.3117422919500292,0.7412473396170969,0.4419785598546825,0.5862664698215645,0.19951862420584215,0.44397163120567373,0.8662726910033912,0.44966649563878913,0.8635809987819733,0.8662726910033912,0.19500140072837877,0.8049985992716212,2,False,69482,10726,10976,8764,Not a retained final versioned equal-60k experiment,HMDA_pipeline_review/project/new new project/reports/EXPERIMENT_RESULTS.csv,dl_tabular_transformer_original_weighted_s20260809_n60000,classification_v1_history,screening,superseded,screening,66dc8cda55a4fbdda11b8784619f14033df176deb07780db7243676dbc36ed8b,denial,"target_denied = 1 - loan_approved; favorable actions 1/2/8, denial actions 3/7",AP/MCC/accuracy/recall dimensionless; count fields rows; runtime seconds
dl_modern_hopfield_original_weighted_s20260809_n60000,2026-08-08T22:21:31.364503+00:00,not-a-git-repository,original_weighted,60000,unavailable,primary_financial_v1,modern_hopfield,"{""batch_size"": 1024, ""best_epoch"": 16, ""device"": ""cuda"", ""dropout"": 0.15, ""input_dim"": 33, ""max_epochs"": 16, ""memory_patterns"": 32, ""model_dim"": 64, ""patience"": 4, ""positive_weight"": 4.063291139240507}",20260809,weighted_bce_or_tabnet_weights,class_weight_balanced,10.945975,0.6340115380287171,completed,,0.7742125905470845,0.665330945014088,0.4592010352512641,0.6582613634404986,0.31778302303794104,0.744501873649282,0.45326398913800925,0.6109579327080744,0.2105765282613225,0.4853596757852077,0.8453022142429683,0.43571785892946474,0.8696879128772816,0.8453022142429683,0.22000440228919038,0.7799955977108096,2,False,67800,12408,10159,9581,Not a retained final versioned equal-60k experiment,HMDA_pipeline_review/project/new new project/reports/EXPERIMENT_RESULTS.csv,dl_modern_hopfield_original_weighted_s20260809_n60000,classification_v1_history,screening,superseded,screening,66dc8cda55a4fbdda11b8784619f14033df176deb07780db7243676dbc36ed8b,denial,"target_denied = 1 - loan_approved; favorable actions 1/2/8, denial actions 3/7",AP/MCC/accuracy/recall dimensionless; count fields rows; runtime seconds
dl_mlp_oversampled_s20260809_n60000,2026-08-08T22:21:45.238139+00:00,not-a-git-repository,oversampled,60000,unavailable,primary_financial_v1,mlp,"{""batch_size"": 1024, ""best_epoch"": 17, ""device"": ""cuda"", ""dropout"": 0.2, ""hidden_dim"": 128, ""input_dim"": 33, ""max_epochs"": 18, ""patience"": 4, ""positive_weight"": 1.0}",20260809,none,RandomOverSampler,12.97957,0.6166431814432145,completed,,0.7725317164925761,0.667453519026822,0.4616258968954984,0.6587147922070646,0.3192902647122099,0.7456496733113964,0.45595967542588656,0.5910972486446359,0.20185036339627518,0.4937689969604863,0.8411380410931578,0.4334118902574592,0.8709898139660982,0.8411380410931578,0.22500700364189377,0.7749929963581063,2,False,67466,12742,9993,9747,Not a retained final versioned equal-60k experiment,HMDA_pipeline_review/project/new new project/reports/EXPERIMENT_RESULTS.csv,dl_mlp_oversampled_s20260809_n60000,classification_v1_history,screening,superseded,screening,66dc8cda55a4fbdda11b8784619f14033df176deb07780db7243676dbc36ed8b,denial,"target_denied = 1 - loan_approved; favorable actions 1/2/8, denial actions 3/7",AP/MCC/accuracy/recall dimensionless; count fields rows; runtime seconds
dl_tabnet_oversampled_s20260809_n60000,2026-08-08T22:22:27.783076+00:00,not-a-git-repository,oversampled,60000,unavailable,primary_financial_v1,tabnet,"{""batch_size"": 1024, ""device_name"": ""cuda"", ""gamma"": 1.3, ""lambda_sparse"": 0.0001, ""max_epochs"": 25, ""n_a"": 16, ""n_d"": 16, ""n_steps"": 3, ""patience"": 4, ""seed"": 20260809, ""verbose"": 0, ""weights"": 0}",20260809,none,RandomOverSampler,40.064155,0.5134512493014335,completed,,0.7369131948613279,0.6685195240096115,0.4547433903576983,0.6406873586873643,0.2972445519741448,0.7328010470648655,0.4229596352087906,0.5482091216044592,0.1836232020718843,0.5554711246200608,0.7815679233991621,0.3849394418114797,0.8772091851727467,0.7815679233991621,0.28499819906351304,0.7150018009364869,2,False,62688,17520,8775,10965,Not a retained final versioned equal-60k experiment,HMDA_pipeline_review/project/new new project/reports/EXPERIMENT_RESULTS.csv,dl_tabnet_oversampled_s20260809_n60000,classification_v1_history,screening,superseded,screening,66dc8cda55a4fbdda11b8784619f14033df176deb07780db7243676dbc36ed8b,denial,"target_denied = 1 - loan_approved; favorable actions 1/2/8, denial actions 3/7",AP/MCC/accuracy/recall dimensionless; count fields rows; runtime seconds
dl_tabular_transformer_oversampled_s20260809_n60000,2026-08-08T22:22:43.567461+00:00,not-a-git-repository,oversampled,60000,unavailable,primary_financial_v1,tabular_transformer,"{""batch_size"": 512, ""best_epoch"": 10, ""device"": ""cuda"", ""dropout"": 0.1, ""input_dim"": 33, ""max_epochs"": 10, ""n_heads"": 4, ""n_layers"": 2, ""patience"": 3, ""positive_weight"": 1.0, ""token_dim"": 16}",20260809,none,RandomOverSampler,14.947505,0.6337041130661965,completed,,0.7842678192660183,0.657331576199753,0.45036961509049195,0.6580828693629298,0.3161824578215509,0.7432385148285178,0.448628539774788,0.5790441204566625,0.19622463766077197,0.4475177304964539,0.8671454219030521,0.45325808106721394,0.8644510179223943,0.8671454219030521,0.19500140072837877,0.8049985992716212,2,False,69552,10656,10906,8834,Not a retained final versioned equal-60k experiment,HMDA_pipeline_review/project/new new project/reports/EXPERIMENT_RESULTS.csv,dl_tabular_transformer_oversampled_s20260809_n60000,classification_v1_history,screening,superseded,screening,66dc8cda55a4fbdda11b8784619f14033df176deb07780db7243676dbc36ed8b,denial,"target_denied = 1 - loan_approved; favorable actions 1/2/8, denial actions 3/7",AP/MCC/accuracy/recall dimensionless; count fields rows; runtime seconds
dl_modern_hopfield_oversampled_s20260809_n60000,2026-08-08T22:22:55.674743+00:00,not-a-git-repository,oversampled,60000,unavailable,primary_financial_v1,modern_hopfield,"{""batch_size"": 1024, ""best_epoch"": 16, ""device"": ""cuda"", ""dropout"": 0.15, ""input_dim"": 33, ""max_epochs"": 16, ""memory_patterns"": 32, ""model_dim"": 64, ""patience"": 4, ""positive_weight"": 1.0}",20260809,none,RandomOverSampler,11.531952,0.574027798473835,completed,,0.767779245207508,0.6694954857492101,0.4630794855186453,0.657465905089856,0.31829541552716956,0.744945175850792,0.4546581310463622,0.562565988961119,0.189453397861561,0.5070415400202635,0.8319494314781568,0.4261324931880109,0.8727308396547214,0.8319494314781568,0.2350022011445952,0.7649977988554049,2,False,66729,13479,9731,10009,Not a retained final versioned equal-60k experiment,HMDA_pipeline_review/project/new new project/reports/EXPERIMENT_RESULTS.csv,dl_modern_hopfield_oversampled_s20260809_n60000,classification_v1_history,screening,superseded,screening,66dc8cda55a4fbdda11b8784619f14033df176deb07780db7243676dbc36ed8b,denial,"target_denied = 1 - loan_approved; favorable actions 1/2/8, denial actions 3/7",AP/MCC/accuracy/recall dimensionless; count fields rows; runtime seconds
dl_mlp_undersampled_s20260809_n60000,2026-08-08T22:23:06.030079+00:00,not-a-git-repository,undersampled,60000,unavailable,primary_financial_v1,mlp,"{""batch_size"": 1024, ""best_epoch"": 11, ""device"": ""cuda"", ""dropout"": 0.2, ""hidden_dim"": 128, ""input_dim"": 33, ""max_epochs"": 18, ""patience"": 4, ""positive_weight"": 1.0}",20260809,none,RandomUnderSampler,9.517417,0.6002783024311066,completed,,0.7697402649377676,0.6678147947555202,0.46138363602321664,0.6574771687191314,0.31751155566070777,0.7447602674914523,0.4520336527967849,0.5780678672040935,0.1963777589228766,0.49934143870314085,0.8362881508078994,0.42878893335653384,0.8715826403326403,0.8362881508078994,0.22999959979189177,0.7700004002081082,2,False,67077,13131,9883,9857,Not a retained final versioned equal-60k experiment,HMDA_pipeline_review/project/new new project/reports/EXPERIMENT_RESULTS.csv,dl_mlp_undersampled_s20260809_n60000,classification_v1_history,screening,superseded,screening,66dc8cda55a4fbdda11b8784619f14033df176deb07780db7243676dbc36ed8b,denial,"target_denied = 1 - loan_approved; favorable actions 1/2/8, denial actions 3/7",AP/MCC/accuracy/recall dimensionless; count fields rows; runtime seconds
dl_tabnet_undersampled_s20260809_n60000,2026-08-08T22:23:47.549838+00:00,not-a-git-repository,undersampled,60000,unavailable,primary_financial_v1,tabnet,"{""batch_size"": 1024, ""device_name"": ""cuda"", ""gamma"": 1.3, ""lambda_sparse"": 0.0001, ""max_epochs"": 25, ""n_a"": 16, ""n_d"": 16, ""n_steps"": 3, ""patience"": 4, ""seed"": 20260809, ""verbose"": 0, ""weights"": 0}",20260809,none,RandomUnderSampler,39.274378,0.6431724956631661,completed,,0.7749429703445792,0.6521709285341395,0.44086502609992545,0.6499917178900665,0.30012647689955435,0.7310305575690641,0.4168839366139353,0.6142368334391617,0.2115588976502143,0.4492401215805471,0.8551017354877319,0.432796486090776,0.8631729970550479,0.8551017354877319,0.20500660343378557,0.7949933965662144,2,False,68586,11622,10872,8868,Not a retained final versioned equal-60k experiment,HMDA_pipeline_review/project/new new project/reports/EXPERIMENT_RESULTS.csv,dl_tabnet_undersampled_s20260809_n60000,classification_v1_history,screening,superseded,screening,66dc8cda55a4fbdda11b8784619f14033df176deb07780db7243676dbc36ed8b,denial,"target_denied = 1 - loan_approved; favorable actions 1/2/8, denial actions 3/7",AP/MCC/accuracy/recall dimensionless; count fields rows; runtime seconds
dl_tabular_transformer_undersampled_s20260809_n60000,2026-08-08T22:24:00.711074+00:00,not-a-git-repository,undersampled,60000,unavailable,primary_financial_v1,tabular_transformer,"{""batch_size"": 512, ""best_epoch"": 9, ""device"": ""cuda"", ""dropout"": 0.1, ""input_dim"": 33, ""max_epochs"": 10, ""n_heads"": 4, ""n_layers"": 2, ""patience"": 3, ""positive_weight"": 1.0, ""token_dim"": 16}",20260809,none,RandomUnderSampler,12.58915,0.6090731894969941,completed,,0.7791451554808501,0.658799173819801,0.4513049962714392,0.6565269485509614,0.31319935438525215,0.7421290356193451,0.44366496025222324,0.5632485266163545,0.18960386599463042,0.45987841945288754,0.8577199281867145,0.4430453879941435,0.8658159027410708,0.8577199281867145,0.20500660343378557,0.7949933965662144,2,False,68796,11412,10662,9078,Not a retained final versioned equal-60k experiment,HMDA_pipeline_review/project/new new project/reports/EXPERIMENT_RESULTS.csv,dl_tabular_transformer_undersampled_s20260809_n60000,classification_v1_history,screening,superseded,screening,66dc8cda55a4fbdda11b8784619f14033df176deb07780db7243676dbc36ed8b,denial,"target_denied = 1 - loan_approved; favorable actions 1/2/8, denial actions 3/7",AP/MCC/accuracy/recall dimensionless; count fields rows; runtime seconds
dl_modern_hopfield_undersampled_s20260809_n60000,2026-08-08T22:24:10.919618+00:00,not-a-git-repository,undersampled,60000,unavailable,primary_financial_v1,modern_hopfield,"{""batch_size"": 1024, ""best_epoch"": 15, ""device"": ""cuda"", ""dropout"": 0.15, ""input_dim"": 33, ""max_epochs"": 16, ""memory_patterns"": 32, ""model_dim"": 64, ""patience"": 4, ""positive_weight"": 1.0}",20260809,none,RandomUnderSampler,9.617655,0.6380944761633873,completed,,0.7811261856165206,0.6619239180258986,0.45622669649515285,0.6596078430053833,0.3193622823427954,0.7457048812146172,0.45413652479556677,0.6041063805095753,0.2072347974851684,0.4648936170212766,0.8589542190305206,0.4478770131771596,0.867061843993053,0.8589542190305206,0.20500660343378557,0.7949933965662144,2,False,68895,11313,10563,9177,Not a retained final versioned equal-60k experiment,HMDA_pipeline_review/project/new new project/reports/EXPERIMENT_RESULTS.csv,dl_modern_hopfield_undersampled_s20260809_n60000,classification_v1_history,screening,superseded,screening,66dc8cda55a4fbdda11b8784619f14033df176deb07780db7243676dbc36ed8b,denial,"target_denied = 1 - loan_approved; favorable actions 1/2/8, denial actions 3/7",AP/MCC/accuracy/recall dimensionless; count fields rows; runtime seconds
hybrid_ml_dl_original_weighted_s20260809_n60000,2026-08-08T22:24:24.585888+00:00,not-a-git-repository,original_weighted,60000,unavailable,primary_financial_v1_base_probabilities,hybrid_ml_dl,"{""dl_experiment_id"": ""dl_mlp_original_weighted_s20260809_n60000"", ""dl_weight"": 0.17499999999999993, ""experiment_id"": ""hybrid_ml_dl_original_weighted_s20260809_n60000"", ""ml_experiment_id"": ""ml_catboost_original_weighted_s20260809_n60000"", ""ml_weight"": 0.8250000000000001, ""strategy"": ""validation_selected_soft_blend"", ""test_predictions_used_for_fitting"": false, ""threshold"": 0.6207437059332873}",20260809,inherited_from_bases,inherited_from_bases,3.195641,0.6207437059332873,completed,,0.7832472885900669,0.6604957316145196,0.4547193556506418,0.6597298437781449,0.31947622345743826,0.7467179498071984,0.4654937749205872,0.576580024952425,0.19559769578882624,0.4575987841945289,0.8633926790345102,0.4518759379689845,0.8660921984041622,0.8633926790345102,0.20000400208108216,0.7999959979189178,2,False,69251,10957,10707,9033,Not a retained final versioned equal-60k experiment,HMDA_pipeline_review/project/new new project/reports/EXPERIMENT_RESULTS.csv,hybrid_ml_dl_original_weighted_s20260809_n60000,classification_v1_history,screening,superseded,screening,66dc8cda55a4fbdda11b8784619f14033df176deb07780db7243676dbc36ed8b,denial,"target_denied = 1 - loan_approved; favorable actions 1/2/8, denial actions 3/7",AP/MCC/accuracy/recall dimensionless; count fields rows; runtime seconds
hybrid_ml_dl_oversampled_s20260809_n60000,2026-08-08T22:24:28.460138+00:00,not-a-git-repository,oversampled,60000,unavailable,primary_financial_v1_base_probabilities,hybrid_ml_dl,"{""dl_experiment_id"": ""dl_mlp_oversampled_s20260809_n60000"", ""dl_weight"": 0.1499999999999999, ""experiment_id"": ""hybrid_ml_dl_oversampled_s20260809_n60000"", ""ml_experiment_id"": ""ml_catboost_oversampled_s20260809_n60000"", ""ml_weight"": 0.8500000000000001, ""strategy"": ""validation_selected_soft_blend"", ""test_predictions_used_for_fitting"": false, ""threshold"": 0.657715777873599}",20260809,inherited_from_bases,inherited_from_bases,3.688714,0.657715777873599,completed,,0.796704286228839,0.6530882130472928,0.4468160409463396,0.6611428287960331,0.324502597992783,0.748553799066197,0.46674905837531294,0.5858025434596247,0.19934531754473142,0.4157041540020263,0.8904722720925593,0.48296156788888234,0.8609641139385464,0.8904722720925593,0.16999839916756712,0.8300016008324329,2,False,71423,8785,11534,8206,Not a retained final versioned equal-60k experiment,HMDA_pipeline_review/project/new new project/reports/EXPERIMENT_RESULTS.csv,hybrid_ml_dl_oversampled_s20260809_n60000,classification_v1_history,screening,superseded,screening,66dc8cda55a4fbdda11b8784619f14033df176deb07780db7243676dbc36ed8b,denial,"target_denied = 1 - loan_approved; favorable actions 1/2/8, denial actions 3/7",AP/MCC/accuracy/recall dimensionless; count fields rows; runtime seconds
hybrid_ml_dl_undersampled_s20260809_n60000,2026-08-08T22:24:32.124531+00:00,not-a-git-repository,undersampled,60000,unavailable,primary_financial_v1_base_probabilities,hybrid_ml_dl,"{""dl_experiment_id"": ""dl_modern_hopfield_undersampled_s20260809_n60000"", ""dl_weight"": 0.1499999999999999, ""experiment_id"": ""hybrid_ml_dl_undersampled_s20260809_n60000"", ""ml_experiment_id"": ""ml_catboost_undersampled_s20260809_n60000"", ""ml_weight"": 0.8500000000000001, ""strategy"": ""validation_selected_soft_blend"", ""test_predictions_used_for_fitting"": false, ""threshold"": 0.610918402044793}",20260809,inherited_from_bases,inherited_from_bases,3.513035,0.610918402044793,completed,,0.7725617321006923,0.67226518801875,0.46798352368470325,0.6616742417364777,0.32593185787761686,0.7492009172175645,0.4682224933997544,0.5893297396022844,0.200993024936037,0.506484295845998,0.8380460801915021,0.4349225682965025,0.8734147609147609,0.8380460801915021,0.22999959979189177,0.7700004002081082,2,False,67218,12990,9742,9998,Not a retained final versioned equal-60k experiment,HMDA_pipeline_review/project/new new project/reports/EXPERIMENT_RESULTS.csv,hybrid_ml_dl_undersampled_s20260809_n60000,classification_v1_history,screening,superseded,screening,66dc8cda55a4fbdda11b8784619f14033df176deb07780db7243676dbc36ed8b,denial,"target_denied = 1 - loan_approved; favorable actions 1/2/8, denial actions 3/7",AP/MCC/accuracy/recall dimensionless; count fields rows; runtime seconds
ml_stacking_oversampled_groupcv_s20260809_n60000,2026-08-08T22:25:51.607942+00:00,not-a-git-repository,oversampled,60000,unavailable,primary_financial_v1,stacking,"{""cv"": ""StratifiedGroupKFold(n_splits=3, groups=source_row_index)"", ""estimators"": [[""lr"", ""LogisticRegression(C=0.8, max_iter=300, random_state=20260809,\n                   solver='liblinear')""], [""extra"", ""ExtraTreesClassifier(min_samples_leaf=4, n_jobs=8, random_state=20260809)""], [""lgbm"", ""LGBMClassifier(learning_rate=0.07, n_estimators=140, n_jobs=8, num_leaves=25,\n               random_state=20260809, verbosity=-1)""]], ""final_estimator"": ""LogisticRegression(max_iter=300, random_state=20260809, solver='liblinear')"", ""n_jobs"": 8, ""passthrough"": false, ""stack_method"": ""predict_proba"", ""verbose"": 0}",20260809,none,RandomOverSampler,22.089464,0.6362446670244069,completed,,0.7749529755472846,0.666498778707276,0.46097438232404325,0.6593819669369937,0.32002771910131395,0.7473694991931819,0.46166773151059026,0.5922317631809378,0.20252866981767947,0.48723404255319147,0.8457635148613605,0.4374005184410387,0.870162521325312,0.8457635148613605,0.22000440228919038,0.7799955977108096,2,False,67837,12371,10122,9618,Not a retained final versioned equal-60k experiment,HMDA_pipeline_review/project/new new project/reports/EXPERIMENT_RESULTS.csv,ml_stacking_oversampled_groupcv_s20260809_n60000,classification_v1_history,screening,superseded,screening,66dc8cda55a4fbdda11b8784619f14033df176deb07780db7243676dbc36ed8b,denial,"target_denied = 1 - loan_approved; favorable actions 1/2/8, denial actions 3/7",AP/MCC/accuracy/recall dimensionless; count fields rows; runtime seconds
repro_lightgbm_a_undersampled_s20260809_n12000,2026-08-08T22:28:21.842869+00:00,not-a-git-repository,undersampled,12000,unavailable,primary_financial_v1_repro_check,lightgbm_repro,"{""n_jobs"": 1, ""purpose"": ""deterministic_rerun""}",20260809,none,RandomUnderSampler,0.278535,0.6212190337558707,completed,,0.7647276583823588,0.6551439206391649,0.443155177721471,0.6470058649108918,0.2958190653576804,0.7325960699370088,0.435333721522439,0.6043870540145259,0.2065812940276095,0.47401215805471125,0.8362756832236186,0.41607007870514473,0.8659548922655856,0.8362756832236186,0.22500700364189377,0.7749929963581063,2,False,67076,13132,10383,9357,Not a retained final versioned equal-60k experiment,HMDA_pipeline_review/project/new new project/reports/EXPERIMENT_RESULTS.csv,repro_lightgbm_a_undersampled_s20260809_n12000,classification_v1_history,screening,historical,screening,66dc8cda55a4fbdda11b8784619f14033df176deb07780db7243676dbc36ed8b,denial,"target_denied = 1 - loan_approved; favorable actions 1/2/8, denial actions 3/7",AP/MCC/accuracy/recall dimensionless; count fields rows; runtime seconds
repro_lightgbm_b_undersampled_s20260809_n12000,2026-08-08T22:28:23.387220+00:00,not-a-git-repository,undersampled,12000,unavailable,primary_financial_v1_repro_check,lightgbm_repro,"{""n_jobs"": 1, ""purpose"": ""deterministic_rerun""}",20260809,none,RandomUnderSampler,0.269605,0.6212190337558707,completed,,0.7647276583823588,0.6551439206391649,0.443155177721471,0.6470058649108918,0.2958190653576804,0.7325960699370088,0.435333721522439,0.6043870540145259,0.2065812940276095,0.47401215805471125,0.8362756832236186,0.41607007870514473,0.8659548922655856,0.8362756832236186,0.22500700364189377,0.7749929963581063,2,False,67076,13132,10383,9357,Not a retained final versioned equal-60k experiment,HMDA_pipeline_review/project/new new project/reports/EXPERIMENT_RESULTS.csv,repro_lightgbm_b_undersampled_s20260809_n12000,classification_v1_history,screening,historical,screening,66dc8cda55a4fbdda11b8784619f14033df176deb07780db7243676dbc36ed8b,denial,"target_denied = 1 - loan_approved; favorable actions 1/2/8, denial actions 3/7",AP/MCC/accuracy/recall dimensionless; count fields rows; runtime seconds
