candidate_id,candidate_type,global_base,scope,inference_complexity,n_rows,mae,rmse,r2,rmsle,median_absolute_error,p90_absolute_error,mean_signed_error,negative_prediction_count,negative_prediction_rate,bottom_90_mae,top_decile_mae,top_five_percent_mae,top_decile_signed_error,top_five_percent_signed_error,top_decile_underprediction_rate,top_five_percent_underprediction_rate,p85_to_p95_boundary_mae,top_decile_rows,top_five_percent_rows,boundary_rows,status,source_artifact,source_row_key,source_generation,source_evaluation_scope,scientific_status,evaluation_scope,source_sha256,threshold,rows,routed_row_count,routed_percentage,true_tail_count,true_tail_routed_count,true_tail_recall,body_count,false_routed_count,false_routing_rate,operational_tail_rows,operational_body_rows,operational_tail_mae,operational_body_mae,operational_tail_signed_error,operational_body_signed_error,operational_tail_underprediction_rate,operational_body_underprediction_rate,actual_global_candidate_id,mean_absolute_correction,p95_absolute_correction,maximum_absolute_correction,mean_signed_correction,body_rows,body_mean_signed_correction,body_positive_correction_count,body_negative_correction_count,body_zero_correction_count,body_positive_correction_rate,body_negative_correction_rate,body_zero_correction_rate,tail_rows,tail_mean_signed_correction,tail_positive_correction_count,tail_negative_correction_count,tail_zero_correction_count,tail_positive_correction_rate,tail_negative_correction_rate,tail_zero_correction_rate,alpha,block,complete_mae_lower,top_decile_mae_improves_3pct,bottom_90_mae_worsens_at_most_0_25pct,rmse_worsens_at_most_0_25pct,top_decile_signed_error_closer_to_zero,top_decile_underprediction_rate_decreases,conditions_passed,conditions_total,provisional_acceptance_status,benefit_threshold,selected_row_count,selected_row_percentage,selected_positive_benefit_proportion,mean_realized_benefit_selected,mean_realized_damage_harmful_selected,tail_proportion_selected,precision_realized_benefit_positive,recall_realized_benefit_positive,overall_mae,body_mae,top_decile_mae_router,top_five_percent_mae_router,rmse_router,candidate_kind,evidence_label,complexity,stage,probability_source,cap,capped,parent_candidate_id,lambda_tail,target_definition,metric_units
ens_boost_equal,no_fit_ensemble,__NOT_APPLICABLE__,selection,13,70000,62.57763081003172,126.90934080098151,0.6963574488796664,0.39046248772336445,36.92768258985177,132.60110556763286,-9.77594165203565,19,0.00027142857142857144,47.50429353837538,197.97970840088874,283.95443294217404,-140.45444341817398,-219.0870694462871,0.7984883057615516,0.8252206091659551,99.66425434037006,7012,3513,7040,COMPLETE,regresionpart2/regression_v2/outputs/reports/prompt4a_ensemble_results.csv,ens_boost_equal|selection,regression_v2,development,development_only,development,e7fbfff1e959e4ea5d0af3d3db832eb57c61ba070aa1e45a0639b564e1bae4c4,,,,,,,,,,,,,,,,,,,,,,,,,,,,,,,,,,,,,,,,,,,,,,,,,,,,,,,,,,,,,,,,,,,,,,,,,,reported loan_amount_000s among favorable actions 1/2/8,MAE/RMSE/absolute error kUSD; R2/RMSLE dimensionless; rates as named; percentage fields percent
ens_boost_equal,no_fit_ensemble,__NOT_APPLICABLE__,audit,13,30000,62.02722712117583,120.36416295609165,0.6999520175358374,0.39136966431963494,36.63287866471407,133.54769939365062,-10.091336003170294,14,0.00046666666666666666,47.612803980738065,191.70900331866972,271.1256581840528,-138.56169805139086,-213.00073541571854,0.7920693102299233,0.8232558139534883,100.66150357206462,3001,1505,3009,COMPLETE,regresionpart2/regression_v2/outputs/reports/prompt4a_ensemble_results.csv,ens_boost_equal|audit,regression_v2,development,development_only,development,e7fbfff1e959e4ea5d0af3d3db832eb57c61ba070aa1e45a0639b564e1bae4c4,,,,,,,,,,,,,,,,,,,,,,,,,,,,,,,,,,,,,,,,,,,,,,,,,,,,,,,,,,,,,,,,,,,,,,,,,,reported loan_amount_000s among favorable actions 1/2/8,MAE/RMSE/absolute error kUSD; R2/RMSLE dimensionless; rates as named; percentage fields percent
ens_boost_equal,no_fit_ensemble,__NOT_APPLICABLE__,complete_validation,13,100000,62.41250970337496,124.98178293260962,0.6973677085849559,0.39073486185427847,36.844669640851485,133.00737634320032,-9.870559957376045,33,0.00033,47.53685016803689,196.10031301971034,280.0794632797273,-139.88716799165684,-217.32229263723974,0.7965644661939478,0.8245963723340641,99.87848642261821,10013,5017,10038,COMPLETE,regresionpart2/regression_v2/outputs/reports/prompt4a_ensemble_results.csv,ens_boost_equal|complete_validation,regression_v2,development,development_only,development,e7fbfff1e959e4ea5d0af3d3db832eb57c61ba070aa1e45a0639b564e1bae4c4,,,,,,,,,,,,,,,,,,,,,,,,,,,,,,,,,,,,,,,,,,,,,,,,,,,,,,,,,,,,,,,,,,,,,,,,,,reported loan_amount_000s among favorable actions 1/2/8,MAE/RMSE/absolute error kUSD; R2/RMSLE dimensionless; rates as named; percentage fields percent
ens_boost_cat050,no_fit_ensemble,__NOT_APPLICABLE__,selection,13,70000,62.51637081054061,127.24322201878523,0.6947576627123465,0.3903654433633368,36.88884877894431,132.25154400379512,-9.269701525375817,19,0.00027142857142857144,47.500838208048144,197.39919562026606,283.5642321566598,-140.15027863629314,-219.43565033160047,0.7966343411294923,0.8249359521776259,99.06092000438389,7012,3513,7040,COMPLETE,regresionpart2/regression_v2/outputs/reports/prompt4a_ensemble_results.csv,ens_boost_cat050|selection,regression_v2,development,development_only,development,e7fbfff1e959e4ea5d0af3d3db832eb57c61ba070aa1e45a0639b564e1bae4c4,,,,,,,,,,,,,,,,,,,,,,,,,,,,,,,,,,,,,,,,,,,,,,,,,,,,,,,,,,,,,,,,,,,,,,,,,,reported loan_amount_000s among favorable actions 1/2/8,MAE/RMSE/absolute error kUSD; R2/RMSLE dimensionless; rates as named; percentage fields percent
ens_boost_cat050,no_fit_ensemble,__NOT_APPLICABLE__,audit,13,30000,61.96797238078426,120.32876374987963,0.7001284803342901,0.3904899913738968,36.62151538726323,133.57487310960272,-9.509890383306674,11,0.00036666666666666667,47.63451677212199,190.9213105941373,270.20499816410205,-137.5356169414351,-212.2328798684786,0.789736754415195,0.8199335548172757,100.03189799586941,3001,1505,3009,COMPLETE,regresionpart2/regression_v2/outputs/reports/prompt4a_ensemble_results.csv,ens_boost_cat050|audit,regression_v2,development,development_only,development,e7fbfff1e959e4ea5d0af3d3db832eb57c61ba070aa1e45a0639b564e1bae4c4,,,,,,,,,,,,,,,,,,,,,,,,,,,,,,,,,,,,,,,,,,,,,,,,,,,,,,,,,,,,,,,,,,,,,,,,,,reported loan_amount_000s among favorable actions 1/2/8,MAE/RMSE/absolute error kUSD; R2/RMSLE dimensionless; rates as named; percentage fields percent
ens_boost_cat050,no_fit_ensemble,__NOT_APPLICABLE__,complete_validation,13,100000,62.35185128161369,125.20898410448676,0.6962664135527186,0.39040281193855914,36.80951362357909,132.67640812456725,-9.341758182755074,30,0.0003,47.54094608531297,195.45770626009303,279.53252321266694,-139.36663739527955,-217.33877082087497,0.7945670628183361,0.8234004385090692,99.27070439063976,10013,5017,10038,COMPLETE,regresionpart2/regression_v2/outputs/reports/prompt4a_ensemble_results.csv,ens_boost_cat050|complete_validation,regression_v2,development,development_only,development,e7fbfff1e959e4ea5d0af3d3db832eb57c61ba070aa1e45a0639b564e1bae4c4,,,,,,,,,,,,,,,,,,,,,,,,,,,,,,,,,,,,,,,,,,,,,,,,,,,,,,,,,,,,,,,,,,,,,,,,,,reported loan_amount_000s among favorable actions 1/2/8,MAE/RMSE/absolute error kUSD; R2/RMSLE dimensionless; rates as named; percentage fields percent
ens_boost_cat060,no_fit_ensemble,__NOT_APPLICABLE__,selection,13,70000,62.51951892975743,127.52227251894433,0.6934173724353487,0.3908915142463795,36.92061174885566,132.11721632904602,-8.965957449379925,17,0.00024285714285714286,47.532494287839874,197.14625996585315,283.4643000887253,-139.96777976716464,-219.64479886278852,0.7957786651454649,0.8235126672359806,98.75464569758243,7012,3513,7040,COMPLETE,regresionpart2/regression_v2/outputs/reports/prompt4a_ensemble_results.csv,ens_boost_cat060|selection,regression_v2,development,development_only,development,e7fbfff1e959e4ea5d0af3d3db832eb57c61ba070aa1e45a0639b564e1bae4c4,,,,,,,,,,,,,,,,,,,,,,,,,,,,,,,,,,,,,,,,,,,,,,,,,,,,,,,,,,,,,,,,,,,,,,,,,,reported loan_amount_000s among favorable actions 1/2/8,MAE/RMSE/absolute error kUSD; R2/RMSLE dimensionless; rates as named; percentage fields percent
ens_boost_cat060,no_fit_ensemble,__NOT_APPLICABLE__,audit,13,30000,61.9755075253757,120.36585956038643,0.6999435587675302,0.3906762036120755,36.47355574935614,133.8077135990578,-9.16102301138851,9,0.0003,47.680718958261004,190.58097121198992,269.8313651440157,-136.91996827546168,-211.77216654013466,0.789736754415195,0.8199335548172757,99.71645474454498,3001,1505,3009,COMPLETE,regresionpart2/regression_v2/outputs/reports/prompt4a_ensemble_results.csv,ens_boost_cat060|audit,regression_v2,development,development_only,development,e7fbfff1e959e4ea5d0af3d3db832eb57c61ba070aa1e45a0639b564e1bae4c4,,,,,,,,,,,,,,,,,,,,,,,,,,,,,,,,,,,,,,,,,,,,,,,,,,,,,,,,,,,,,,,,,,,,,,,,,,reported loan_amount_000s among favorable actions 1/2/8,MAE/RMSE/absolute error kUSD; R2/RMSLE dimensionless; rates as named; percentage fields percent
ens_boost_cat060,no_fit_ensemble,__NOT_APPLICABLE__,complete_validation,13,100000,62.356315508442904,125.4182324711616,0.6952503704262848,0.3908269335108603,36.81917143072219,132.78049581581905,-9.0244771179825,26,0.00026,47.57696646578446,195.17857480153242,279.3523926582031,-139.0543190374532,-217.3486577310562,0.7939678418056526,0.8226031492924059,98.96379909647273,10013,5017,10038,COMPLETE,regresionpart2/regression_v2/outputs/reports/prompt4a_ensemble_results.csv,ens_boost_cat060|complete_validation,regression_v2,development,development_only,development,e7fbfff1e959e4ea5d0af3d3db832eb57c61ba070aa1e45a0639b564e1bae4c4,,,,,,,,,,,,,,,,,,,,,,,,,,,,,,,,,,,,,,,,,,,,,,,,,,,,,,,,,,,,,,,,,,,,,,,,,,reported loan_amount_000s among favorable actions 1/2/8,MAE/RMSE/absolute error kUSD; R2/RMSLE dimensionless; rates as named; percentage fields percent
ens_cat_ft_equal,no_fit_ensemble,__NOT_APPLICABLE__,selection,12,70000,63.06706762919249,132.20539033115512,0.6704860687439855,0.38781161507867196,37.0667504748578,133.0084010180738,-13.644101329910358,2,2.857142857142857e-05,47.404334675385016,203.7636197248036,294.6249979645326,-157.06339296565525,-244.4516357959715,0.822875071306332,0.8448619413606604,100.71353338265068,7012,3513,7040,COMPLETE,regresionpart2/regression_v2/outputs/reports/prompt4a_ensemble_results.csv,ens_cat_ft_equal|selection,regression_v2,development,development_only,development,e7fbfff1e959e4ea5d0af3d3db832eb57c61ba070aa1e45a0639b564e1bae4c4,,,,,,,,,,,,,,,,,,,,,,,,,,,,,,,,,,,,,,,,,,,,,,,,,,,,,,,,,,,,,,,,,,,,,,,,,,reported loan_amount_000s among favorable actions 1/2/8,MAE/RMSE/absolute error kUSD; R2/RMSLE dimensionless; rates as named; percentage fields percent
ens_cat_ft_equal,no_fit_ensemble,__NOT_APPLICABLE__,audit,12,30000,62.684620234325955,123.46585817370426,0.6842887412827555,0.3871552868648044,37.252169647685065,135.64507049960835,-13.625626985818245,2,6.666666666666667e-05,47.63427545855829,198.08757211734866,280.7211219623763,-152.27311654541938,-234.18078682453464,0.8217260913028991,0.8471760797342193,102.53997288430386,3001,1505,3009,COMPLETE,regresionpart2/regression_v2/outputs/reports/prompt4a_ensemble_results.csv,ens_cat_ft_equal|audit,regression_v2,development,development_only,development,e7fbfff1e959e4ea5d0af3d3db832eb57c61ba070aa1e45a0639b564e1bae4c4,,,,,,,,,,,,,,,,,,,,,,,,,,,,,,,,,,,,,,,,,,,,,,,,,,,,,,,,,,,,,,,,,,,,,,,,,,reported loan_amount_000s among favorable actions 1/2/8,MAE/RMSE/absolute error kUSD; R2/RMSLE dimensionless; rates as named; percentage fields percent
ens_cat_ft_equal,no_fit_ensemble,__NOT_APPLICABLE__,complete_validation,12,100000,62.952333410732535,129.64540525294345,0.674361238946921,0.38761483330383567,37.129169954173335,133.84855548368358,-13.638559026682724,4,4e-05,47.473324320610395,202.06244935928152,290.4728733814908,-155.62769741615685,-241.44088430332138,0.8225307100769,0.8457245365756428,101.19212563209189,10013,5017,10038,COMPLETE,regresionpart2/regression_v2/outputs/reports/prompt4a_ensemble_results.csv,ens_cat_ft_equal|complete_validation,regression_v2,development,development_only,development,e7fbfff1e959e4ea5d0af3d3db832eb57c61ba070aa1e45a0639b564e1bae4c4,,,,,,,,,,,,,,,,,,,,,,,,,,,,,,,,,,,,,,,,,,,,,,,,,,,,,,,,,,,,,,,,,,,,,,,,,,reported loan_amount_000s among favorable actions 1/2/8,MAE/RMSE/absolute error kUSD; R2/RMSLE dimensionless; rates as named; percentage fields percent
ens_cat_realmlp_equal,no_fit_ensemble,__NOT_APPLICABLE__,selection,12,70000,63.672539725542265,127.05242001750018,0.6956724019283282,0.4090028530466271,38.25795113600653,133.98196800117532,-3.8455592113635144,4,5.714285714285714e-05,49.243039083740655,193.29110595854291,275.6916058540637,-124.91309888372935,-195.74870614835754,0.7786651454649173,0.798178195274694,99.05317085497032,7012,3513,7040,COMPLETE,regresionpart2/regression_v2/outputs/reports/prompt4a_ensemble_results.csv,ens_cat_realmlp_equal|selection,regression_v2,development,development_only,development,e7fbfff1e959e4ea5d0af3d3db832eb57c61ba070aa1e45a0639b564e1bae4c4,,,,,,,,,,,,,,,,,,,,,,,,,,,,,,,,,,,,,,,,,,,,,,,,,,,,,,,,,,,,,,,,,,,,,,,,,,reported loan_amount_000s among favorable actions 1/2/8,MAE/RMSE/absolute error kUSD; R2/RMSLE dimensionless; rates as named; percentage fields percent
ens_cat_realmlp_equal,no_fit_ensemble,__NOT_APPLICABLE__,audit,12,30000,63.3050867683055,119.33501973504741,0.7050610502296358,0.4123420155173523,38.19969233522539,135.56885905524484,-3.9207861572029774,2,6.666666666666667e-05,49.59244934726666,186.67312999743845,260.6394353225826,-122.06506696574611,-188.8993083196061,0.7790736421192935,0.7960132890365449,100.96420262125464,3001,1505,3009,COMPLETE,regresionpart2/regression_v2/outputs/reports/prompt4a_ensemble_results.csv,ens_cat_realmlp_equal|audit,regression_v2,development,development_only,development,e7fbfff1e959e4ea5d0af3d3db832eb57c61ba070aa1e45a0639b564e1bae4c4,,,,,,,,,,,,,,,,,,,,,,,,,,,,,,,,,,,,,,,,,,,,,,,,,,,,,,,,,,,,,,,,,,,,,,,,,,reported loan_amount_000s among favorable actions 1/2/8,MAE/RMSE/absolute error kUSD; R2/RMSLE dimensionless; rates as named; percentage fields percent
ens_cat_realmlp_equal,no_fit_ensemble,__NOT_APPLICABLE__,complete_validation,12,100000,63.56230383837125,124.78732420867732,0.6983087050401369,0.41000745723519494,38.24327660590305,134.4574059750996,-3.8681272951153534,6,6e-05,49.34787342320013,191.30762989150261,271.1624092085903,-124.05951416527658,-193.77943359504005,0.7787875761510037,0.7978871835758421,99.54711697568992,10013,5017,10038,COMPLETE,regresionpart2/regression_v2/outputs/reports/prompt4a_ensemble_results.csv,ens_cat_realmlp_equal|complete_validation,regression_v2,development,development_only,development,e7fbfff1e959e4ea5d0af3d3db832eb57c61ba070aa1e45a0639b564e1bae4c4,,,,,,,,,,,,,,,,,,,,,,,,,,,,,,,,,,,,,,,,,,,,,,,,,,,,,,,,,,,,,,,,,,,,,,,,,,reported loan_amount_000s among favorable actions 1/2/8,MAE/RMSE/absolute error kUSD; R2/RMSLE dimensionless; rates as named; percentage fields percent
ens_cat_lgb_ft,no_fit_ensemble,__NOT_APPLICABLE__,selection,13,70000,62.752151551104284,130.5242929244937,0.6788128561266081,0.388523505617564,36.96257132208541,132.50410099864214,-12.315202292763287,8,0.00011428571428571428,47.30514656438099,201.51084380776805,291.18414722756614,-152.84766544235504,-238.4382580895629,0.8181688533941814,0.842869342442357,99.70304968893281,7012,3513,7040,COMPLETE,regresionpart2/regression_v2/outputs/reports/prompt4a_ensemble_results.csv,ens_cat_lgb_ft|selection,regression_v2,development,development_only,development,e7fbfff1e959e4ea5d0af3d3db832eb57c61ba070aa1e45a0639b564e1bae4c4,,,,,,,,,,,,,,,,,,,,,,,,,,,,,,,,,,,,,,,,,,,,,,,,,,,,,,,,,,,,,,,,,,,,,,,,,,reported loan_amount_000s among favorable actions 1/2/8,MAE/RMSE/absolute error kUSD; R2/RMSLE dimensionless; rates as named; percentage fields percent
ens_cat_lgb_ft,no_fit_ensemble,__NOT_APPLICABLE__,audit,13,30000,62.31676545199994,122.31467454155619,0.6901486169063644,0.387700839782469,36.87910781626168,134.6647587928861,-12.365882056149426,3,0.0001,47.51076218181773,195.52145798503864,277.17308451949475,-148.7960994274822,-229.0569368982622,0.8153948683772076,0.8451827242524917,101.38921997658983,3001,1505,3009,COMPLETE,regresionpart2/regression_v2/outputs/reports/prompt4a_ensemble_results.csv,ens_cat_lgb_ft|audit,regression_v2,development,development_only,development,e7fbfff1e959e4ea5d0af3d3db832eb57c61ba070aa1e45a0639b564e1bae4c4,,,,,,,,,,,,,,,,,,,,,,,,,,,,,,,,,,,,,,,,,,,,,,,,,,,,,,,,,,,,,,,,,,,,,,,,,,reported loan_amount_000s among favorable actions 1/2/8,MAE/RMSE/absolute error kUSD; R2/RMSLE dimensionless; rates as named; percentage fields percent
ens_cat_lgb_ft,no_fit_ensemble,__NOT_APPLICABLE__,complete_validation,13,100000,62.62153572137298,128.1166562663472,0.6819956759036181,0.38827688888544787,36.94550738396754,133.1059558962131,-12.330406221779128,11,0.00011,47.366837875961274,199.71576272777097,286.99082603923375,-151.6333690665802,-235.69593129796527,0.8173374613003096,0.8439306358381503,100.13550313947822,10013,5017,10038,COMPLETE,regresionpart2/regression_v2/outputs/reports/prompt4a_ensemble_results.csv,ens_cat_lgb_ft|complete_validation,regression_v2,development,development_only,development,e7fbfff1e959e4ea5d0af3d3db832eb57c61ba070aa1e45a0639b564e1bae4c4,,,,,,,,,,,,,,,,,,,,,,,,,,,,,,,,,,,,,,,,,,,,,,,,,,,,,,,,,,,,,,,,,,,,,,,,,,reported loan_amount_000s among favorable actions 1/2/8,MAE/RMSE/absolute error kUSD; R2/RMSLE dimensionless; rates as named; percentage fields percent
ens_cat_ft_realmlp,no_fit_ensemble,__NOT_APPLICABLE__,selection,13,70000,63.04198241568397,130.0698634026254,0.6810454342514229,0.3904041475067051,37.41365524232954,133.11602735367777,-10.903308519394406,1,1.4285714285714285e-05,47.78228858501853,200.11807982098262,287.81690481578,-147.7683970678858,-229.76451249861205,0.8110382201939532,0.8314830629091944,100.31887148098353,7012,3513,7040,COMPLETE,regresionpart2/regression_v2/outputs/reports/prompt4a_ensemble_results.csv,ens_cat_ft_realmlp|selection,regression_v2,development,development_only,development,e7fbfff1e959e4ea5d0af3d3db832eb57c61ba070aa1e45a0639b564e1bae4c4,,,,,,,,,,,,,,,,,,,,,,,,,,,,,,,,,,,,,,,,,,,,,,,,,,,,,,,,,,,,,,,,,,,,,,,,,,reported loan_amount_000s among favorable actions 1/2/8,MAE/RMSE/absolute error kUSD; R2/RMSLE dimensionless; rates as named; percentage fields percent
ens_cat_ft_realmlp,no_fit_ensemble,__NOT_APPLICABLE__,audit,13,30000,62.70925573328508,121.71946777918495,0.6931568726843325,0.391383440611457,37.62775073977939,135.41415391036136,-10.915705346792603,0,0.0,48.069453820354106,194.4186898709805,273.75521747530706,-143.75304530032034,-220.91849014211832,0.8160613128957014,0.837873754152824,102.36031753188209,3001,1505,3009,COMPLETE,regresionpart2/regression_v2/outputs/reports/prompt4a_ensemble_results.csv,ens_cat_ft_realmlp|audit,regression_v2,development,development_only,development,e7fbfff1e959e4ea5d0af3d3db832eb57c61ba070aa1e45a0639b564e1bae4c4,,,,,,,,,,,,,,,,,,,,,,,,,,,,,,,,,,,,,,,,,,,,,,,,,,,,,,,,,,,,,,,,,,,,,,,,,,reported loan_amount_000s among favorable actions 1/2/8,MAE/RMSE/absolute error kUSD; R2/RMSLE dimensionless; rates as named; percentage fields percent
ens_cat_ft_realmlp,no_fit_ensemble,__NOT_APPLICABLE__,complete_validation,13,100000,62.94216441096431,127.62212663499521,0.6844459278755486,0.39069819317315063,37.50471336857382,133.70721297956123,-10.907027567613865,1,1e-05,47.868447410057975,198.4099135131871,283.6091287650104,-146.56495447780648,-227.18683980631693,0.8125436931988415,0.8337651983256926,100.85691467339954,10013,5017,10038,COMPLETE,regresionpart2/regression_v2/outputs/reports/prompt4a_ensemble_results.csv,ens_cat_ft_realmlp|complete_validation,regression_v2,development,development_only,development,e7fbfff1e959e4ea5d0af3d3db832eb57c61ba070aa1e45a0639b564e1bae4c4,,,,,,,,,,,,,,,,,,,,,,,,,,,,,,,,,,,,,,,,,,,,,,,,,,,,,,,,,,,,,,,,,,,,,,,,,,reported loan_amount_000s among favorable actions 1/2/8,MAE/RMSE/absolute error kUSD; R2/RMSLE dimensionless; rates as named; percentage fields percent
ens_boost_ft_equal,no_fit_ensemble,__NOT_APPLICABLE__,selection,14,70000,62.5402291045486,128.33545664141803,0.6894948730297137,0.38613493310542685,36.90421186788805,132.05572611619894,-12.216261617632817,8,0.00011428571428571428,47.19028006682009,200.42707878915272,288.1876307565535,-149.06308297379542,-231.42077173581592,0.8130347974900171,0.8394534585824082,100.29644567764963,7012,3513,7040,COMPLETE,regresionpart2/regression_v2/outputs/reports/prompt4a_ensemble_results.csv,ens_boost_ft_equal|selection,regression_v2,development,development_only,development,e7fbfff1e959e4ea5d0af3d3db832eb57c61ba070aa1e45a0639b564e1bae4c4,,,,,,,,,,,,,,,,,,,,,,,,,,,,,,,,,,,,,,,,,,,,,,,,,,,,,,,,,,,,,,,,,,,,,,,,,,reported loan_amount_000s among favorable actions 1/2/8,MAE/RMSE/absolute error kUSD; R2/RMSLE dimensionless; rates as named; percentage fields percent
ens_boost_ft_equal,no_fit_ensemble,__NOT_APPLICABLE__,audit,14,30000,62.06405017034361,121.28914630159677,0.6953226360438023,0.3859324478610414,36.64997844935834,133.8845020946066,-12.439927114357872,3,0.0001,47.337457865521415,194.55430863015505,275.30208244038823,-146.44348840836085,-224.35861666736645,0.8163945351549483,0.8398671096345515,101.65927285060675,3001,1505,3009,COMPLETE,regresionpart2/regression_v2/outputs/reports/prompt4a_ensemble_results.csv,ens_boost_ft_equal|audit,regression_v2,development,development_only,development,e7fbfff1e959e4ea5d0af3d3db832eb57c61ba070aa1e45a0639b564e1bae4c4,,,,,,,,,,,,,,,,,,,,,,,,,,,,,,,,,,,,,,,,,,,,,,,,,,,,,,,,,,,,,,,,,,,,,,,,,,reported loan_amount_000s among favorable actions 1/2/8,MAE/RMSE/absolute error kUSD; R2/RMSLE dimensionless; rates as named; percentage fields percent
ens_boost_ft_equal,no_fit_ensemble,__NOT_APPLICABLE__,complete_validation,14,100000,62.3973754242871,126.26285956338842,0.6911318859634854,0.3860741986828923,36.832602272995445,132.68961278258797,-12.283361266650331,11,0.00011,47.234438149511334,198.66694863363966,284.31430048936807,-148.27796330028409,-229.36511028664523,0.8140417457305503,0.8397448674506677,100.62419371388377,10013,5017,10038,COMPLETE,regresionpart2/regression_v2/outputs/reports/prompt4a_ensemble_results.csv,ens_boost_ft_equal|complete_validation,regression_v2,development,development_only,development,e7fbfff1e959e4ea5d0af3d3db832eb57c61ba070aa1e45a0639b564e1bae4c4,,,,,,,,,,,,,,,,,,,,,,,,,,,,,,,,,,,,,,,,,,,,,,,,,,,,,,,,,,,,,,,,,,,,,,,,,,reported loan_amount_000s among favorable actions 1/2/8,MAE/RMSE/absolute error kUSD; R2/RMSLE dimensionless; rates as named; percentage fields percent
ens_convex_boosting,no_fit_ensemble,__NOT_APPLICABLE__,selection,13,70000,62.493708475406386,127.32696720587508,0.6943557397140259,0.3878311717470536,36.9366741996225,132.43723262437098,-9.821619921037051,9,0.00012857142857142858,47.4261621872421,197.84376631894492,283.9698640045747,-141.02153859129055,-220.3296327414347,0.799343981745579,0.8263592371192713,99.51503881617471,7012,3513,7040,COMPLETE,regresionpart2/regression_v2/outputs/reports/prompt4a_ensemble_results.csv,ens_convex_boosting|selection,regression_v2,development,development_only,development,e7fbfff1e959e4ea5d0af3d3db832eb57c61ba070aa1e45a0639b564e1bae4c4,,,,,,,,,,,,,,,,,,,,,,,,,,,,,,,,,,,,,,,,,,,,,,,,,,,,,,,,,,,,,,,,,,,,,,,,,,reported loan_amount_000s among favorable actions 1/2/8,MAE/RMSE/absolute error kUSD; R2/RMSLE dimensionless; rates as named; percentage fields percent
ens_convex_boosting,no_fit_ensemble,__NOT_APPLICABLE__,audit,13,30000,61.94791598816444,120.44424326041491,0.6995526307706832,0.38752024967500626,36.51885810429086,133.70147286492636,-10.062061093625069,5,0.00016666666666666666,47.558007008769124,191.40914642291767,270.66756857146163,-138.27797352915098,-213.11395766192356,0.7917360879706764,0.8186046511627907,100.41754934992055,3001,1505,3009,COMPLETE,regresionpart2/regression_v2/outputs/reports/prompt4a_ensemble_results.csv,ens_convex_boosting|audit,regression_v2,development,development_only,development,e7fbfff1e959e4ea5d0af3d3db832eb57c61ba070aa1e45a0639b564e1bae4c4,,,,,,,,,,,,,,,,,,,,,,,,,,,,,,,,,,,,,,,,,,,,,,,,,,,,,,,,,,,,,,,,,,,,,,,,,,reported loan_amount_000s among favorable actions 1/2/8,MAE/RMSE/absolute error kUSD; R2/RMSLE dimensionless; rates as named; percentage fields percent
ens_convex_boosting,no_fit_ensemble,__NOT_APPLICABLE__,complete_validation,13,100000,62.32997072923381,125.30185283891213,0.6958156820846302,0.387737921304505,36.8362478863032,132.77707146884597,-9.893752272813455,14,0.00014,47.465719882647086,195.9152439672044,279.9603093955061,-140.19926367353557,-218.22547077460737,0.7970638170378508,0.8239984054215667,99.70471057943793,10013,5017,10038,COMPLETE,regresionpart2/regression_v2/outputs/reports/prompt4a_ensemble_results.csv,ens_convex_boosting|complete_validation,regression_v2,development,development_only,development,e7fbfff1e959e4ea5d0af3d3db832eb57c61ba070aa1e45a0639b564e1bae4c4,,,,,,,,,,,,,,,,,,,,,,,,,,,,,,,,,,,,,,,,,,,,,,,,,,,,,,,,,,,,,,,,,,,,,,,,,,reported loan_amount_000s among favorable actions 1/2/8,MAE/RMSE/absolute error kUSD; R2/RMSLE dimensionless; rates as named; percentage fields percent
ens_convex_boosting_deep,no_fit_ensemble,__NOT_APPLICABLE__,selection,15,70000,62.4158807950902,127.9377990411572,0.6914161413801669,0.3863854636332093,36.80429745451846,131.9143980260606,-10.79952712896936,6,8.571428571428571e-05,47.24375107429052,198.70539974171484,285.69888843474615,-144.90773383276291,-226.03978400055234,0.8046206503137479,0.829490463990891,99.52319476389992,7012,3513,7040,COMPLETE,regresionpart2/regression_v2/outputs/reports/prompt4a_ensemble_results.csv,ens_convex_boosting_deep|selection,regression_v2,development,development_only,development,e7fbfff1e959e4ea5d0af3d3db832eb57c61ba070aa1e45a0639b564e1bae4c4,,,,,,,,,,,,,,,,,,,,,,,,,,,,,,,,,,,,,,,,,,,,,,,,,,,,,,,,,,,,,,,,,,,,,,,,,,reported loan_amount_000s among favorable actions 1/2/8,MAE/RMSE/absolute error kUSD; R2/RMSLE dimensionless; rates as named; percentage fields percent
ens_convex_boosting_deep,no_fit_ensemble,__NOT_APPLICABLE__,audit,15,30000,61.908933532882465,120.76871099094265,0.6979316851337016,0.38579255749184066,36.62552319325302,133.62012927756234,-10.99499718845605,2,6.666666666666667e-05,47.40165975473181,192.42605607079963,272.3045427221333,-141.86237527121713,-218.35361530499029,0.8013995334888371,0.826578073089701,100.6272127922639,3001,1505,3009,COMPLETE,regresionpart2/regression_v2/outputs/reports/prompt4a_ensemble_results.csv,ens_convex_boosting_deep|audit,regression_v2,development,development_only,development,e7fbfff1e959e4ea5d0af3d3db832eb57c61ba070aa1e45a0639b564e1bae4c4,,,,,,,,,,,,,,,,,,,,,,,,,,,,,,,,,,,,,,,,,,,,,,,,,,,,,,,,,,,,,,,,,,,,,,,,,,reported loan_amount_000s among favorable actions 1/2/8,MAE/RMSE/absolute error kUSD; R2/RMSLE dimensionless; rates as named; percentage fields percent
ens_convex_boosting_deep,no_fit_ensemble,__NOT_APPLICABLE__,complete_validation,15,100000,62.263796616427896,125.82996766577911,0.6932461624538307,0.386207687364925,36.751796206850145,132.42293855667927,-10.858168146815368,8,8e-05,47.29112876732656,196.82341528586576,281.6643076577838,-143.99500827167245,-223.7967845172778,0.8036552481773694,0.8287821407215468,99.7748918060598,10013,5017,10038,COMPLETE,regresionpart2/regression_v2/outputs/reports/prompt4a_ensemble_results.csv,ens_convex_boosting_deep|complete_validation,regression_v2,development,development_only,development,e7fbfff1e959e4ea5d0af3d3db832eb57c61ba070aa1e45a0639b564e1bae4c4,,,,,,,,,,,,,,,,,,,,,,,,,,,,,,,,,,,,,,,,,,,,,,,,,,,,,,,,,,,,,,,,,,,,,,,,,,reported loan_amount_000s among favorable actions 1/2/8,MAE/RMSE/absolute error kUSD; R2/RMSLE dimensionless; rates as named; percentage fields percent
hard_global_best_single_t035,hard_routing,global_best_single,selection,20,70000,74.31655004295453,140.6545825545242,0.6270219901529911,0.4324590912101725,39.90695265075138,178.80490436373466,20.650481813500416,34,0.0004857142857142857,65.20500262678232,156.16454614247752,224.81496045912257,-47.46158538974042,-132.04887342665424,0.5185396463205932,0.7287218901224025,108.31341768642898,7012,3513,7040,,regresionpart2/regression_v2/outputs/reports/prompt4a_hard_routing_results.csv,hard_global_best_single_t035|selection,regression_v2,development,development_only,development,157073755b24418cc40803d9642284ea6244fff5e35a4872a8b0104ed7a856f6,0.35,70000,15317,21.88142857142857,6982,6637,0.950587224291034,63018,8680,0.13773842394236568,6982,63018,156.37204473307625,65.22531477800752,-47.76811872244307,28.230834553066213,0.5194786594099112,0.42789361769653117,catboost,,,,,,,,,,,,,,,,,,,,,,,,,,,,,,,,,,,,,,,,,,,,,,,,,,,,,,,reported loan_amount_000s among favorable actions 1/2/8,MAE/RMSE/absolute error kUSD; R2/RMSLE dimensionless; rates as named; percentage fields percent
hard_global_best_single_t035,hard_routing,global_best_single,audit,20,30000,74.01138281385563,134.84032579632748,0.6234385156040017,0.43218941701558217,39.74159754703422,179.2693245850491,20.589678102769977,16,0.0005333333333333334,65.61184329630342,149.57924933647882,211.01114966610646,-46.10385397755379,-125.74414240659839,0.530489836721093,0.7302325581395349,109.04525379302409,3001,1505,3009,,regresionpart2/regression_v2/outputs/reports/prompt4a_hard_routing_results.csv,hard_global_best_single_t035|audit,regression_v2,development,development_only,development,157073755b24418cc40803d9642284ea6244fff5e35a4872a8b0104ed7a856f6,0.35,30000,6597,21.990000000000002,2992,2844,0.9505347593582888,27008,3753,0.13895882701421802,2992,27008,149.75760437168242,65.62006561521014,-46.251119493020944,27.994434708464823,0.5310828877005348,0.42617002369668244,catboost,,,,,,,,,,,,,,,,,,,,,,,,,,,,,,,,,,,,,,,,,,,,,,,,,,,,,,,reported loan_amount_000s among favorable actions 1/2/8,MAE/RMSE/absolute error kUSD; R2/RMSLE dimensionless; rates as named; percentage fields percent
hard_global_best_single_t035,hard_routing,global_best_single,complete_validation,20,100000,74.22499987422485,138.93585625665227,0.6260181561934793,0.43237820661234816,39.86878574416731,178.92831018053784,20.63224070028128,50,0.0005,65.32706793884293,154.19086435731802,220.6348920185318,-47.054659196993775,-130.19105202792102,0.5221212423848997,0.7295196332469603,108.58848891752983,10013,5017,10038,,regresionpart2/regression_v2/outputs/reports/prompt4a_hard_routing_results.csv,hard_global_best_single_t035|complete_validation,regression_v2,development,development_only,development,157073755b24418cc40803d9642284ea6244fff5e35a4872a8b0104ed7a856f6,0.35,100000,21914,21.914,9974,9481,0.9505714858632445,90026,12433,0.13810454757514495,9974,90026,154.38784525831284,65.34374090613902,-47.31304937269062,28.159914074504524,0.5229596952075396,0.42737653566747386,catboost,,,,,,,,,,,,,,,,,,,,,,,,,,,,,,,,,,,,,,,,,,,,,,,,,,,,,,,reported loan_amount_000s among favorable actions 1/2/8,MAE/RMSE/absolute error kUSD; R2/RMSLE dimensionless; rates as named; percentage fields percent
hard_global_best_single_t050,hard_routing,global_best_single,selection,20,70000,70.24598402520803,135.4117874434124,0.6543087422659217,0.4191428653893021,38.85243386105057,161.65046195696593,13.781052375954033,34,0.0004857142857142857,60.111047187076885,161.28697112734775,227.34100253888917,-54.16734962030452,-134.57491550642084,0.537934968625214,0.7287218901224025,111.69784972468929,7012,3513,7040,,regresionpart2/regression_v2/outputs/reports/prompt4a_hard_routing_results.csv,hard_global_best_single_t050|selection,regression_v2,development,development_only,development,157073755b24418cc40803d9642284ea6244fff5e35a4872a8b0104ed7a856f6,0.5,70000,12852,18.360000000000003,6982,6399,0.9164995703236894,63018,6453,0.10239931448157669,6982,63018,161.5111832492282,60.13437113711085,-54.478777303984536,21.343814298346544,0.5386708679461473,0.4434447300771208,catboost,,,,,,,,,,,,,,,,,,,,,,,,,,,,,,,,,,,,,,,,,,,,,,,,,,,,,,,reported loan_amount_000s among favorable actions 1/2/8,MAE/RMSE/absolute error kUSD; R2/RMSLE dimensionless; rates as named; percentage fields percent
hard_global_best_single_t050,hard_routing,global_best_single,audit,20,30000,69.84495116730325,129.4029390556367,0.6531956058010386,0.4185581388290971,38.66491086751914,162.15678465250937,13.56552980321083,16,0.0005333333333333334,60.47240824886359,154.16660603399848,213.51583509607588,-51.99097060854687,-128.26494044744996,0.5461512829056981,0.7308970099667774,111.79738776367988,3001,1505,3009,,regresionpart2/regression_v2/outputs/reports/prompt4a_hard_routing_results.csv,hard_global_best_single_t050|audit,regression_v2,development,development_only,development,157073755b24418cc40803d9642284ea6244fff5e35a4872a8b0104ed7a856f6,0.5,30000,5503,18.343333333333334,2992,2751,0.919451871657754,27008,2752,0.1018957345971564,2992,27008,154.34387559246832,60.48399212257228,-52.038477694672935,20.83327234000245,0.5461229946524064,0.4430909360189573,catboost,,,,,,,,,,,,,,,,,,,,,,,,,,,,,,,,,,,,,,,,,,,,,,,,,,,,,,,reported loan_amount_000s among favorable actions 1/2/8,MAE/RMSE/absolute error kUSD; R2/RMSLE dimensionless; rates as named; percentage fields percent
hard_global_best_single_t050,hard_routing,global_best_single,complete_validation,20,100000,70.12567416783659,133.6375049000279,0.6539980459481736,0.41896753310817725,38.77272597366241,161.80987145262628,13.716395604131073,50,0.0005,60.21946715115147,159.15292382432756,223.1550310255727,-53.51506624726102,-132.71602449706626,0.5403974832717467,0.7297189555511262,111.78709149444316,10013,5017,10038,,regresionpart2/regression_v2/outputs/reports/prompt4a_hard_routing_results.csv,hard_global_best_single_t050|complete_validation,regression_v2,development,development_only,development,157073755b24418cc40803d9642284ea6244fff5e35a4872a8b0104ed7a856f6,0.5,100000,18355,18.355,9974,9150,0.9173852015239623,90026,9205,0.10224823939750739,9974,90026,159.36113467202492,60.23925820946042,-53.74673635440961,21.190650576633292,0.5409063565269702,0.44333859107368984,catboost,,,,,,,,,,,,,,,,,,,,,,,,,,,,,,,,,,,,,,,,,,,,,,,,,,,,,,,reported loan_amount_000s among favorable actions 1/2/8,MAE/RMSE/absolute error kUSD; R2/RMSLE dimensionless; rates as named; percentage fields percent
hard_global_best_single_t065,hard_routing,global_best_single,selection,20,70000,67.23866887696863,131.59458345730744,0.6735238333586221,0.40990646163078964,38.07558122922117,149.44476262057827,8.210848165753914,34,0.0004857142857142857,56.073384184491694,167.5351537899376,231.74484266898045,-62.403169610423504,-139.04398006791277,0.5620365088419852,0.7298605180757187,113.24583089594199,7012,3513,7040,,regresionpart2/regression_v2/outputs/reports/prompt4a_hard_routing_results.csv,hard_global_best_single_t065|selection,regression_v2,development,development_only,development,157073755b24418cc40803d9642284ea6244fff5e35a4872a8b0104ed7a856f6,0.65,70000,10634,15.191428571428572,6982,6064,0.8685190489830994,63018,4570,0.07251896283601511,6982,63018,167.77843165968721,56.09949239169552,-62.711669893032465,16.068619296009498,0.5625895158980235,0.45572693516138246,catboost,,,,,,,,,,,,,,,,,,,,,,,,,,,,,,,,,,,,,,,,,,,,,,,,,,,,,,,reported loan_amount_000s among favorable actions 1/2/8,MAE/RMSE/absolute error kUSD; R2/RMSLE dimensionless; rates as named; percentage fields percent
hard_global_best_single_t065,hard_routing,global_best_single,audit,20,30000,66.70708907996989,125.38860391718349,0.6743789706684247,0.40907586095863335,37.680201112787806,149.5914374261686,7.777064270342482,16,0.0005333333333333334,56.25703812587353,160.72272577095552,218.32242331405394,-61.1027417434565,-133.70721721281527,0.571142952349217,0.7322259136212624,113.39213113807745,3001,1505,3009,,regresionpart2/regression_v2/outputs/reports/prompt4a_hard_routing_results.csv,hard_global_best_single_t065|audit,regression_v2,development,development_only,development,157073755b24418cc40803d9642284ea6244fff5e35a4872a8b0104ed7a856f6,0.65,30000,4520,15.066666666666666,2992,2600,0.8689839572192514,27008,1920,0.07109004739336493,2992,27008,160.88338223267212,56.274051864593524,-61.062170752959155,15.403211752189286,0.5705213903743316,0.45571682464454977,catboost,,,,,,,,,,,,,,,,,,,,,,,,,,,,,,,,,,,,,,,,,,,,,,,,,,,,,,,reported loan_amount_000s among favorable actions 1/2/8,MAE/RMSE/absolute error kUSD; R2/RMSLE dimensionless; rates as named; percentage fields percent
hard_global_best_single_t065,hard_routing,global_best_single,complete_validation,20,100000,67.07919493786902,129.76395753213478,0.6737654157749551,0.4096574582579768,37.95566875727245,149.4603978174356,8.080712997130483,50,0.0005,56.12848628549926,165.49339842341755,227.70713767666848,-62.01341788479003,-137.50449644442045,0.5647658044542095,0.7309148893761211,113.35078647941839,10013,5017,10038,,regresionpart2/regression_v2/outputs/reports/prompt4a_hard_routing_results.csv,hard_global_best_single_t065|complete_validation,regression_v2,development,development_only,development,157073755b24418cc40803d9642284ea6244fff5e35a4872a8b0104ed7a856f6,0.65,100000,15154,15.154,9974,8664,0.868658512131542,90026,6490,0.07209028502876946,9974,90026,165.71005509204846,56.15186062136282,-62.21685322699082,15.868995554607055,0.5649689191898937,0.4557239019838713,catboost,,,,,,,,,,,,,,,,,,,,,,,,,,,,,,,,,,,,,,,,,,,,,,,,,,,,,,,reported loan_amount_000s among favorable actions 1/2/8,MAE/RMSE/absolute error kUSD; R2/RMSLE dimensionless; rates as named; percentage fields percent
hard_global_best_ensemble_t035,hard_routing,global_best_ensemble,selection,20,70000,74.21107817604656,140.6062566616166,0.6272782405874776,0.42678048321671147,39.80466907487467,178.57356612477207,19.87234261858651,17,0.00024285714285714286,65.07928259180993,156.24096127072667,224.8093988733369,-47.53800051798959,-132.0433118408686,0.5185396463205932,0.7287218901224025,108.74141456100475,7012,3513,7040,,regresionpart2/regression_v2/outputs/reports/prompt4a_hard_routing_results.csv,hard_global_best_ensemble_t035|selection,regression_v2,development,development_only,development,157073755b24418cc40803d9642284ea6244fff5e35a4872a8b0104ed7a856f6,0.35,70000,15317,21.88142857142857,6982,6637,0.950587224291034,63018,8680,0.13773842394236568,6982,63018,156.44494032533865,65.10008091294145,-47.84101431470545,27.37455878076628,0.5194786594099112,0.43238439810847695,ens_boost_cat060,,,,,,,,,,,,,,,,,,,,,,,,,,,,,,,,,,,,,,,,,,,,,,,,,,,,,,,reported loan_amount_000s among favorable actions 1/2/8,MAE/RMSE/absolute error kUSD; R2/RMSLE dimensionless; rates as named; percentage fields percent
hard_global_best_ensemble_t035,hard_routing,global_best_ensemble,audit,20,30000,73.86303056606046,134.78182489557116,0.623765189500424,0.42761424900619593,39.5771979433305,179.335702074314,19.807014263915345,9,0.0003,65.4352878892429,149.68463154286755,211.05197818642137,-46.209236183942515,-125.78497092691329,0.530489836721093,0.7302325581395349,109.47175880280405,3001,1505,3009,,regresionpart2/regression_v2/outputs/reports/prompt4a_hard_routing_results.csv,hard_global_best_ensemble_t035|audit,regression_v2,development,development_only,development,157073755b24418cc40803d9642284ea6244fff5e35a4872a8b0104ed7a856f6,0.35,30000,6597,21.990000000000002,2992,2844,0.9505347593582888,27008,3753,0.13895882701421802,2992,27008,149.86085766144473,65.44384000513817,-46.354372782783244,27.136504416600555,0.5310828877005348,0.4303169431279621,ens_boost_cat060,,,,,,,,,,,,,,,,,,,,,,,,,,,,,,,,,,,,,,,,,,,,,,,,,,,,,,,reported loan_amount_000s among favorable actions 1/2/8,MAE/RMSE/absolute error kUSD; R2/RMSLE dimensionless; rates as named; percentage fields percent
hard_global_best_ensemble_t035,hard_routing,global_best_ensemble,complete_validation,20,100000,74.10666389305074,138.8845768446907,0.6262941688867614,0.42703078388357757,39.75448200579854,178.70182747034383,19.852744112185164,26,0.00026,65.18609565397882,154.2759612194628,220.64024077401473,-47.13975605913856,-130.196400783404,0.5221212423848997,0.7295196332469603,109.01704892195494,10013,5017,10038,,regresionpart2/regression_v2/outputs/reports/prompt4a_hard_routing_results.csv,hard_global_best_ensemble_t035|complete_validation,regression_v2,development,development_only,development,157073755b24418cc40803d9642284ea6244fff5e35a4872a8b0104ed7a856f6,0.35,100000,21914,21.914,9974,9481,0.9505714858632445,90026,12433,0.13810454757514495,9974,90026,154.46984755108852,65.20320940428894,-47.395051665466305,27.303141942659646,0.5229596952075396,0.43176415702130494,ens_boost_cat060,,,,,,,,,,,,,,,,,,,,,,,,,,,,,,,,,,,,,,,,,,,,,,,,,,,,,,,reported loan_amount_000s among favorable actions 1/2/8,MAE/RMSE/absolute error kUSD; R2/RMSLE dimensionless; rates as named; percentage fields percent
hard_global_best_ensemble_t050,hard_routing,global_best_ensemble,selection,20,70000,70.12468103680371,135.34020093995068,0.6546741504417253,0.4131531003523955,38.764824188039114,161.4941796941101,12.911416606638763,17,0.00024285714285714286,59.95860075121969,161.44542619201843,227.32892599899566,-54.3258046849752,-134.56283896652732,0.537934968625214,0.7287218901224025,112.32710486631305,7012,3513,7040,,regresionpart2/regression_v2/outputs/reports/prompt4a_hard_routing_results.csv,hard_global_best_ensemble_t050|selection,regression_v2,development,development_only,development,157073755b24418cc40803d9642284ea6244fff5e35a4872a8b0104ed7a856f6,0.5,70000,12852,18.360000000000003,6982,6399,0.9164995703236894,63018,6453,0.10239931448157669,6982,63018,161.66446744748384,59.982645606936536,-54.6320615022402,20.394811258265168,0.5386708679461473,0.44863372369799104,ens_boost_cat060,,,,,,,,,,,,,,,,,,,,,,,,,,,,,,,,,,,,,,,,,,,,,,,,,,,,,,,reported loan_amount_000s among favorable actions 1/2/8,MAE/RMSE/absolute error kUSD; R2/RMSLE dimensionless; rates as named; percentage fields percent
hard_global_best_ensemble_t050,hard_routing,global_best_ensemble,audit,20,30000,69.6944005593973,129.34553805694858,0.6535032109224082,0.4138367635640408,38.4564934752069,161.63985976671108,12.69634752238339,9,0.0003,60.286287783847364,154.33606561340346,213.53992975045142,-52.16043018795187,-128.2890351018255,0.5461512829056981,0.7308970099667774,112.46494798971744,3001,1505,3009,,regresionpart2/regression_v2/outputs/reports/prompt4a_hard_routing_results.csv,hard_global_best_ensemble_t050|audit,regression_v2,development,development_only,development,157073755b24418cc40803d9642284ea6244fff5e35a4872a8b0104ed7a856f6,0.5,30000,5503,18.343333333333334,2992,2751,0.919451871657754,27008,2752,0.1018957345971564,2992,27008,154.50566130764796,60.29884027508279,-52.20026340985254,19.8857232595446,0.5461229946524064,0.44786729857819907,ens_boost_cat060,,,,,,,,,,,,,,,,,,,,,,,,,,,,,,,,,,,,,,,,,,,,,,,,,,,,,,,reported loan_amount_000s among favorable actions 1/2/8,MAE/RMSE/absolute error kUSD; R2/RMSLE dimensionless; rates as named; percentage fields percent
hard_global_best_ensemble_t050,hard_routing,global_best_ensemble,complete_validation,20,100000,69.99559689358178,133.57005449538016,0.6543472305903064,0.413358318042235,38.649595692678616,161.52060217332115,12.846895881362153,26,0.00026,60.05691742133776,159.31467705625258,223.15079805850834,-53.67681947918602,-132.71179153000193,0.5403974832717467,0.7297189555511262,112.42905988158763,10013,5017,10038,,regresionpart2/regression_v2/outputs/reports/prompt4a_hard_routing_results.csv,hard_global_best_ensemble_t050|complete_validation,regression_v2,development,development_only,development,157073755b24418cc40803d9642284ea6244fff5e35a4872a8b0104ed7a856f6,0.5,100000,18355,18.355,9974,9150,0.9173852015239623,90026,9205,0.10224823939750739,9974,90026,159.51696915488418,60.077504709832304,-53.90257083726889,20.242083727669065,0.5409063565269702,0.4484037944593784,ens_boost_cat060,,,,,,,,,,,,,,,,,,,,,,,,,,,,,,,,,,,,,,,,,,,,,,,,,,,,,,,reported loan_amount_000s among favorable actions 1/2/8,MAE/RMSE/absolute error kUSD; R2/RMSLE dimensionless; rates as named; percentage fields percent
hard_global_best_ensemble_t065,hard_routing,global_best_ensemble,selection,20,70000,67.10550828654395,131.51716008141636,0.6739078833780954,0.40370869727929676,37.92076446612255,149.06038085765033,7.254038984091995,17,0.00024285714285714286,55.89298568724192,167.82632595409035,231.77856458805522,-62.69434177457626,-139.07770198698756,0.5620365088419852,0.7298605180757187,114.1214396338289,7012,3513,7040,,regresionpart2/regression_v2/outputs/reports/prompt4a_hard_routing_results.csv,hard_global_best_ensemble_t065|selection,regression_v2,development,development_only,development,157073755b24418cc40803d9642284ea6244fff5e35a4872a8b0104ed7a856f6,0.65,70000,10634,15.191428571428572,6982,6064,0.8685190489830994,63018,4570,0.07251896283601511,6982,63018,168.06479635523883,55.91985102519595,-62.998034588584034,15.03752906128302,0.5625895158980235,0.461360246278841,ens_boost_cat060,,,,,,,,,,,,,,,,,,,,,,,,,,,,,,,,,,,,,,,,,,,,,,,,,,,,,,,reported loan_amount_000s among favorable actions 1/2/8,MAE/RMSE/absolute error kUSD; R2/RMSLE dimensionless; rates as named; percentage fields percent
hard_global_best_ensemble_t065,hard_routing,global_best_ensemble,audit,20,30000,66.54619837048303,125.31628262954693,0.6747544839133037,0.4041482699047269,37.52661867513764,149.3088911069978,6.821476349510196,9,0.0003,56.04721581240657,161.00205644629312,218.3299846740885,-61.38552755182434,-133.71477857284987,0.571142952349217,0.7322259136212624,114.3531213757132,3001,1505,3009,,regresionpart2/regression_v2/outputs/reports/prompt4a_hard_routing_results.csv,hard_global_best_ensemble_t065|audit,regression_v2,development,development_only,development,157073755b24418cc40803d9642284ea6244fff5e35a4872a8b0104ed7a856f6,0.65,30000,4520,15.066666666666666,2992,2600,0.8689839572192514,27008,1920,0.07109004739336493,2992,27008,161.15595459787326,56.06514125287523,-61.338208644304565,14.37234192643162,0.5705213903743316,0.46071534360189575,ens_boost_cat060,,,,,,,,,,,,,,,,,,,,,,,,,,,,,,,,,,,,,,,,,,,,,,,,,,,,,,,reported loan_amount_000s among favorable actions 1/2/8,MAE/RMSE/absolute error kUSD; R2/RMSLE dimensionless; rates as named; percentage fields percent
hard_global_best_ensemble_t065,hard_routing,global_best_ensemble,complete_validation,20,100000,66.93771531172567,129.68803177141356,0.6741470681693444,0.40384061930588167,37.800872023156245,149.1380907702078,7.124270193717457,26,0.00026,55.93925969514663,165.78102157049906,227.73092808950466,-62.302076571092925,-137.52828685725657,0.5647658044542095,0.7309148893761211,114.2534900949541,10013,5017,10038,,regresionpart2/regression_v2/outputs/reports/prompt4a_hard_routing_results.csv,hard_global_best_ensemble_t065|complete_validation,regression_v2,development,development_only,development,157073755b24418cc40803d9642284ea6244fff5e35a4872a8b0104ed7a856f6,0.65,100000,15154,15.154,9974,8664,0.868658512131542,90026,6490,0.07209028502876946,9974,90026,165.9922823650606,55.96343841627365,-62.500120088355025,14.837971443060878,0.5649689191898937,0.46116677404305423,ens_boost_cat060,,,,,,,,,,,,,,,,,,,,,,,,,,,,,,,,,,,,,,,,,,,,,,,,,,,,,,,reported loan_amount_000s among favorable actions 1/2/8,MAE/RMSE/absolute error kUSD; R2/RMSLE dimensionless; rates as named; percentage fields percent
soft_global_best_single_a050,soft_mixture,global_best_single,selection,20,70000,64.23805178057033,127.76766131775453,0.6922363344102429,0.4053270056391894,37.73182807885213,138.87604305373523,5.6241872426351405,29,0.0004142857142857143,52.21410824176036,172.24777163547083,255.0239657878105,-99.95675138436448,-180.56430892463015,0.7119224187107815,0.7870765727298605,85.63942950514165,7012,3513,7040,,regresionpart2/regression_v2/outputs/reports/prompt4a_soft_mixture_results.csv,soft_global_best_single_a050|selection,regression_v2,development,development_only,development,0255c4dc87fca7e08a3e44baba9af3093474d8a8d9a12e717a3234ff5a75aacc,,70000,,,,,,,,,6982,63018,172.65982916812027,52.22559740690132,-100.3335269325302,17.363638833783774,0.7126897737038098,0.42448189406201403,catboost,13.722101810373138,60.34333409088845,464.2580698997409,13.375168388031497,63018,10.501451248719144,62947,71,0,0.9988733377765083,0.0011266622234917007,0.0,6982,39.31270873251529,6373,609,0,0.9127757089659123,0.08722429103408766,0.0,0.5,,,,,,,,,,,,,,,,,,,,,,,,,,,,,,,,,,reported loan_amount_000s among favorable actions 1/2/8,MAE/RMSE/absolute error kUSD; R2/RMSLE dimensionless; rates as named; percentage fields percent
soft_global_best_single_a050,soft_mixture,global_best_single,audit,20,30000,63.88227204136156,120.36631816209302,0.6999412722942949,0.4046815889827015,38.07026850914778,140.13101097601543,5.510523752350808,13,0.0004333333333333333,52.513748406421435,166.1611023045234,240.55224023606064,-96.78860085247969,-172.4042535733671,0.7094301899366877,0.7827242524916943,87.3883643666734,3001,1505,3009,,regresionpart2/regression_v2/outputs/reports/prompt4a_soft_mixture_results.csv,soft_global_best_single_a050|audit,regression_v2,development,development_only,development,0255c4dc87fca7e08a3e44baba9af3093474d8a8d9a12e717a3234ff5a75aacc,,30000,,,,,,,,,2992,27008,166.44599702422548,52.52005843247794,-96.90321074117985,16.856121116266824,0.7088903743315508,0.42605894549763035,catboost,13.633782033374537,58.93541095268229,306.8472065936427,13.27607727606666,27008,10.572834561454883,26990,18,0,0.9993335308056872,0.0006664691943127963,0.0,2992,37.67754092454087,2722,270,0,0.9097593582887701,0.09024064171122995,0.0,0.5,,,,,,,,,,,,,,,,,,,,,,,,,,,,,,,,,,reported loan_amount_000s among favorable actions 1/2/8,MAE/RMSE/absolute error kUSD; R2/RMSLE dimensionless; rates as named; percentage fields percent
soft_global_best_single_a050,soft_mixture,global_best_single,complete_validation,20,100000,64.1313178588077,125.5930645354088,0.6944001408906105,0.4051334886043998,37.83189114536571,139.22508071913495,5.590088195549842,42,0.00042,52.30400994762546,170.42353367859744,250.6641929575151,-99.00722379561122,-178.18279612904655,0.7111754718865475,0.7857285230217261,86.12459137262493,10013,5017,10038,,regresionpart2/regression_v2/outputs/reports/prompt4a_soft_mixture_results.csv,soft_global_best_single_a050|complete_validation,regression_v2,development,development_only,development,0255c4dc87fca7e08a3e44baba9af3093474d8a8d9a12e717a3234ff5a75aacc,,100000,,,,,,,,,9974,90026,170.7958041255563,52.31393636874316,-99.30450086029035,17.211382391037255,0.7115500300782033,0.42495501299624555,catboost,13.695605877273556,59.84756815097091,464.2580698997409,13.345441054442045,90026,10.522866401123636,89937,89,0,0.9990113967076178,0.0009886032923822007,0.0,9974,38.8221911787295,9095,879,0,0.9118708642470423,0.0881291357529577,0.0,0.5,,,,,,,,,,,,,,,,,,,,,,,,,,,,,,,,,,reported loan_amount_000s among favorable actions 1/2/8,MAE/RMSE/absolute error kUSD; R2/RMSLE dimensionless; rates as named; percentage fields percent
soft_global_best_single_a075,soft_mixture,global_best_single,selection,20,70000,66.29473476721596,129.17247417572563,0.6854313696987502,0.4130375368727044,38.679205098128165,146.68693401966846,12.311771436650892,27,0.0003857142857142857,55.44004925915715,163.8011424656768,242.50248125102806,-80.31623493122135,-160.60576689317486,0.6577296063890473,0.7643040136635354,86.09340886927569,7012,3513,7040,,regresionpart2/regression_v2/outputs/reports/prompt4a_soft_mixture_results.csv,soft_global_best_single_a075|selection,regression_v2,development,development_only,development,0255c4dc87fca7e08a3e44baba9af3093474d8a8d9a12e717a3234ff5a75aacc,,70000,,,,,,,,,6982,63018,164.17540652827864,55.45016892514322,-80.67717256627257,22.614364458143346,0.6585505585792036,0.4065981148243359,catboost,20.583152715559706,90.51500113633264,696.3871048496113,20.062752582047246,63018,15.752176873078716,62947,71,0,0.9988733377765083,0.0011266622234917007,0.0,6982,58.96906309877294,6373,609,0,0.9127757089659123,0.08722429103408766,0.0,0.75,,,,,,,,,,,,,,,,,,,,,,,,,,,,,,,,,,reported loan_amount_000s among favorable actions 1/2/8,MAE/RMSE/absolute error kUSD; R2/RMSLE dimensionless; rates as named; percentage fields percent
soft_global_best_single_a075,soft_mixture,global_best_single,audit,20,30000,65.89278787331921,122.27766023665711,0.690336120135592,0.4125140298426136,38.875536489515696,146.19446175017234,12.148562390384138,12,0.0004,55.7051103414209,157.54793805116722,228.11689085193137,-77.95421447293555,-153.64172374667118,0.6701099633455515,0.7714285714285715,87.16228487958827,3001,1505,3009,,regresionpart2/regression_v2/outputs/reports/prompt4a_soft_mixture_results.csv,soft_global_best_single_a075|audit,regression_v2,development,development_only,development,0255c4dc87fca7e08a3e44baba9af3093474d8a8d9a12e717a3234ff5a75aacc,,30000,,,,,,,,,2992,27008,157.8401456271874,55.7066765581691,-78.06444027890942,22.14253839699427,0.6697860962566845,0.4083975118483412,catboost,20.45067305006181,88.40311642902347,460.27080989046397,19.91411591409999,27008,15.859251842182324,26990,18,0,0.9993335308056872,0.0006664691943127963,0.0,2992,56.516311386811296,2722,270,0,0.9097593582887701,0.09024064171122995,0.0,0.75,,,,,,,,,,,,,,,,,,,,,,,,,,,,,,,,,,reported loan_amount_000s among favorable actions 1/2/8,MAE/RMSE/absolute error kUSD; R2/RMSLE dimensionless; rates as named; percentage fields percent
soft_global_best_single_a075,soft_mixture,global_best_single,complete_validation,20,100000,66.17415069904693,127.14329521119217,0.6868093699413338,0.41288055446001243,38.74877303150653,146.51953928241178,12.262808722770863,39,0.00039,55.51957612592723,161.9269922162068,238.18239678478017,-79.60831289034293,-158.58009150767936,0.661440127833816,0.7667929041259717,86.40052120358249,10013,5017,10038,,regresionpart2/regression_v2/outputs/reports/prompt4a_soft_mixture_results.csv,soft_global_best_single_a075|complete_validation,regression_v2,development,development_only,development,0255c4dc87fca7e08a3e44baba9af3093474d8a8d9a12e717a3234ff5a75aacc,,100000,,,,,,,,,9974,90026,162.2749552934616,55.52712178490332,-79.89340527092561,22.472815591599076,0.6619209945859234,0.40713793792904274,catboost,20.543408815910333,89.77135222645636,696.3871048496113,20.01816158166307,90026,15.784299601685454,89937,89,0,0.9990113967076178,0.0009886032923822007,0.0,9974,58.23328676809425,9095,879,0,0.9118708642470423,0.0881291357529577,0.0,0.75,,,,,,,,,,,,,,,,,,,,,,,,,,,,,,,,,,reported loan_amount_000s among favorable actions 1/2/8,MAE/RMSE/absolute error kUSD; R2/RMSLE dimensionless; rates as named; percentage fields percent
soft_global_best_single_a100,soft_mixture,global_best_single,selection,20,70000,69.0673384823229,131.95253008387124,0.6717453410437868,0.4222870157554123,39.81816743480101,156.76957502977103,18.999355630666635,27,0.0003857142857142857,59.10587825840185,158.55000485202314,231.7554086498075,-60.675718478078245,-140.64722486171962,0.5965487735310896,0.739823512667236,90.51883906184482,7012,3513,7040,,regresionpart2/regression_v2/outputs/reports/prompt4a_soft_mixture_results.csv,soft_global_best_single_a100|selection,regression_v2,development,development_only,development,0255c4dc87fca7e08a3e44baba9af3093474d8a8d9a12e717a3234ff5a75aacc,,70000,,,,,,,,,6982,63018,158.8788271429273,59.116787626562,-61.020818200014915,27.865090082502913,0.597393297049556,0.3930305626963725,catboost,27.444203620746276,120.6866681817769,928.516139799482,26.750336776062994,63018,21.002902497438292,62947,71,0,0.9988733377765083,0.0011266622234917007,0.0,6982,78.62541746503058,6373,609,0,0.9127757089659123,0.08722429103408766,0.0,1.0,,,,,,,,,,,,,,,,,,,,,,,,,,,,,,,,,,reported loan_amount_000s among favorable actions 1/2/8,MAE/RMSE/absolute error kUSD; R2/RMSLE dimensionless; rates as named; percentage fields percent
soft_global_best_single_a100,soft_mixture,global_best_single,audit,20,30000,68.60565342458713,125.58565296502897,0.6733547351585742,0.42183685465491677,39.7221542645522,156.00884305013554,18.78660102841747,12,0.0004,59.33471937661332,152.01316704046346,217.71291751329906,-59.11982809339142,-134.87919391997525,0.6047984005331556,0.7415282392026578,90.71492577097138,3001,1505,3009,,regresionpart2/regression_v2/outputs/reports/prompt4a_soft_mixture_results.csv,soft_global_best_single_a100|audit,regression_v2,development,development_only,development,0255c4dc87fca7e08a3e44baba9af3093474d8a8d9a12e717a3234ff5a75aacc,,30000,,,,,,,,,2992,27008,152.31685846908675,59.33195950081851,-59.22566981663898,27.428955677721707,0.6042780748663101,0.3928465639810427,catboost,27.267564066749074,117.87082190536464,613.6944131872854,26.55215455213332,27008,21.145669122909766,26990,18,0,0.9993335308056872,0.0006664691943127963,0.0,2992,75.35508184908174,2722,270,0,0.9097593582887701,0.09024064171122995,0.0,1.0,,,,,,,,,,,,,,,,,,,,,,,,,,,,,,,,,,reported loan_amount_000s among favorable actions 1/2/8,MAE/RMSE/absolute error kUSD; R2/RMSLE dimensionless; rates as named; percentage fields percent
soft_global_best_single_a100,soft_mixture,global_best_single,complete_validation,20,100000,68.92883296500217,130.07519366147517,0.6721986054347902,0.4221520178282632,39.802504191323905,156.474592718602,18.935529249991887,39,0.00039,59.174537968699916,156.59084673033226,227.53732357490355,-60.20940198507463,-138.97738688631225,0.5990212723459503,0.7410803268885788,90.59688903986198,10013,5017,10038,,regresionpart2/regression_v2/outputs/reports/prompt4a_soft_mixture_results.csv,soft_global_best_single_a100|complete_validation,regression_v2,development,development_only,development,0255c4dc87fca7e08a3e44baba9af3093474d8a8d9a12e717a3234ff5a75aacc,,100000,,,,,,,,,9974,90026,156.91036812226048,59.18133966686057,-60.48230968156086,27.73424879216089,0.5994585923400843,0.3929753626730056,catboost,27.39121175454711,119.69513630194182,928.516139799482,26.69088210888409,90026,21.045732802247272,89937,89,0,0.9990113967076178,0.0009886032923822007,0.0,9974,77.64438235745901,9095,879,0,0.9118708642470423,0.0881291357529577,0.0,1.0,,,,,,,,,,,,,,,,,,,,,,,,,,,,,,,,,,reported loan_amount_000s among favorable actions 1/2/8,MAE/RMSE/absolute error kUSD; R2/RMSLE dimensionless; rates as named; percentage fields percent
soft_global_best_ensemble_a050,soft_mixture,global_best_ensemble,selection,20,70000,63.90635448997917,126.78054071290533,0.6969734688062575,0.39956014058702033,37.61742035356737,138.50795969384703,4.585441749152319,15,0.00021428571428571427,51.832172678480354,172.36735904541092,254.7545807670528,-100.4856598398394,-180.21281156471082,0.716343411294923,0.7884998576715059,86.00213411841406,7012,3513,7040,,regresionpart2/regression_v2/outputs/reports/prompt4a_soft_mixture_results.csv,soft_global_best_ensemble_a050|selection,regression_v2,development,development_only,development,0255c4dc87fca7e08a3e44baba9af3093474d8a8d9a12e717a3234ff5a75aacc,,70000,,,,,,,,,6982,63018,172.77811258580843,51.84404507005028,-100.85556426704557,16.267645310120514,0.7171297622457748,0.42987717794915736,ens_boost_cat060,13.901065031612564,60.899811614631695,462.0485704576473,13.551399198532241,63018,10.675284497848406,62969,49,0,0.9992224443809705,0.0007775556190294837,0.0,6982,39.51057940587886,6446,536,0,0.9232311658550558,0.07676883414494415,0.0,0.5,,,,,,,,,,,,,,,,,,,,,,,,,,,,,,,,,,reported loan_amount_000s among favorable actions 1/2/8,MAE/RMSE/absolute error kUSD; R2/RMSLE dimensionless; rates as named; percentage fields percent
soft_global_best_ensemble_a050,soft_mixture,global_best_ensemble,audit,20,30000,63.54502038843217,119.8720629026111,0.70240045050929,0.39961050266065024,37.76839981577393,139.09933389326622,4.380195644790122,7,0.00023333333333333333,52.103710949718405,166.47868034705698,240.87269703693022,-98.19505737145771,-173.39527874911812,0.7174275241586138,0.7933554817275748,87.69095720327819,3001,1505,3009,,regresionpart2/regression_v2/outputs/reports/prompt4a_soft_mixture_results.csv,soft_global_best_ensemble_a050|audit,regression_v2,development,development_only,development,0255c4dc87fca7e08a3e44baba9af3093474d8a8d9a12e717a3234ff5a75aacc,,30000,,,,,,,,,2992,27008,166.75930681945954,52.11073628736457,-98.30704442085468,15.756092500403614,0.7169117647058824,0.4307242298578199,ens_boost_cat060,13.870064041368478,59.748716828329876,326.9444397785742,13.54121865617863,27008,10.750242880136101,26995,13,0,0.9995186611374408,0.0004813388625592417,0.0,2992,38.7346256613112,2745,247,0,0.9174465240641712,0.08255347593582887,0.0,0.5,,,,,,,,,,,,,,,,,,,,,,,,,,,,,,,,,,reported loan_amount_000s among favorable actions 1/2/8,MAE/RMSE/absolute error kUSD; R2/RMSLE dimensionless; rates as named; percentage fields percent
soft_global_best_ensemble_a050,soft_mixture,global_best_ensemble,complete_validation,20,100000,63.797954259515066,124.74817550480616,0.6984979705857515,0.39957524987560583,37.67754711781835,138.7187917408656,4.52386791784366,22,0.00022,51.913642910682306,170.6024609355777,250.56711723994883,-99.79914251160478,-178.22962741942177,0.7166683311694797,0.7899142914092087,86.4648339931241,10013,5017,10038,,regresionpart2/regression_v2/outputs/reports/prompt4a_soft_mixture_results.csv,soft_global_best_ensemble_a050|complete_validation,regression_v2,development,development_only,development,0255c4dc87fca7e08a3e44baba9af3093474d8a8d9a12e717a3234ff5a75aacc,,100000,,,,,,,,,9974,90026,170.97259154581286,51.924053027720554,-100.0910594164537,16.11417833074973,0.7170643673551234,0.4301312954035501,ens_boost_cat060,13.891764734539342,60.53944102882639,462.0485704576473,13.548345035826161,90026,10.697772179060788,89964,62,0,0.999311310065981,0.0006886899340190611,0.0,9974,39.27780884203823,9191,783,0,0.9214958893122117,0.07850411068778824,0.0,0.5,,,,,,,,,,,,,,,,,,,,,,,,,,,,,,,,,,reported loan_amount_000s among favorable actions 1/2/8,MAE/RMSE/absolute error kUSD; R2/RMSLE dimensionless; rates as named; percentage fields percent
soft_global_best_ensemble_a075,soft_mixture,global_best_ensemble,selection,20,70000,65.98364203688654,128.564976258596,0.6883832434309436,0.40761003950333213,38.62982876208788,145.86359202232768,11.361141348418439,15,0.00021428571428571427,55.08118183680357,163.91920437043265,242.4199070240084,-80.7445998761768,-160.49681791567195,0.6611523103251569,0.7688585254768004,86.35172227653774,7012,3513,7040,,regresionpart2/regression_v2/outputs/reports/prompt4a_soft_mixture_results.csv,soft_global_best_ensemble_a075|selection,regression_v2,development,development_only,development,0255c4dc87fca7e08a3e44baba9af3093474d8a8d9a12e717a3234ff5a75aacc,,70000,,,,,,,,,6982,63018,164.29230597138107,55.09165734059912,-81.10027456410616,21.605287559044715,0.6619879690633056,0.4114538703227649,ens_boost_cat060,20.851597547418844,91.34971742194752,693.0728556864707,20.327098797798364,63018,16.012926746772607,62969,49,0,0.9992224443809705,0.0007775556190294837,0.0,6982,59.26586910881829,6446,536,0,0.9232311658550558,0.07676883414494415,0.0,0.75,,,,,,,,,,,,,,,,,,,,,,,,,,,,,,,,,,reported loan_amount_000s among favorable actions 1/2/8,MAE/RMSE/absolute error kUSD; R2/RMSLE dimensionless; rates as named; percentage fields percent
soft_global_best_ensemble_a075,soft_mixture,global_best_ensemble,audit,20,30000,65.56649485067447,121.8939207604284,0.6922766838416803,0.4077671289379198,38.56610616025871,145.77111871517843,11.15080497287944,7,0.00023333333333333333,55.31980941447988,157.7525195397175,228.33838953594693,-78.83260191945573,-154.20683485360982,0.6697767410863046,0.7700996677740863,87.31571845023299,3001,1505,3009,,regresionpart2/regression_v2/outputs/reports/prompt4a_soft_mixture_results.csv,soft_global_best_ensemble_a075|audit,regression_v2,development,development_only,development,0255c4dc87fca7e08a3e44baba9af3093474d8a8d9a12e717a3234ff5a75aacc,,30000,,,,,,,,,2992,27008,158.0405125908462,55.322039093913745,-78.93973159019909,21.131213940471667,0.669451871657754,0.4119149881516588,ens_boost_cat060,20.805096062052716,89.62307524249485,490.41665966786115,20.311827984267943,27008,16.12536432020415,26995,13,0,0.9995186611374408,0.0004813388625592417,0.0,2992,58.1019384919668,2745,247,0,0.9174465240641712,0.08255347593582887,0.0,0.75,,,,,,,,,,,,,,,,,,,,,,,,,,,,,,,,,,reported loan_amount_000s among favorable actions 1/2/8,MAE/RMSE/absolute error kUSD; R2/RMSLE dimensionless; rates as named; percentage fields percent
soft_global_best_ensemble_a075,soft_mixture,global_best_ensemble,complete_validation,20,100000,65.85849788102293,126.60057487928809,0.6894774170027286,0.40765717268977103,38.610576155641,145.8512643038882,11.298040435756738,22,0.00022,55.15277780032811,162.07098493799722,238.1879880915792,-80.17155424868056,-158.67011226360458,0.6637371417157695,0.7695834163842934,86.62555145001693,10013,5017,10038,,regresionpart2/regression_v2/outputs/reports/prompt4a_soft_mixture_results.csv,soft_global_best_ensemble_a075|complete_validation,regression_v2,development,development_only,development,0255c4dc87fca7e08a3e44baba9af3093474d8a8d9a12e717a3234ff5a75aacc,,100000,,,,,,,,,9974,90026,162.4168933190289,55.16077237840509,-80.4521549954346,21.463064420280126,0.6642269901744535,0.4115922066958434,ens_boost_cat060,20.83764710180901,90.80916154323955,693.0728556864707,20.322517553739235,90026,16.046658268591184,89964,62,0,0.999311310065981,0.0006886899340190611,0.0,9974,58.91671326305735,9191,783,0,0.9214958893122117,0.07850411068778824,0.0,0.75,,,,,,,,,,,,,,,,,,,,,,,,,,,,,,,,,,reported loan_amount_000s among favorable actions 1/2/8,MAE/RMSE/absolute error kUSD; R2/RMSLE dimensionless; rates as named; percentage fields percent
soft_global_best_ensemble_a100,soft_mixture,global_best_ensemble,selection,20,70000,68.79908340056912,131.72410805751403,0.6728808356817841,0.4170598003649337,39.710828425044696,155.86046484464794,18.136840947684558,14,0.0002,58.78873510840782,158.7209057375137,231.845894504662,-61.00353991251419,-140.78082426663315,0.5979749001711352,0.7395388556789069,90.79199991526201,7012,3513,7040,,regresionpart2/regression_v2/outputs/reports/prompt4a_soft_mixture_results.csv,soft_global_best_ensemble_a100|selection,regression_v2,development,development_only,development,0255c4dc87fca7e08a3e44baba9af3093474d8a8d9a12e717a3234ff5a75aacc,,70000,,,,,,,,,6982,63018,159.048197834427,58.800046348025454,-61.34498486116672,26.94292980796892,0.5986823259810943,0.3975372115903393,ens_boost_cat060,27.80213006322513,121.79962322926333,924.0971409152945,27.102798397064486,63018,21.35056899569681,62969,49,0,0.9992224443809705,0.0007775556190294837,0.0,6982,79.02115881175772,6446,536,0,0.9232311658550558,0.07676883414494415,0.0,1.0,,,,,,,,,,,,,,,,,,,,,,,,,,,,,,,,,,reported loan_amount_000s among favorable actions 1/2/8,MAE/RMSE/absolute error kUSD; R2/RMSLE dimensionless; rates as named; percentage fields percent
soft_global_best_ensemble_a100,soft_mixture,global_best_ensemble,audit,20,30000,68.3290506564871,125.348972482615,0.6745847754817442,0.4174123103384302,39.33998243788514,155.86426449365467,17.921414300968753,7,0.00023333333333333333,59.00291988709614,152.23315083735542,217.87632816940194,-59.47014646745376,-135.01839095810155,0.6084638453848717,0.7421926910299004,90.95434009954413,3001,1505,3009,,regresionpart2/regression_v2/outputs/reports/prompt4a_soft_mixture_results.csv,soft_global_best_ensemble_a100|audit,regression_v2,development,development_only,development,0255c4dc87fca7e08a3e44baba9af3093474d8a8d9a12e717a3234ff5a75aacc,,30000,,,,,,,,,2992,27008,152.53310186832925,59.00075825327945,-59.572418759543474,26.506335380539713,0.6079545454545454,0.396512144549763,ens_boost_cat060,27.740128082736955,119.49743365665981,653.8888795571484,27.08243731235726,27008,21.500485760272202,26995,13,0,0.9995186611374408,0.0004813388625592417,0.0,2992,77.4692513226224,2745,247,0,0.9174465240641712,0.08255347593582887,0.0,1.0,,,,,,,,,,,,,,,,,,,,,,,,,,,,,,,,,,reported loan_amount_000s among favorable actions 1/2/8,MAE/RMSE/absolute error kUSD; R2/RMSLE dimensionless; rates as named; percentage fields percent
soft_global_best_ensemble_a100,soft_mixture,global_best_ensemble,complete_validation,20,100000,68.6580735773445,129.84443739035396,0.6733606276445347,0.4171655846338797,39.59058155287117,155.8641150394151,18.07221295366982,21,0.00021,58.852997444520895,156.7764582736792,227.64680814691843,-60.54396598575633,-139.1105971077874,0.6011185458903425,0.7410803268885788,90.86048966245264,10013,5017,10038,,regresionpart2/regression_v2/outputs/reports/prompt4a_soft_mixture_results.csv,soft_global_best_ensemble_a100|complete_validation,regression_v2,development,development_only,development,0255c4dc87fca7e08a3e44baba9af3093474d8a8d9a12e717a3234ff5a75aacc,,100000,,,,,,,,,9974,90026,157.09379968618512,58.86026036549929,-60.8132505744155,26.811950509810515,0.6014638058953279,0.3972296892008975,ens_boost_cat060,27.783529469078683,121.07888205765278,924.0971409152945,27.096690071652322,90026,21.395544358121576,89964,62,0,0.999311310065981,0.0006886899340190611,0.0,9974,78.55561768407647,9191,783,0,0.9214958893122117,0.07850411068778824,0.0,1.0,,,,,,,,,,,,,,,,,,,,,,,,,,,,,,,,,,reported loan_amount_000s among favorable actions 1/2/8,MAE/RMSE/absolute error kUSD; R2/RMSLE dimensionless; rates as named; percentage fields percent
tail_weighted_catboost_w2,tail_weighted,catboost,selection,6,70000,62.8164668376795,128.39040295922985,0.6892289330290406,0.39715299630703954,37.0913004008207,132.6002748036867,-7.323536488759366,25,0.00035714285714285714,48.03456167317221,195.60064289329625,282.65868597713956,-136.06466963693026,-215.9610569136149,0.7853679406731318,0.8189581554227157,97.66038865759937,7012,3513,7040,,regresionpart2/regression_v2/outputs/reports/prompt4a_tail_weighted_results.csv,tail_weighted_catboost_w2|selection,regression_v2,development,development_only,development,7284e17fda5b5b4f807a2d3ccf6e7b115603f9e90b0f13f3e304b60d8522b5c5,,,,,,,,,,,6982,63018,196.06701650271782,48.05313988726378,-136.45867216850255,6.9838283485246935,0.7857347464909767,0.46916753943317785,,,,,,,,,,,,,,,,,,,,,,,,,,,,,,,,,,,,,,,,,,,,,,,,,,,,,,,,reported loan_amount_000s among favorable actions 1/2/8,MAE/RMSE/absolute error kUSD; R2/RMSLE dimensionless; rates as named; percentage fields percent
tail_weighted_catboost_w2,tail_weighted,catboost,audit,6,30000,62.31878729422519,120.50888834331523,0.6992300307560619,0.3962847920225806,36.821931056979835,134.43474306578034,-7.479459252030206,14,0.00046666666666666666,48.24638098050506,188.92355172745732,268.29752234101403,-132.5907313165818,-207.78494500691022,0.7817394201932689,0.8159468438538205,98.70798663290905,3001,1505,3009,,regresionpart2/regression_v2/outputs/reports/prompt4a_tail_weighted_results.csv,tail_weighted_catboost_w2|audit,regression_v2,development,development_only,development,7284e17fda5b5b4f807a2d3ccf6e7b115603f9e90b0f13f3e304b60d8522b5c5,,,,,,,,,,,2992,27008,189.19093653179786,48.26363805996803,-132.71790911015987,6.3947055130588035,0.7814171122994652,0.46893513033175355,,,,,,,,,,,,,,,,,,,,,,,,,,,,,,,,,,,,,,,,,,,,,,,,,,,,,,,,reported loan_amount_000s among favorable actions 1/2/8,MAE/RMSE/absolute error kUSD; R2/RMSLE dimensionless; rates as named; percentage fields percent
tail_weighted_catboost_w2,tail_weighted,catboost,complete_validation,6,100000,62.6671629746432,126.07769252070675,0.6920371443854103,0.39689273443775147,36.993081047388216,133.24250407797706,-7.370313317740618,39,0.00039,48.09811429164688,193.5994493859875,278.3467150417013,-135.02349427496426,-213.61191901933012,0.7842804354339359,0.8184173809049232,97.90070677802096,10013,5017,10038,,regresionpart2/regression_v2/outputs/reports/prompt4a_tail_weighted_results.csv,tail_weighted_catboost_w2|complete_validation,regression_v2,development,development_only,development,7284e17fda5b5b4f807a2d3ccf6e7b115603f9e90b0f13f3e304b60d8522b5c5,,,,,,,,,,,9974,90026,194.0043303915295,48.116289806713674,-135.33651826128767,6.807090189101162,0.7844395428113095,0.46909781618643503,,,,,,,,,,,,,,,,,,,,,,,,,,,,,,,,,,,,,,,,,,,,,,,,,,,,,,,,reported loan_amount_000s among favorable actions 1/2/8,MAE/RMSE/absolute error kUSD; R2/RMSLE dimensionless; rates as named; percentage fields percent
tail_weighted_catboost_w4,tail_weighted,catboost,selection,6,70000,62.881012653894885,127.83650828292659,0.6919045712264837,0.40148558923805433,37.421997779694735,132.9555876109579,-7.292850573652872,45,0.0006428571428571428,48.15757005788237,195.14002609337524,282.18637536886496,-136.6067854957493,-216.07190626540543,0.7896463205932687,0.8229433532593226,97.29440134815437,7012,3513,7040,,regresionpart2/regression_v2/outputs/reports/prompt4a_tail_weighted_results.csv,tail_weighted_catboost_w4|selection,regression_v2,development,development_only,development,7284e17fda5b5b4f807a2d3ccf6e7b115603f9e90b0f13f3e304b60d8522b5c5,,,,,,,,,,,6982,63018,195.6118224988122,48.17526962274167,-136.99751205159535,7.077614157677772,0.7901747350329419,0.46810435113777016,,,,,,,,,,,,,,,,,,,,,,,,,,,,,,,,,,,,,,,,,,,,,,,,,,,,,,,,reported loan_amount_000s among favorable actions 1/2/8,MAE/RMSE/absolute error kUSD; R2/RMSLE dimensionless; rates as named; percentage fields percent
tail_weighted_catboost_w4,tail_weighted,catboost,audit,6,30000,62.33581570334306,120.36445743240562,0.6999505493723939,0.40125793915734126,37.127483465362474,134.41167572823255,-7.373779154992194,18,0.0006,48.324122930485686,188.39436057984292,267.8120163518278,-132.86324565971225,-206.77368904820185,0.789403532155948,0.8179401993355482,98.38941128585108,3001,1505,3009,,regresionpart2/regression_v2/outputs/reports/prompt4a_tail_weighted_results.csv,tail_weighted_catboost_w4|audit,regression_v2,development,development_only,development,7284e17fda5b5b4f807a2d3ccf6e7b115603f9e90b0f13f3e304b60d8522b5c5,,,,,,,,,,,2992,27008,188.65847361838976,48.34154021156952,-132.9864269746511,6.541840005124047,0.7891042780748663,0.4673800355450237,,,,,,,,,,,,,,,,,,,,,,,,,,,,,,,,,,,,,,,,,,,,,,,,,,,,,,,,reported loan_amount_000s among favorable actions 1/2/8,MAE/RMSE/absolute error kUSD; R2/RMSLE dimensionless; rates as named; percentage fields percent
tail_weighted_catboost_w4,tail_weighted,catboost,complete_validation,6,100000,62.71745356872933,125.64156071491131,0.6941640882544484,0.4014173077697552,37.29006968046352,133.37821179047782,-7.3171291480546685,63,0.00063,48.20754128714235,193.1182801425003,277.8749848399012,-135.48480776200842,-213.36302861234665,0.7895735543793069,0.8216065377715767,97.52876825167965,10013,5017,10038,,regresionpart2/regression_v2/outputs/reports/prompt4a_tail_weighted_results.csv,tail_weighted_catboost_w4|complete_validation,regression_v2,development,development_only,development,7284e17fda5b5b4f807a2d3ccf6e7b115603f9e90b0f13f3e304b60d8522b5c5,,,,,,,,,,,9974,90026,193.52595726417977,48.225151168773515,-135.79426695933375,6.9168807216462795,0.7898536194104672,0.4678870548508209,,,,,,,,,,,,,,,,,,,,,,,,,,,,,,,,,,,,,,,,,,,,,,,,,,,,,,,,reported loan_amount_000s among favorable actions 1/2/8,MAE/RMSE/absolute error kUSD; R2/RMSLE dimensionless; rates as named; percentage fields percent
nf_oldraw_residual_symcap25,,,selection,,70000,62.331590634607046,125.78567201036152,0.7017106115956557,0.39084644930016826,36.88333590109342,132.51972703728546,-6.526815100570251,17,0.00024285714285714286,48.1523638525501,189.7019751965299,268.84635905997607,-121.55105357864966,-194.02658938747427,0.7538505419281232,0.793623683461429,100.67891901526177,7012,3513,7040,,regresionpart2/regression_v2/outputs/reports/prompt4b2_blockA_candidates.csv,nf_oldraw_residual_symcap25|selection,regression_v2,development,development_only,development,80b494238e5d0bcac32cefd05677593c60f6f144a16f5779ca4806c921a714e2,,,,,,,,,,,6982,63018,190.11974680812486,48.17346269650205,-121.89713572006585,6.255494375536864,0.7542251503867087,0.4752451680472246,,,,,,,,,,,,,,,,,,,,,,,Block A,True,True,False,True,True,True,5,6,PARTIAL,,,,,,,,,,,,,,,,,,,,,,,,reported loan_amount_000s among favorable actions 1/2/8,MAE/RMSE/absolute error kUSD; R2/RMSLE dimensionless; rates as named; percentage fields percent
nf_oldraw_residual_symcap25,,,audit,,30000,61.848542900485924,118.84876520848202,0.7074597293812714,0.39066263918277067,36.459483142184894,133.60763702741775,-6.754621018965521,9,0.0003,48.30458700089913,183.6990145209271,255.7358099026149,-118.73912951272848,-186.6200238666856,0.7480839720093302,0.7940199335548173,102.21691014931109,3001,1505,3009,,regresionpart2/regression_v2/outputs/reports/prompt4b2_blockA_candidates.csv,nf_oldraw_residual_symcap25|audit,regression_v2,development,development_only,development,80b494238e5d0bcac32cefd05677593c60f6f144a16f5779ca4806c921a714e2,,,,,,,,,,,2992,27008,183.93308522657824,48.32377428971622,-118.81085112656619,5.659191202670334,0.7476604278074866,0.47326718009478674,,,,,,,,,,,,,,,,,,,,,,,Block A,True,True,False,True,True,True,5,6,PARTIAL,,,,,,,,,,,,,,,,,,,,,,,,reported loan_amount_000s among favorable actions 1/2/8,MAE/RMSE/absolute error kUSD; R2/RMSLE dimensionless; rates as named; percentage fields percent
nf_oldraw_residual_symcap25,,,complete_validation,,100000,62.18667631437073,123.74543787810134,0.7033254938737714,0.39079131534280365,36.7712516782053,132.82590338857568,-6.595156876088833,26,0.00026,48.19803570273153,187.90282559226705,264.887624474599,-120.70829075813337,-191.87629725382132,0.7521222410865874,0.7937014151883596,101.07693119476701,10013,5017,10038,,regresionpart2/regression_v2/outputs/reports/prompt4b2_blockA_candidates.csv,nf_oldraw_residual_symcap25|complete_validation,regression_v2,development,development_only,development,80b494238e5d0bcac32cefd05677593c60f6f144a16f5779ca4806c921a714e2,,,,,,,,,,,9974,90026,188.2638723894375,48.2185565083956,-120.97131222861299,6.0766020989414455,0.752255865249649,0.4746517672672339,,,,,,,,,,,,,,,,,,,,,,,Block A,True,True,False,True,True,True,5,6,PARTIAL,,,,,,,,,,,,,,,,,,,,,,,,reported loan_amount_000s among favorable actions 1/2/8,MAE/RMSE/absolute error kUSD; R2/RMSLE dimensionless; rates as named; percentage fields percent
nf_oldplatt_residual,,,selection,,70000,62.36999361314938,125.57359062614013,0.70271562741558,0.39080379337421794,36.9056596225014,132.09744220523214,-7.86237828766355,17,0.00024285714285714286,47.65843709291661,194.522235783204,276.63947841252457,-130.08368174197307,-202.93071657822802,0.7779520821448944,0.8018787361229718,99.99037077427631,7012,3513,7040,,regresionpart2/regression_v2/outputs/reports/prompt4b2_blockA_candidates.csv,nf_oldplatt_residual|selection,regression_v2,development,development_only,development,80b494238e5d0bcac32cefd05677593c60f6f144a16f5779ca4806c921a714e2,,,,,,,,,,,6982,63018,194.978183624336,47.67783609215373,-130.44448521786506,5.718951976493788,0.7782870237754225,0.47611793455838014,,,,,,,,,,,,,,,,,,,,,,,Block A,True,False,False,True,True,True,4,6,PARTIAL,,,,,,,,,,,,,,,,,,,,,,,,reported loan_amount_000s among favorable actions 1/2/8,MAE/RMSE/absolute error kUSD; R2/RMSLE dimensionless; rates as named; percentage fields percent
nf_oldplatt_residual,,,audit,,30000,61.84455393929438,118.88605809975837,0.7072761114172204,0.39056863548761755,36.45215357720206,133.71423559117198,-8.114892395531658,9,0.0003,47.80008575850167,188.19796827225758,263.3924406737063,-127.54145485774293,-196.15903455925854,0.7767410863045652,0.8059800664451827,101.07655409631951,3001,1505,3009,,regresionpart2/regression_v2/outputs/reports/prompt4b2_blockA_candidates.csv,nf_oldplatt_residual|audit,regression_v2,development,development_only,development,80b494238e5d0bcac32cefd05677593c60f6f144a16f5779ca4806c921a714e2,,,,,,,,,,,2992,27008,188.45028008605377,47.818919585358366,-127.63494589547673,5.1257770384077554,0.776403743315508,0.4741187796208531,,,,,,,,,,,,,,,,,,,,,,,Block A,True,False,False,True,True,True,4,6,PARTIAL,,,,,,,,,,,,,,,,,,,,,,,,reported loan_amount_000s among favorable actions 1/2/8,MAE/RMSE/absolute error kUSD; R2/RMSLE dimensionless; rates as named; percentage fields percent
nf_oldplatt_residual,,,complete_validation,,100000,62.21236171099289,123.60532798819287,0.70399692873418,0.3907332608685531,36.79364485346511,132.78049581581905,-7.9381325200239825,26,0.00026,47.700936257486276,192.6267871863449,272.6351891074018,-129.32174996532524,-200.97019542913569,0.7775891341256367,0.8032688857883197,100.2347490832086,10013,5017,10038,,regresionpart2/regression_v2/outputs/reports/prompt4b2_blockA_candidates.csv,nf_oldplatt_residual|complete_validation,regression_v2,development,development_only,development,80b494238e5d0bcac32cefd05677593c60f6f144a16f5779ca4806c921a714e2,,,,,,,,,,,9974,90026,193.01994346125798,47.72016145354345,-129.6016797584119,5.540998177282143,0.7777220774012432,0.47551818363583853,,,,,,,,,,,,,,,,,,,,,,,Block A,True,False,False,True,True,True,4,6,PARTIAL,,,,,,,,,,,,,,,,,,,,,,,,reported loan_amount_000s among favorable actions 1/2/8,MAE/RMSE/absolute error kUSD; R2/RMSLE dimensionless; rates as named; percentage fields percent
nf_oldraw_residual_positive_cap25,,,selection,,70000,62.33836127590894,125.78978301226743,0.7016911135357662,0.3908529217838205,36.88902421857358,132.51339619294342,-6.486899797895951,17,0.00024285714285714286,48.155246934203866,189.74366734483624,268.8380107393805,-121.17848203843383,-193.38484141573275,0.7532800912721049,0.7927697124964418,100.74026254160106,7012,3513,7040,,regresionpart2/regression_v2/outputs/reports/prompt4b2_blockA_candidates.csv,nf_oldraw_residual_positive_cap25|selection,regression_v2,development,development_only,development,80b494238e5d0bcac32cefd05677593c60f6f144a16f5779ca4806c921a714e2,,,,,,,,,,,6982,63018,190.16161809771583,48.17634440565193,-121.52296332820201,6.258376084686754,0.7536522486393583,0.4752451680472246,,,,,,,,,,,,,,,,,,,,,,,Block A,True,True,False,True,True,True,5,6,PARTIAL,,,,,,,,,,,,,,,,,,,,,,,,reported loan_amount_000s among favorable actions 1/2/8,MAE/RMSE/absolute error kUSD; R2/RMSLE dimensionless; rates as named; percentage fields percent
nf_oldraw_residual_positive_cap25,,,audit,,30000,61.85670385160744,118.84185598050829,0.7074937418283678,0.3906706057352559,36.46100201369799,133.6859135580771,-6.7141742834896085,9,0.0003,48.307372028306524,183.7555408717013,255.72001439080105,-118.35985290183042,-185.99274633357192,0.7470843052315894,0.7920265780730897,102.29016279378337,3001,1505,3009,,regresionpart2/regression_v2/outputs/reports/prompt4b2_blockA_candidates.csv,nf_oldraw_residual_positive_cap25|audit,regression_v2,development,development_only,development,80b494238e5d0bcac32cefd05677593c60f6f144a16f5779ca4806c921a714e2,,,,,,,,,,,2992,27008,183.98978160982466,48.32655838905613,-118.43043364350966,5.661975302010243,0.7466577540106952,0.47326718009478674,,,,,,,,,,,,,,,,,,,,,,,Block A,True,True,False,True,True,True,5,6,PARTIAL,,,,,,,,,,,,,,,,,,,,,,,,reported loan_amount_000s among favorable actions 1/2/8,MAE/RMSE/absolute error kUSD; R2/RMSLE dimensionless; rates as named; percentage fields percent
nf_oldraw_residual_positive_cap25,,,complete_validation,,100000,62.1938640486185,123.74637237939093,0.7033210130014231,0.39079823589997187,36.78363061588469,132.86475509203947,-6.555082143574048,26,0.00026,48.2008893649514,187.94896370498026,264.87816970392294,-120.33370963865886,-191.2389724441404,0.7514231499051234,0.7925054813633645,101.14134934154632,10013,5017,10038,,regresionpart2/regression_v2/outputs/reports/prompt4b2_blockA_candidates.csv,nf_oldraw_residual_positive_cap25|complete_validation,regression_v2,development,development_only,development,80b494238e5d0bcac32cefd05677593c60f6f144a16f5779ca4806c921a714e2,,,,,,,,,,,9974,90026,188.31019090985032,48.22140893438564,-120.59526643461875,6.079454524931491,0.7515540405053138,0.4746517672672339,,,,,,,,,,,,,,,,,,,,,,,Block A,True,True,False,True,True,True,5,6,PARTIAL,,,,,,,,,,,,,,,,,,,,,,,,reported loan_amount_000s among favorable actions 1/2/8,MAE/RMSE/absolute error kUSD; R2/RMSLE dimensionless; rates as named; percentage fields percent
nf_meta_residual_positive_cap25,,,selection,,70000,62.390252680700456,126.15072750888642,0.6999767067203357,0.39083567234407673,36.8952755791919,132.03320240929773,-7.81260572224017,17,0.00024285714285714286,47.620555875694706,195.06476242880422,277.2902481120851,-129.24504765022473,-200.73282973513656,0.7778094694808899,0.7947623114147452,100.07407214439343,7012,3513,7040,,regresionpart2/regression_v2/outputs/reports/prompt4b2_blockA_candidates.csv,nf_meta_residual_positive_cap25|selection,regression_v2,development,development_only,development,80b494238e5d0bcac32cefd05677593c60f6f144a16f5779ca4806c921a714e2,,,,,,,,,,,6982,63018,195.52396614334123,47.63987045028761,-129.60132294916195,5.6808219282464805,0.7781437983385849,0.47613380304040115,,,,,,,,,,,,,,,,,,,,,,,Block A,True,False,True,True,True,True,5,6,PARTIAL,,,,,,,,,,,,,,,,,,,,,,,,reported loan_amount_000s among favorable actions 1/2/8,MAE/RMSE/absolute error kUSD; R2/RMSLE dimensionless; rates as named; percentage fields percent
nf_meta_residual_positive_cap25,,,audit,,30000,61.87311664853881,119.26200528784929,0.7054218532269323,0.39060645097680474,36.44965566947327,133.8925631677387,-8.001745605734449,9,0.0003,47.76990413143215,188.75503425912294,263.8567545635625,-126.13342656297445,-192.98263787792692,0.7747417527490836,0.7953488372093023,101.31950172613999,3001,1505,3009,,regresionpart2/regression_v2/outputs/reports/prompt4b2_blockA_candidates.csv,nf_meta_residual_positive_cap25|audit,regression_v2,development,development_only,development,80b494238e5d0bcac32cefd05677593c60f6f144a16f5779ca4806c921a714e2,,,,,,,,,,,2992,27008,189.00902173932346,47.78874801585119,-126.22268222147935,5.095005073853402,0.7743983957219251,0.4741187796208531,,,,,,,,,,,,,,,,,,,,,,,Block A,True,False,True,True,True,True,5,6,PARTIAL,,,,,,,,,,,,,,,,,,,,,,,,reported loan_amount_000s among favorable actions 1/2/8,MAE/RMSE/absolute error kUSD; R2/RMSLE dimensionless; rates as named; percentage fields percent
nf_meta_residual_positive_cap25,,,complete_validation,,100000,62.23511187105198,124.12426034945231,0.701506291535519,0.3907669200521726,36.785118334942794,132.77187570147223,-7.869347687288454,26,0.00026,47.66536516544384,193.1736714233899,273.22431632420603,-128.3124625226068,-198.48611463768194,0.7768900429441725,0.7952959936216862,100.3684467744212,10013,5017,10038,,regresionpart2/regression_v2/outputs/reports/prompt4b2_blockA_candidates.csv,nf_meta_residual_positive_cap25|complete_validation,regression_v2,development,development_only,development,80b494238e5d0bcac32cefd05677593c60f6f144a16f5779ca4806c921a714e2,,,,,,,,,,,9974,90026,193.5696134606842,47.684534050700165,-128.587798479819,5.5050755704892955,0.777020252656908,0.4755292915380001,,,,,,,,,,,,,,,,,,,,,,,Block A,True,False,True,True,True,True,5,6,PARTIAL,,,,,,,,,,,,,,,,,,,,,,,,reported loan_amount_000s among favorable actions 1/2/8,MAE/RMSE/absolute error kUSD; R2/RMSLE dimensionless; rates as named; percentage fields percent
nf_consensus_residual_positive_cap25,,,selection,,70000,62.396096538154886,126.22495794882103,0.6996235194835454,0.3908252374685427,36.907562600694675,132.0883571453852,-7.962324252897855,17,0.00024285714285714286,47.61359130492736,195.18566294296608,277.72539364917066,-130.67710879719345,-203.39741450181094,0.7802338847689675,0.7996014802163394,99.95281306900706,7012,3513,7040,,regresionpart2/regression_v2/outputs/reports/prompt4b2_blockA_candidates.csv,nf_consensus_residual_positive_cap25|selection,regression_v2,development,development_only,development,80b494238e5d0bcac32cefd05677593c60f6f144a16f5779ca4806c921a714e2,,,,,,,,,,,6982,63018,195.64538613837175,47.63290919503524,-131.03953732363127,5.673860672994119,0.7805786307648238,0.47613380304040115,,,,,,,,,,,,,,,,,,,,,,,Block A,True,False,True,True,True,True,5,6,PARTIAL,,,,,,,,,,,,,,,,,,,,,,,,reported loan_amount_000s among favorable actions 1/2/8,MAE/RMSE/absolute error kUSD; R2/RMSLE dimensionless; rates as named; percentage fields percent
nf_consensus_residual_positive_cap25,,,audit,,30000,61.87837301281433,119.31372106183824,0.7051663210502136,0.3905992009115443,36.44965566947327,133.87126540647063,-8.151638690492922,9,0.0003,47.765006478960196,188.8516429386817,264.2528201121162,-127.5877953812563,-195.67910480847206,0.7770743085638121,0.8,101.1944434628263,3001,1505,3009,,regresionpart2/regression_v2/outputs/reports/prompt4b2_blockA_candidates.csv,nf_consensus_residual_positive_cap25|audit,regression_v2,development,development_only,development,80b494238e5d0bcac32cefd05677593c60f6f144a16f5779ca4806c921a714e2,,,,,,,,,,,2992,27008,189.10592101985682,47.78385199544648,-127.68142581227607,5.090109053448695,0.7767379679144385,0.4741187796208531,,,,,,,,,,,,,,,,,,,,,,,Block A,True,False,True,True,True,True,5,6,PARTIAL,,,,,,,,,,,,,,,,,,,,,,,,reported loan_amount_000s among favorable actions 1/2/8,MAE/RMSE/absolute error kUSD; R2/RMSLE dimensionless; rates as named; percentage fields percent
nf_consensus_residual_positive_cap25,,,complete_validation,,100000,62.24077948055271,124.19197726308165,0.7011805117675002,0.3907574402304594,36.79705448276424,132.7842813592994,-8.019118584176375,26,0.00026,47.659020736775425,193.28729142265672,273.6493085687456,-129.75120951014387,-201.15931133835906,0.7792869269949066,0.8000797289216663,100.24541889145225,10013,5017,10038,,regresionpart2/regression_v2/outputs/reports/prompt4b2_blockA_candidates.csv,nf_consensus_residual_positive_cap25|complete_validation,regression_v2,development,development_only,development,80b494238e5d0bcac32cefd05677593c60f6f144a16f5779ca4806c921a714e2,,,,,,,,,,,9974,90026,193.68367773305826,47.67819237049019,-130.03217120753195,5.498733890279317,0.7794265089232003,0.4755292915380001,,,,,,,,,,,,,,,,,,,,,,,Block A,True,False,True,True,True,True,5,6,PARTIAL,,,,,,,,,,,,,,,,,,,,,,,,reported loan_amount_000s among favorable actions 1/2/8,MAE/RMSE/absolute error kUSD; R2/RMSLE dimensionless; rates as named; percentage fields percent
nf_meta_residual_positive_gamma15,,,selection,,70000,62.40754275524229,126.24514920821242,0.6995274138540983,0.3908395318073967,36.9209189636599,131.9816786287317,-8.000905530802676,17,0.00024285714285714286,47.59661375526839,195.45243663007898,278.5347962483728,-130.90975391348258,-203.37287651296717,0.7825156873930404,0.8010247651579846,99.75011816620737,7012,3513,7040,,regresionpart2/regression_v2/outputs/reports/prompt4b2_blockA_candidates.csv,nf_meta_residual_positive_gamma15|selection,regression_v2,development,development_only,development,80b494238e5d0bcac32cefd05677593c60f6f144a16f5779ca4806c921a714e2,,,,,,,,,,,6982,63018,195.91439437909082,47.61581915186371,-131.27209377060262,5.656770629822593,0.7828702377542252,0.47613380304040115,,,,,,,,,,,,,,,,,,,,,,,Block A,True,False,True,True,True,True,5,6,PARTIAL,,,,,,,,,,,,,,,,,,,,,,,,reported loan_amount_000s among favorable actions 1/2/8,MAE/RMSE/absolute error kUSD; R2/RMSLE dimensionless; rates as named; percentage fields percent
nf_meta_residual_positive_gamma15,,,audit,,30000,61.87983483340706,119.39646103352494,0.7047572651861223,0.39061211060411827,36.43323472679833,133.85048171534908,-8.208514896368989,9,0.0003,47.7423085560618,189.07046194505145,265.04520094157004,-127.95216224428466,-195.89030695013477,0.7797400866377874,0.8006644518272426,100.90587179302509,3001,1505,3009,,regresionpart2/regression_v2/outputs/reports/prompt4b2_blockA_candidates.csv,nf_meta_residual_positive_gamma15|audit,regression_v2,development,development_only,development,80b494238e5d0bcac32cefd05677593c60f6f144a16f5779ca4806c921a714e2,,,,,,,,,,,2992,27008,189.32539823847836,47.76116163628127,-128.0468886986224,5.06741869428349,0.7794117647058824,0.4741187796208531,,,,,,,,,,,,,,,,,,,,,,,Block A,True,False,True,True,True,True,5,6,PARTIAL,,,,,,,,,,,,,,,,,,,,,,,,reported loan_amount_000s among favorable actions 1/2/8,MAE/RMSE/absolute error kUSD; R2/RMSLE dimensionless; rates as named; percentage fields percent
nf_meta_residual_positive_gamma15,,,complete_validation,,100000,62.249230378691706,124.23019303382607,0.70099658081957,0.39077131934365233,36.806781827090674,132.71760620596228,-8.063188340472571,26,0.00026,47.64032689079487,193.53969259434865,274.45499381871736,-130.02333300074284,-201.2039643413473,0.7816838110456407,0.8012756627466614,100.01774980235707,10013,5017,10038,,regresionpart2/regression_v2/outputs/reports/prompt4b2_blockA_candidates.csv,nf_meta_residual_positive_gamma15|complete_validation,regression_v2,development,development_only,development,80b494238e5d0bcac32cefd05677593c60f6f144a16f5779ca4806c921a714e2,,,,,,,,,,,9974,90026,193.93782766035085,47.659422220079,-130.30459692125783,5.479963739868134,0.7818327651894926,0.4755292915380001,,,,,,,,,,,,,,,,,,,,,,,Block A,True,False,True,True,True,True,5,6,PARTIAL,,,,,,,,,,,,,,,,,,,,,,,,reported loan_amount_000s among favorable actions 1/2/8,MAE/RMSE/absolute error kUSD; R2/RMSLE dimensionless; rates as named; percentage fields percent
nf_meta_residual_positive_gamma20,,,selection,,70000,62.41964881180863,126.3161903199016,0.6991891527389993,0.39084403627977526,36.921658002118264,132.01485793509792,-8.130708445485595,17,0.00024285714285714286,47.58186163746642,195.70580661806454,279.3417961266016,-132.07304507601728,-205.28228319261652,0.7853679406731318,0.8044406490179334,99.54604135269682,7012,3513,7040,,regresionpart2/regression_v2/outputs/reports/prompt4b2_blockA_candidates.csv,nf_meta_residual_positive_gamma20|selection,regression_v2,development,development_only,development,80b494238e5d0bcac32cefd05677593c60f6f144a16f5779ca4806c921a714e2,,,,,,,,,,,6982,63018,196.16963885494815,47.60098699326154,-132.43959750262965,5.6419384712204215,0.7857347464909767,0.47613380304040115,,,,,,,,,,,,,,,,,,,,,,,Block A,True,False,True,True,True,True,5,6,PARTIAL,,,,,,,,,,,,,,,,,,,,,,,,reported loan_amount_000s among favorable actions 1/2/8,MAE/RMSE/absolute error kUSD; R2/RMSLE dimensionless; rates as named; percentage fields percent
nf_meta_residual_positive_gamma20,,,audit,,30000,61.887494915550235,119.49603528582986,0.704264606807079,0.39061941620409657,36.424650454102874,133.82829703763275,-8.351125210022111,9,0.0003,47.72567170500039,189.29671346324614,265.85817839810215,-129.22811394964515,-197.98322170091677,0.7820726424525158,0.8053156146179402,100.64326977630503,3001,1505,3009,,regresionpart2/regression_v2/outputs/reports/prompt4b2_blockA_candidates.csv,nf_meta_residual_positive_gamma20|audit,regression_v2,development,development_only,development,80b494238e5d0bcac32cefd05677593c60f6f144a16f5779ca4806c921a714e2,,,,,,,,,,,2992,27008,189.55233032607939,47.74453032919423,-129.32667849400565,5.050787387196443,0.7817513368983957,0.4741187796208531,,,,,,,,,,,,,,,,,,,,,,,Block A,True,False,True,True,True,True,5,6,PARTIAL,,,,,,,,,,,,,,,,,,,,,,,,reported loan_amount_000s among favorable actions 1/2/8,MAE/RMSE/absolute error kUSD; R2/RMSLE dimensionless; rates as named; percentage fields percent
nf_meta_residual_positive_gamma20,,,complete_validation,,100000,62.26000264293112,124.30943926574203,0.700614991590931,0.39077666381389153,36.80190046846366,132.66321086474582,-8.19683347484655,26,0.00026,47.625009292276005,193.78493489554285,275.2659045163052,-131.22038969698573,-203.16654526449696,0.7843803056027164,0.8050627865258122,99.79650441864553,10013,5017,10038,,regresionpart2/regression_v2/outputs/reports/prompt4b2_blockA_candidates.csv,nf_meta_residual_positive_gamma20|complete_validation,regression_v2,development,development_only,development,80b494238e5d0bcac32cefd05677593c60f6f144a16f5779ca4806c921a714e2,,,,,,,,,,,9974,90026,194.18457898745513,47.64405031293442,-131.50578422071638,5.4645918327235465,0.7845398034890716,0.4755292915380001,,,,,,,,,,,,,,,,,,,,,,,Block A,True,False,True,True,True,True,5,6,PARTIAL,,,,,,,,,,,,,,,,,,,,,,,,reported loan_amount_000s among favorable actions 1/2/8,MAE/RMSE/absolute error kUSD; R2/RMSLE dimensionless; rates as named; percentage fields percent
nf_global_convex_boosting_deep,,,selection,,70000,62.4158807950902,127.9377990411572,0.6914161413801669,0.3863854636332093,36.80429745451846,131.9143980260606,-10.79952712896936,6,8.571428571428571e-05,47.24375107429052,198.70539974171484,285.69888843474615,-144.90773383276291,-226.03978400055234,0.8046206503137479,0.829490463990891,99.52319476389992,7012,3513,7040,,regresionpart2/regression_v2/outputs/reports/prompt4b2_blockA_candidates.csv,nf_global_convex_boosting_deep|selection,regression_v2,development,development_only,development,80b494238e5d0bcac32cefd05677593c60f6f144a16f5779ca4806c921a714e2,,,,,,,,,,,6982,63018,199.1826581864566,47.26297781901164,-145.32342163691828,4.10487846077483,0.8050701804640504,0.4848932051159986,,,,,,,,,,,,,,,,,,,,,,,Block A,True,False,True,False,False,False,2,6,PARTIAL,,,,,,,,,,,,,,,,,,,,,,,,reported loan_amount_000s among favorable actions 1/2/8,MAE/RMSE/absolute error kUSD; R2/RMSLE dimensionless; rates as named; percentage fields percent
nf_global_convex_boosting_deep,,,audit,,30000,61.908933532882465,120.76871099094265,0.6979316851337016,0.38579255749184066,36.62552319325302,133.62012927756234,-10.99499718845605,2,6.666666666666667e-05,47.40165975473181,192.42605607079963,272.3045427221333,-141.86237527121713,-218.35361530499029,0.8013995334888371,0.826578073089701,100.6272127922639,3001,1505,3009,,regresionpart2/regression_v2/outputs/reports/prompt4b2_blockA_candidates.csv,nf_global_convex_boosting_deep|audit,regression_v2,development,development_only,development,80b494238e5d0bcac32cefd05677593c60f6f144a16f5779ca4806c921a714e2,,,,,,,,,,,2992,27008,192.68706639961187,47.421071657243616,-141.99239521069953,3.5171553175626293,0.8011363636363636,0.4840417654028436,,,,,,,,,,,,,,,,,,,,,,,Block A,True,False,True,False,False,False,2,6,PARTIAL,,,,,,,,,,,,,,,,,,,,,,,,reported loan_amount_000s among favorable actions 1/2/8,MAE/RMSE/absolute error kUSD; R2/RMSLE dimensionless; rates as named; percentage fields percent
nf_global_convex_boosting_deep,,,complete_validation,,100000,62.263796616427896,125.82996766577911,0.6932461624538307,0.386207687364925,36.751796206850145,132.42293855667927,-10.858168146815368,8,8e-05,47.29112876732656,196.82341528586576,281.6643076577838,-143.99500827167245,-223.7967845172778,0.8036552481773694,0.8287821407215468,99.7748918060598,10013,5017,10038,,regresionpart2/regression_v2/outputs/reports/prompt4b2_blockA_candidates.csv,nf_global_convex_boosting_deep|complete_validation,regression_v2,development,development_only,development,80b494238e5d0bcac32cefd05677593c60f6f144a16f5779ca4806c921a714e2,,,,,,,,,,,9974,90026,197.2341109008902,47.310406321699396,-144.32418050324608,3.9285602121369347,0.8038901142971726,0.4846377713105103,,,,,,,,,,,,,,,,,,,,,,,Block A,True,False,True,False,False,False,2,6,PARTIAL,,,,,,,,,,,,,,,,,,,,,,,,reported loan_amount_000s among favorable actions 1/2/8,MAE/RMSE/absolute error kUSD; R2/RMSLE dimensionless; rates as named; percentage fields percent
nf_global2_oldraw_direct_cap25,,,selection,,70000,62.24993308548891,126.5161261063599,0.6982361402894625,0.3863327411854227,36.766835823900266,132.3453837566873,-8.319645638982546,6,8.571428571428571e-05,47.91895049579213,190.98352284016957,270.8454082048096,-126.628966310586,-201.32528116818122,0.7645464917284654,0.8044406490179334,101.42504314611132,7012,3513,7040,,regresionpart2/regression_v2/outputs/reports/prompt4b2_blockA_candidates.csv,nf_global2_oldraw_direct_cap25|selection,regression_v2,development,development_only,development,80b494238e5d0bcac32cefd05677593c60f6f144a16f5779ca4806c921a714e2,,,,,,,,,,,6982,63018,191.4118675092774,47.93959911508534,-126.98740835062775,4.827999783796766,0.7649670581495274,0.483956964676759,,,,,,,,,,,,,,,,,,,,,,,Block A,True,True,False,True,True,True,5,6,PARTIAL,,,,,,,,,,,,,,,,,,,,,,,,reported loan_amount_000s among favorable actions 1/2/8,MAE/RMSE/absolute error kUSD; R2/RMSLE dimensionless; rates as named; percentage fields percent
nf_global2_oldraw_direct_cap25,,,audit,,30000,61.799286000796855,119.4342363833162,0.7045704143901472,0.38584907139872904,36.550941290848385,133.2975499270679,-8.54500507983377,2,6.666666666666667e-05,48.08849204544683,185.1507441815685,257.6024541764935,-123.8762420746767,-194.4605121803559,0.7550816394535155,0.8026578073089701,103.26030985078042,3001,1505,3009,,regresionpart2/regression_v2/outputs/reports/prompt4b2_blockA_candidates.csv,nf_global2_oldraw_direct_cap25|audit,regression_v2,development,development_only,development,80b494238e5d0bcac32cefd05677593c60f6f144a16f5779ca4806c921a714e2,,,,,,,,,,,2992,27008,185.38606729706552,48.108096366672314,-123.95596226030455,4.240450484590421,0.7546791443850267,0.4831161137440758,,,,,,,,,,,,,,,,,,,,,,,Block A,True,False,False,True,True,True,4,6,PARTIAL,,,,,,,,,,,,,,,,,,,,,,,,reported loan_amount_000s among favorable actions 1/2/8,MAE/RMSE/absolute error kUSD; R2/RMSLE dimensionless; rates as named; percentage fields percent
nf_global2_oldraw_direct_cap25,,,complete_validation,,100000,62.114738960081304,124.43388670941694,0.7000152567884587,0.3861877038540565,36.699947550774596,132.7039850993988,-8.387253471237914,8,8e-05,47.96981842448325,189.23537855229762,266.86171536359393,-125.80394629341195,-199.33773259694863,0.7617097772895236,0.804066175004983,101.91224657721297,10013,5017,10038,,regresionpart2/regression_v2/outputs/reports/prompt4b2_blockA_candidates.csv,nf_global2_oldraw_direct_cap25|complete_validation,regression_v2,development,development_only,development,80b494238e5d0bcac32cefd05677593c60f6f144a16f5779ca4806c921a714e2,,,,,,,,,,,9974,90026,189.6042482757765,47.990148664891635,-126.07803531049869,4.651733688746837,0.7618808903148185,0.4837047075289361,,,,,,,,,,,,,,,,,,,,,,,Block A,True,True,False,True,True,True,5,6,PARTIAL,,,,,,,,,,,,,,,,,,,,,,,,reported loan_amount_000s among favorable actions 1/2/8,MAE/RMSE/absolute error kUSD; R2/RMSLE dimensionless; rates as named; percentage fields percent
quantile_q60_meta_symmetric,,,selection,,70000,62.44686186086493,123.66443938787269,0.7116864051910188,0.391062473659972,36.93843579926627,132.5126954074804,-6.06159200675204,17,0.00024285714285714286,47.73428503508923,194.60826931978684,273.6436051756893,-112.78649263136755,-170.7794576944396,0.7602681118083285,0.7611727867919157,101.83482912455963,7012,3513,7040,,regresionpart2/regression_v2/outputs/reports/prompt4b2_blockB_candidates.csv,quantile_q60_meta_symmetric|selection,regression_v2,development,development_only,development,407ad195293623f1c416e4435c012c4e97060f03b547e34b359a89c8eaf3a3b3,,,,,,,,,,,6982,63018,195.06367224869587,47.753749256087964,-113.07388876121546,5.794700734046836,0.7605270696075623,0.47613380304040115,,,,,,,,,,,,,,,,,,,,,,,Block B,True,False,False,True,True,True,4,6,PARTIAL,,,,,,,,,,,,,,,,,,,,,,,,reported loan_amount_000s among favorable actions 1/2/8,MAE/RMSE/absolute error kUSD; R2/RMSLE dimensionless; rates as named; percentage fields percent
quantile_q60_meta_symmetric,,,audit,,30000,61.93124430747566,117.46863588287559,0.7142145185265187,0.390751311897115,36.49763537221179,133.85048171534908,-6.42114732881822,9,0.0003,47.85505563631685,188.57003735399914,260.70818595974856,-111.09879049929405,-165.88697569754817,0.7560813062312562,0.759468438538206,103.12701656999621,3001,1505,3009,,regresionpart2/regression_v2/outputs/reports/prompt4b2_blockB_candidates.csv,quantile_q60_meta_symmetric|audit,regression_v2,development,development_only,development,407ad195293623f1c416e4435c012c4e97060f03b547e34b359a89c8eaf3a3b3,,,,,,,,,,,2992,27008,188.8234683595519,47.873871145308456,-111.14282165092288,5.180128203310674,0.7556818181818182,0.4741187796208531,,,,,,,,,,,,,,,,,,,,,,,Block B,True,False,False,True,True,True,4,6,PARTIAL,,,,,,,,,,,,,,,,,,,,,,,,reported loan_amount_000s among favorable actions 1/2/8,MAE/RMSE/absolute error kUSD; R2/RMSLE dimensionless; rates as named; percentage fields percent
quantile_q60_meta_symmetric,,,complete_validation,,100000,62.29217659484815,121.83878538149037,0.7123973017590461,0.39096915113386416,36.84346259662853,132.9888107838634,-6.169458603371893,26,0.00026,47.77052010751685,192.79854854386264,269.71401574762524,-112.28067078992618,-169.39640424760645,0.7590132827324478,0.7610125573051625,102.14564351017722,10013,5017,10038,,regresionpart2/regression_v2/outputs/reports/prompt4b2_blockB_candidates.csv,quantile_q60_meta_symmetric|complete_validation,regression_v2,development,development_only,development,407ad195293623f1c416e4435c012c4e97060f03b547e34b359a89c8eaf3a3b3,,,,,,,,,,,9974,90026,193.19173621136693,47.78978608971455,-112.49460735014712,5.61032760950368,0.7590735913374774,0.4755292915380001,,,,,,,,,,,,,,,,,,,,,,,Block B,True,False,False,True,True,True,4,6,PARTIAL,,,,,,,,,,,,,,,,,,,,,,,,reported loan_amount_000s among favorable actions 1/2/8,MAE/RMSE/absolute error kUSD; R2/RMSLE dimensionless; rates as named; percentage fields percent
quantile_q60_meta_positive_cap25,,,selection,,70000,62.482303997640535,126.14659960250725,0.6999963411343118,0.3910153113570425,36.93363415816327,132.52015199569468,-6.773051646343073,17,0.00024285714285714286,47.70958721205825,195.1839418884359,275.23129940430334,-119.66705570813562,-184.07459485871252,0.7628351397604107,0.7662966125818389,101.57693364917891,7012,3513,7040,,regresionpart2/regression_v2/outputs/reports/prompt4b2_blockB_candidates.csv,quantile_q60_meta_positive_cap25|selection,regression_v2,development,development_only,development,407ad195293623f1c416e4435c012c4e97060f03b547e34b359a89c8eaf3a3b3,,,,,,,,,,,6982,63018,195.6418183459985,47.72906319056581,-119.98401598755427,5.770014668524689,0.7631051274706387,0.47613380304040115,,,,,,,,,,,,,,,,,,,,,,,Block B,True,False,False,True,True,True,4,6,PARTIAL,,,,,,,,,,,,,,,,,,,,,,,,reported loan_amount_000s among favorable actions 1/2/8,MAE/RMSE/absolute error kUSD; R2/RMSLE dimensionless; rates as named; percentage fields percent
quantile_q60_meta_positive_cap25,,,audit,,30000,61.946833367405546,119.00171042723527,0.7067063109504167,0.3907342423322787,36.47651110323103,133.94480581414078,-6.969593942718618,9,0.0003,47.84793496244062,188.78993834429602,261.5453080065104,-116.51736675488466,-176.2930896739812,0.7597467510829723,0.7667774086378738,102.86543670393537,3001,1505,3009,,regresionpart2/regression_v2/outputs/reports/prompt4b2_blockB_candidates.csv,quantile_q60_meta_positive_cap25|audit,regression_v2,development,development_only,development,407ad195293623f1c416e4435c012c4e97060f03b547e34b359a89c8eaf3a3b3,,,,,,,,,,,2992,27008,189.04403081673135,47.86675284428711,-116.5776970997957,5.173009902289328,0.7593582887700535,0.4741187796208531,,,,,,,,,,,,,,,,,,,,,,,Block B,True,False,False,True,True,True,4,6,PARTIAL,,,,,,,,,,,,,,,,,,,,,,,,reported loan_amount_000s among favorable actions 1/2/8,MAE/RMSE/absolute error kUSD; R2/RMSLE dimensionless; rates as named; percentage fields percent
quantile_q60_meta_positive_cap25,,,complete_validation,,100000,62.32166280857004,124.04635157583219,0.7018808835838761,0.3909310118681369,36.83656674144032,133.00742580956648,-6.832014335255736,26,0.00026,47.75109599568893,193.26759267881204,271.07686974513325,-118.7230612460657,-181.82754205757706,0.7619095176270848,0.7667929041259717,101.88636098739805,10013,5017,10038,,regresionpart2/regression_v2/outputs/reports/prompt4b2_blockB_candidates.csv,quantile_q60_meta_positive_cap25|complete_validation,regression_v2,development,development_only,development,407ad195293623f1c416e4435c012c4e97060f03b547e34b359a89c8eaf3a3b3,,,,,,,,,,,9974,90026,193.66261438694823,47.77037039257084,-118.96218862519477,5.590911912359975,0.7619811509925807,0.4755292915380001,,,,,,,,,,,,,,,,,,,,,,,Block B,True,False,False,True,True,True,4,6,PARTIAL,,,,,,,,,,,,,,,,,,,,,,,,reported loan_amount_000s among favorable actions 1/2/8,MAE/RMSE/absolute error kUSD; R2/RMSLE dimensionless; rates as named; percentage fields percent
quantile_q65_meta_symmetric,,,selection,,70000,62.5961532464054,124.00753732105552,0.7100843759925344,0.3913330517471603,36.95298999977982,132.77215394903283,-5.099433751812553,17,0.00024285714285714286,47.80675537606901,195.44763542791546,273.8025272336254,-103.8323688424159,-154.5083233492815,0.7519965772960638,0.7458013094221463,102.8450675984832,7012,3513,7040,,regresionpart2/regression_v2/outputs/reports/prompt4b2_blockB_candidates.csv,quantile_q65_meta_symmetric|selection,regression_v2,development,development_only,development,407ad195293623f1c416e4435c012c4e97060f03b547e34b359a89c8eaf3a3b3,,,,,,,,,,,6982,63018,195.90471355725938,47.82639907949464,-104.08322258041886,5.86735055745352,0.7522199942709825,0.47613380304040115,,,,,,,,,,,,,,,,,,,,,,,Block B,False,False,False,True,True,True,3,6,PARTIAL,,,,,,,,,,,,,,,,,,,,,,,,reported loan_amount_000s among favorable actions 1/2/8,MAE/RMSE/absolute error kUSD; R2/RMSLE dimensionless; rates as named; percentage fields percent
quantile_q65_meta_symmetric,,,audit,,30000,62.08482128928667,117.4271120410572,0.7144165267243274,0.3909708533154404,36.50508821665241,134.02733791873052,-5.534298825021225,9,0.0003,47.91557460892141,189.56082632866736,260.6829713641269,-102.77772972869782,-151.34044980709197,0.7467510829723426,0.7415282392026578,104.47801582764377,3001,1505,3009,,regresionpart2/regression_v2/outputs/reports/prompt4b2_blockB_candidates.csv,quantile_q65_meta_symmetric|audit,regression_v2,development,development_only,development,407ad195293623f1c416e4435c012c4e97060f03b547e34b359a89c8eaf3a3b3,,,,,,,,,,,2992,27008,189.8172376486492,47.93436995089756,-102.7967309515381,5.240627008899779,0.7463235294117647,0.4741187796208531,,,,,,,,,,,,,,,,,,,,,,,Block B,False,False,False,True,True,True,3,6,PARTIAL,,,,,,,,,,,,,,,,,,,,,,,,reported loan_amount_000s among favorable actions 1/2/8,MAE/RMSE/absolute error kUSD; R2/RMSLE dimensionless; rates as named; percentage fields percent
quantile_q65_meta_symmetric,,,complete_validation,,100000,62.44275365926978,122.07066196016955,0.7113015622016063,0.391224427426871,36.85833717116326,133.2003629614109,-5.229893273775155,26,0.00026,47.8394046528288,193.68329765633413,269.8118403827837,-103.51628255656072,-153.6437752984272,0.7504244482173175,0.7448674506677297,103.25753828465116,10013,5017,10038,,regresionpart2/regression_v2/outputs/reports/prompt4b2_blockB_candidates.csv,quantile_q65_meta_symmetric|complete_validation,regression_v2,development,development_only,development,407ad195293623f1c416e4435c012c4e97060f03b547e34b359a89c8eaf3a3b3,,,,,,,,,,,9974,90026,194.0785928515684,47.85879058078149,-103.69730088865917,5.679332100570625,0.7504511730499298,0.4755292915380001,,,,,,,,,,,,,,,,,,,,,,,Block B,False,False,False,True,True,True,3,6,PARTIAL,,,,,,,,,,,,,,,,,,,,,,,,reported loan_amount_000s among favorable actions 1/2/8,MAE/RMSE/absolute error kUSD; R2/RMSLE dimensionless; rates as named; percentage fields percent
quantile_q65_meta_positive_cap25,,,selection,,70000,62.546771945295525,126.21641960208616,0.699664155374253,0.3911207322094235,36.96261208741103,132.74476194121507,-6.343138282063883,17,0.00024285714285714286,47.74922217582719,195.47148171130672,274.7097950408838,-115.73131577635222,-177.39912728694233,0.7567027952082145,0.7551949900370054,102.29071788459925,7012,3513,7040,,regresionpart2/regression_v2/outputs/reports/prompt4b2_blockB_candidates.csv,quantile_q65_meta_positive_cap25|selection,regression_v2,development,development_only,development,407ad195293623f1c416e4435c012c4e97060f03b547e34b359a89c8eaf3a3b3,,,,,,,,,,,6982,63018,195.92866230248134,47.76889326818943,-116.0332964705308,5.8098447461483085,0.7569464336866227,0.47613380304040115,,,,,,,,,,,,,,,,,,,,,,,Block B,False,False,False,True,True,True,3,6,PARTIAL,,,,,,,,,,,,,,,,,,,,,,,,reported loan_amount_000s among favorable actions 1/2/8,MAE/RMSE/absolute error kUSD; R2/RMSLE dimensionless; rates as named; percentage fields percent
quantile_q65_meta_positive_cap25,,,audit,,30000,61.994058335177336,119.01219870793001,0.706654609473444,0.3908260918437714,36.50508821665241,134.02733791873052,-6.54007906783091,9,0.0003,47.88582560041549,188.92114117617535,260.5370261812631,-112.56453872691142,-169.7259422730193,0.7520826391202933,0.7521594684385382,103.67350088609952,3001,1505,3009,,regresionpart2/regression_v2/outputs/reports/prompt4b2_blockB_candidates.csv,quantile_q65_meta_positive_cap25|audit,regression_v2,development,development_only,development,407ad195293623f1c416e4435c012c4e97060f03b547e34b359a89c8eaf3a3b3,,,,,,,,,,,2992,27008,189.17562830953548,47.9046308557905,-112.61297888056184,5.2108879137927175,0.7516711229946524,0.4741187796208531,,,,,,,,,,,,,,,,,,,,,,,Block B,False,False,False,True,True,True,3,6,PARTIAL,,,,,,,,,,,,,,,,,,,,,,,,reported loan_amount_000s among favorable actions 1/2/8,MAE/RMSE/absolute error kUSD; R2/RMSLE dimensionless; rates as named; percentage fields percent
quantile_q65_meta_positive_cap25,,,complete_validation,,100000,62.38095786226007,124.09907427699717,0.701627414052908,0.39103236341073827,36.860357359598936,133.18627163293158,-6.4022205177939915,26,0.00026,47.790207605505465,193.5082766832503,270.40334612459924,-114.78219983453937,-175.18763824325936,0.7553180864875662,0.7546342435718557,102.62759133856134,10013,5017,10038,,regresionpart2/regression_v2/outputs/reports/prompt4b2_blockB_candidates.csv,quantile_q65_meta_positive_cap25|complete_validation,regression_v2,development,development_only,development,407ad195293623f1c416e4435c012c4e97060f03b547e34b359a89c8eaf3a3b3,,,,,,,,,,,9974,90026,193.90288751735062,47.809614846021724,-115.00726977821205,5.630156365810852,0.7553639462602767,0.4755292915380001,,,,,,,,,,,,,,,,,,,,,,,Block B,False,False,False,True,True,True,3,6,PARTIAL,,,,,,,,,,,,,,,,,,,,,,,,reported loan_amount_000s among favorable actions 1/2/8,MAE/RMSE/absolute error kUSD; R2/RMSLE dimensionless; rates as named; percentage fields percent
benefit_b0,,,selection,,70000,62.37599380466741,126.30801795009252,0.6992280750332159,0.39081661172146775,36.905825330068,132.0778453754133,-7.726862722132005,17,0.00024285714285714286,47.639489855212375,194.75233589940115,276.2667017046971,-128.84733073397393,-201.051879531329,0.7775242441528808,0.7967549103330487,100.34409080055279,7012,3513,7040,,regresionpart2/regression_v2/outputs/reports/prompt4b2_blockC_candidates.csv,benefit_b0|selection,regression_v2,development,development_only,development,1997c919f7c0eae80ff4e6f0d39fdc507364cc6b6c8c69b6826246aebafb0319,,,,,,,,,,,6982,63018,195.2141816240772,47.65835396596863,-129.19791270461545,5.731369385800639,0.7778573474649098,0.47595924973817005,,,,,,,,,,,,,,,,,,,,,,,Block C,True,False,True,True,True,True,5,6,PARTIAL,0.0,1550,2.214285714285714,0.4870967741935484,6.48177984277522,57.028984298918736,0.912258064516129,0.4870967741935484,0.054528383648707206,62.37599380466741,47.65835396596863,194.75233589940115,276.2667017046971,126.30801795009252,,,,,,,,,,reported loan_amount_000s among favorable actions 1/2/8,MAE/RMSE/absolute error kUSD; R2/RMSLE dimensionless; rates as named; percentage fields percent
benefit_b0,,,audit,,30000,61.894180955199154,119.77057301788606,0.7029041635077131,0.3906967843718655,36.427555191310844,133.92701492504125,-7.877458351274827,9,0.0003,47.80259422897089,188.67150518760064,263.3722904048199,-125.54456008874358,-192.73680725807364,0.7704098633788737,0.7893687707641196,101.52055749460749,3001,1505,3009,,regresionpart2/regression_v2/outputs/reports/prompt4b2_blockC_candidates.csv,benefit_b0|audit,regression_v2,development,development_only,development,1997c919f7c0eae80ff4e6f0d39fdc507364cc6b6c8c69b6826246aebafb0319,,,,,,,,,,,2992,27008,188.9252414105673,47.82142721991844,-125.6320444242979,5.167629086909604,0.7700534759358288,0.47389662322274884,,,,,,,,,,,,,,,,,,,,,,,Block C,True,False,False,True,True,True,4,6,PARTIAL,0.0,685,2.283333333333333,0.4759124087591241,3.5617475989727674,58.659226777462756,0.9007299270072993,0.4759124087591241,0.05429713524317122,61.894180955199154,47.82142721991844,188.67150518760064,263.3722904048199,119.77057301788606,,,,,,,,,,reported loan_amount_000s among favorable actions 1/2/8,MAE/RMSE/absolute error kUSD; R2/RMSLE dimensionless; rates as named; percentage fields percent
benefit_b0,,,complete_validation,,100000,62.231449949826924,124.38286790087474,0.7002611982603633,0.39078066737463957,36.790169895446226,132.79684540553603,-7.772041410874854,26,0.00026,47.68842642368456,192.9298478372706,272.3671898951814,-127.85745610036402,-198.64091305489137,0.7753919904124638,0.7948973490133546,100.614823428025,10013,5017,10038,,regresionpart2/regression_v2/outputs/reports/prompt4b2_blockC_candidates.csv,benefit_b0|complete_validation,regression_v2,development,development_only,development,1997c919f7c0eae80ff4e6f0d39fdc507364cc6b6c8c69b6826246aebafb0319,,,,,,,,,,,9974,90026,193.32762566670587,47.70727630443392,-128.12822372379432,5.56224604373891,0.7755163424904752,0.47534045720125295,,,,,,,,,,,,,,,,,,,,,,,Block C,True,False,True,True,True,True,5,6,PARTIAL,0.0,2235,2.235,0.483668903803132,5.5868258888581375,57.536996884523674,0.9087248322147651,0.483668903803132,0.05445843828715365,62.231449949826924,47.70727630443392,192.9298478372706,272.3671898951814,124.38286790087474,,,,,,,,,,reported loan_amount_000s among favorable actions 1/2/8,MAE/RMSE/absolute error kUSD; R2/RMSLE dimensionless; rates as named; percentage fields percent
benefit_b5,,,selection,,70000,62.44215055611336,126.59543946766794,0.6978576682496902,0.3908169679939932,36.92859658049828,132.0883571453852,-8.466129632685268,17,0.00024285714285714286,47.568144597804654,196.05365758719574,280.51053348805124,-135.43040496389685,-211.66368541627992,0.7906446092413006,0.8155422715627668,99.20480831302089,7012,3513,7040,,regresionpart2/regression_v2/outputs/reports/prompt4b2_blockC_candidates.csv,benefit_b5|selection,regression_v2,development,development_only,development,1997c919f7c0eae80ff4e6f0d39fdc507364cc6b6c8c69b6826246aebafb0319,,,,,,,,,,,6982,63018,196.5210947828878,47.587042672788925,-135.8092728450078,5.642693654445962,0.7910340876539673,0.4760385921482751,,,,,,,,,,,,,,,,,,,,,,,Block C,True,False,True,True,True,True,5,6,PARTIAL,5.0,513,0.7328571428571429,0.5282651072124757,10.557088021606758,67.84940424039297,0.9161793372319688,0.5282651072124757,0.019572439693774375,62.44215055611336,47.587042672788925,196.05365758719574,280.51053348805124,126.59543946766794,,,,,,,,,,reported loan_amount_000s among favorable actions 1/2/8,MAE/RMSE/absolute error kUSD; R2/RMSLE dimensionless; rates as named; percentage fields percent
benefit_b5,,,audit,,30000,61.907533289066485,119.88619686761366,0.702330267190626,0.39059514928039696,36.46100201369799,133.85048171534908,-8.639512270701044,9,0.0003,47.703324903540455,189.6980771747104,267.2172291305617,-132.1229395356122,-203.32088812280438,0.781406197934022,0.8066445182724252,100.2727715389145,3001,1505,3009,,regresionpart2/regression_v2/outputs/reports/prompt4b2_blockC_candidates.csv,benefit_b5|audit,regression_v2,development,development_only,development,1997c919f7c0eae80ff4e6f0d39fdc507364cc6b6c8c69b6826246aebafb0319,,,,,,,,,,,2992,27008,189.954901348173,47.72219097446167,-132.2302117772567,5.052111430558379,0.7810828877005348,0.4740447274881517,,,,,,,,,,,,,,,,,,,,,,,Block C,True,False,True,True,True,True,5,6,PARTIAL,5.0,237,0.79,0.5316455696202531,8.604333710027012,67.54702748622714,0.9240506329113924,0.5316455696202531,0.020986009327115255,61.907533289066485,47.72219097446167,189.6980771747104,267.2172291305617,119.88619686761366,,,,,,,,,,reported loan_amount_000s among favorable actions 1/2/8,MAE/RMSE/absolute error kUSD; R2/RMSLE dimensionless; rates as named; percentage fields percent
benefit_b5,,,complete_validation,,100000,62.2817653759993,124.62059928287319,0.6991143294450537,0.3907504356015809,36.824810236211874,132.77187570147223,-8.518144424090002,26,0.00026,47.6087030459645,194.14882418882675,276.49991971253513,-134.43912325509007,-209.22491335081554,0.7878757615100369,0.8130356786924456,99.44549168160565,10013,5017,10038,,regresionpart2/regression_v2/outputs/reports/prompt4b2_blockC_candidates.csv,benefit_b5|complete_validation,regression_v2,development,development_only,development,1997c919f7c0eae80ff4e6f0d39fdc507364cc6b6c8c69b6826246aebafb0319,,,,,,,,,,,9974,90026,194.5513684186742,47.62758746353358,-134.73562629250014,5.465517675253775,0.7880489272107479,0.4754404283207074,,,,,,,,,,,,,,,,,,,,,,,Block C,True,False,True,True,True,True,5,6,PARTIAL,5.0,750,0.75,0.5293333333333333,9.940017659147559,67.75497429058703,0.9186666666666666,0.5293333333333333,0.02,62.2817653759993,47.62758746353358,194.14882418882675,276.49991971253513,124.62059928287319,,,,,,,,,,reported loan_amount_000s among favorable actions 1/2/8,MAE/RMSE/absolute error kUSD; R2/RMSLE dimensionless; rates as named; percentage fields percent
benefit_b10,,,selection,,70000,62.46757983894904,127.06748752936652,0.6956002154781058,0.3908208001612981,36.922225478165046,132.0778453754133,-8.784357979706959,17,0.00024285714285714286,47.543089298381105,196.5325841414724,282.09687828058907,-138.3465453035135,-216.64215175406116,0.7943525385054193,0.8218047253060062,98.82536277210983,7012,3513,7040,,regresionpart2/regression_v2/outputs/reports/prompt4b2_blockC_candidates.csv,benefit_b10|selection,regression_v2,development,development_only,development,1997c919f7c0eae80ff4e6f0d39fdc507364cc6b6c8c69b6826246aebafb0319,,,,,,,,,,,6982,63018,197.00207917111297,47.56199930105243,-138.7379431488451,5.613685938711947,0.7947579490117445,0.4760861975943381,,,,,,,,,,,,,,,,,,,,,,,Block C,True,False,True,True,True,True,5,6,PARTIAL,10.0,136,0.19428571428571428,0.625,26.733355563139725,85.98773848231185,0.9044117647058824,0.625,0.006138957099523328,62.46757983894904,47.56199930105243,196.5325841414724,282.09687828058907,127.06748752936652,,,,,,,,,,reported loan_amount_000s among favorable actions 1/2/8,MAE/RMSE/absolute error kUSD; R2/RMSLE dimensionless; rates as named; percentage fields percent
benefit_b10,,,audit,,30000,61.95135376130543,120.08268117316202,0.7013537517872583,0.3906484890573582,36.46589235864137,133.85048171534908,-8.998264935217653,9,0.0003,47.68776081041628,190.27616085262704,269.09663279574755,-135.40898583278658,-209.03239124845976,0.7877374208597134,0.8172757475083057,99.82290880581225,3001,1505,3009,,regresionpart2/regression_v2/outputs/reports/prompt4b2_blockC_candidates.csv,benefit_b10|audit,regression_v2,development,development_only,development,1997c919f7c0eae80ff4e6f0d39fdc507364cc6b6c8c69b6826246aebafb0319,,,,,,,,,,,2992,27008,190.53472391415826,47.70663206783179,-135.52614257198277,5.01874520582208,0.7874331550802139,0.4740817535545024,,,,,,,,,,,,,,,,,,,,,,,Block C,True,False,True,True,True,True,5,6,PARTIAL,10.0,59,0.19666666666666666,0.6101694915254238,12.281574950980653,84.45690535826918,0.9322033898305084,0.6101694915254238,0.005996002664890073,61.95135376130543,47.70663206783179,190.27616085262704,269.09663279574755,120.08268117316202,,,,,,,,,,reported loan_amount_000s among favorable actions 1/2/8,MAE/RMSE/absolute error kUSD; R2/RMSLE dimensionless; rates as named; percentage fields percent
benefit_b10,,,complete_validation,,100000,62.31271201565596,125.01302958587388,0.6972163676754095,0.39076911480814497,36.81957870792593,132.7418793229191,-8.848530066360167,26,0.00026,47.5864954143027,194.65746916196326,278.17449251944964,-137.46612824851985,-214.4242684332826,0.7923699191051633,0.8206099262507475,99.04378031248864,10013,5017,10038,,regresionpart2/regression_v2/outputs/reports/prompt4b2_blockC_candidates.csv,benefit_b10|complete_validation,regression_v2,development,development_only,development,1997c919f7c0eae80ff4e6f0d39fdc507364cc6b6c8c69b6826246aebafb0319,,,,,,,,,,,9974,90026,195.06200227831084,47.605389452399564,-137.77446737924691,5.435202397136296,0.7925606577100461,0.47548485992935374,,,,,,,,,,,,,,,,,,,,,,,Block C,True,False,True,True,True,True,5,6,PARTIAL,10.0,195,0.19499999999999998,0.6205128205128205,22.36076553176852,85.50542119665458,0.9128205128205128,0.6205128205128205,0.0060957178841309825,62.31271201565596,47.605389452399564,194.65746916196326,278.17449251944964,125.01302958587388,,,,,,,,,,reported loan_amount_000s among favorable actions 1/2/8,MAE/RMSE/absolute error kUSD; R2/RMSLE dimensionless; rates as named; percentage fields percent
prompt4b3__beat_linear,,,selection,,70000,63.99224689628833,126.60964137541215,0.6977898737346817,0.4072155802984536,39.07244991191757,135.00574911940424,11.225034448296906,10,0.00014285714285714287,51.261125290522806,178.35446704802231,262.1324394142839,-108.54233497707295,-187.46383059916718,0.733029092983457,0.7899231426131511,84.58175747026915,7012,3513,7040,,regresionpart2/regression_v2/outputs/reports/prompt4b3_policy_results.csv,prompt4b3__beat_linear|selection,regression_v2,development,development_only,development,5bb15ba6875367fb31577c8101ebd2cb2d0cc0fade022d622ccc42c1e625bbd2,,,,,,,,,,,6982,63018,178.78976257138837,51.273400623103704,-108.92703106463118,24.537131331905776,0.7334574620452592,0.35593005173125136,,,,,,,,,,,,,,,,,,,,,,,,False,True,False,True,True,True,4,6,PARTIAL,,,,,,,,,,,,,,,,,,,,,,,,reported loan_amount_000s among favorable actions 1/2/8,MAE/RMSE/absolute error kUSD; R2/RMSLE dimensionless; rates as named; percentage fields percent
prompt4b3__beat_linear,,,audit_descriptive,,30000,63.57052446703575,119.56393134477138,0.7039284454938475,0.40620914079089787,38.954666387765656,136.3697048117084,11.02731931223553,6,0.0002,51.44991110362687,172.61565615603163,249.0812123886214,-105.65677848679479,-179.76665137818384,0.7310896367877374,0.7906976744186046,85.98776512603627,3001,1505,3009,,regresionpart2/regression_v2/outputs/reports/prompt4b3_policy_results.csv,prompt4b3__beat_linear|audit_descriptive,regression_v2,development,development_only,development,5bb15ba6875367fb31577c8101ebd2cb2d0cc0fade022d622ccc42c1e625bbd2,,,,,,,,,,,2992,27008,172.89951971145766,51.458840752162004,-105.77709528091746,23.967144862543357,0.7306149732620321,0.354635663507109,,,,,,,,,,,,,,,,,,,,,,,,False,True,False,True,True,True,4,6,PARTIAL,,,,,,,,,,,,,,,,,,,,,,,,reported loan_amount_000s among favorable actions 1/2/8,MAE/RMSE/absolute error kUSD; R2/RMSLE dimensionless; rates as named; percentage fields percent
prompt4b3__beat_linear,,,complete_validation_descriptive,,100000,63.86573016751257,124.53778946983319,0.6995140708664532,0.40691390982010955,39.03076933803469,135.3290717495582,11.165719907478495,16,0.00016,51.31776711843124,176.634485874861,258.19402053014767,-107.67750375492928,-185.22588683862907,0.7324478178368121,0.7901136137133745,84.94453713843657,10013,5017,10038,,regresionpart2/regression_v2/outputs/reports/prompt4b3_policy_results.csv,prompt4b3__beat_linear|complete_validation_descriptive,regression_v2,development,development_only,development,5bb15ba6875367fb31577c8101ebd2cb2d0cc0fade022d622ccc42c1e625bbd2,,,,,,,,,,,9974,90026,177.02280782535743,51.329033073791344,-107.98211349245639,24.366134124826267,0.7326047724082615,0.35554173238842113,,,,,,,,,,,,,,,,,,,,,,,,False,True,False,True,True,True,4,6,PARTIAL,,,,,,,,,,,,,,,,,,,,,,,,reported loan_amount_000s among favorable actions 1/2/8,MAE/RMSE/absolute error kUSD; R2/RMSLE dimensionless; rates as named; percentage fields percent
prompt4b3__beat_costaware,,,selection,,70000,62.50138827540423,127.41948766547186,0.693911393601031,0.3908532995196207,36.92061174885566,132.09744220523214,-8.920907673878846,17,0.00024285714285714286,47.53258174487741,196.96447808499119,283.09647301673175,-139.5668090239163,-218.93417081983938,0.7950656018254421,0.8226586962709934,98.75621362374237,7012,3513,7040,,regresionpart2/regression_v2/outputs/reports/prompt4b3_policy_results.csv,prompt4b3__beat_costaware|selection,regression_v2,development,development_only,development,5bb15ba6875367fb31577c8101ebd2cb2d0cc0fade022d622ccc42c1e625bbd2,,,,,,,,,,,6982,63018,197.43582886059363,47.551496749716456,-139.96345005338026,5.5977858881776905,0.7954740761959324,0.47611793455838014,,,,,,,,,,,,,,,,,,,,,,,,True,False,True,True,True,True,5,6,PARTIAL,,,,,,,,,,,,,,,,,,,,,,,,reported loan_amount_000s among favorable actions 1/2/8,MAE/RMSE/absolute error kUSD; R2/RMSLE dimensionless; rates as named; percentage fields percent
prompt4b3__beat_costaware,,,audit_descriptive,,30000,61.95944976562036,120.30116565776845,0.700266019065727,0.39065574490695726,36.47651110323103,133.8141727698562,-9.118698170577892,9,0.0003,47.68177124593178,190.4109800398863,269.49214835984253,-136.5473089558335,-211.13732692999946,0.789403532155948,0.8192691029900332,99.70877569325947,3001,1505,3009,,regresionpart2/regression_v2/outputs/reports/prompt4b3_policy_results.csv,prompt4b3__beat_costaware|audit_descriptive,regression_v2,development,development_only,development,5bb15ba6875367fb31577c8101ebd2cb2d0cc0fade022d622ccc42c1e625bbd2,,,,,,,,,,,2992,27008,190.66994864041666,47.7006444992774,-136.66788979533294,5.011455166998646,0.7891042780748663,0.4741187796208531,,,,,,,,,,,,,,,,,,,,,,,,True,False,True,True,True,True,5,6,PARTIAL,,,,,,,,,,,,,,,,,,,,,,,,reported loan_amount_000s among favorable actions 1/2/8,MAE/RMSE/absolute error kUSD; R2/RMSLE dimensionless; rates as named; percentage fields percent
prompt4b3__beat_costaware,,,complete_validation_descriptive,,100000,62.338806722469066,125.3264506137363,0.6956962426413715,0.39079404362196324,36.81917143072219,132.77187570147223,-8.98024482288856,26,0.00026,47.577343403105445,195.00032671843175,278.9930747861493,-138.66183352163762,-216.66062306329977,0.7933686207929691,0.8218058600757425,98.96267354666008,10013,5017,10038,,regresionpart2/regression_v2/outputs/reports/prompt4b3_policy_results.csv,prompt4b3__beat_costaware|complete_validation_descriptive,regression_v2,development,development_only,development,5bb15ba6875367fb31577c8101ebd2cb2d0cc0fade022d622ccc42c1e625bbd2,,,,,,,,,,,9974,90026,195.40620046488783,47.59624140592846,-138.97484805898708,5.421885369243121,0.7935632644876679,0.47551818363583853,,,,,,,,,,,,,,,,,,,,,,,,True,False,True,True,True,True,5,6,PARTIAL,,,,,,,,,,,,,,,,,,,,,,,,reported loan_amount_000s among favorable actions 1/2/8,MAE/RMSE/absolute error kUSD; R2/RMSLE dimensionless; rates as named; percentage fields percent
prompt4b4__denseweight_cat,,,selection,,70000,63.039096188601214,128.74359296467605,0.6875167769215011,0.39685468386714,37.40711876252928,133.4246036485547,-7.241377421672111,24,0.00034285714285714285,48.19786952756934,196.35615051334088,283.30937609600204,-136.87445543173015,-215.97569509648883,0.7895037079292642,0.8200967833760319,97.92297765319738,7012,3513,7040,,regresionpart2/regression_v2/outputs/reports/prompt4b4_candidate_results.csv,prompt4b4__denseweight_cat|selection,regression_v2,development,development_only,development,a535d4dd24df8a37010963aa5f069643608f9d17eeaeccdd8bbd139b56b980bd,,,,,,,,,,,,,,,,,,,,,,,,,,,,,,,,,,,,,,,,,,,,,,,,,,,,,,,,,,,,,,,,,standalone,adaptive Development evidence,2,,,,,,,reported loan_amount_000s among favorable actions 1/2/8,MAE/RMSE/absolute error kUSD; R2/RMSLE dimensionless; rates as named; percentage fields percent
prompt4b4__denseweight_cat,,,audit_descriptive,,30000,62.57235173371858,121.10796600758395,0.6962322030803032,0.39577790482273506,37.15573082876759,135.5620227041674,-7.426128096102764,12,0.0004,48.45716827767459,189.56196790490543,268.64806804966634,-133.73935374499672,-208.23469463905874,0.7840719760079974,0.813953488372093,99.11390627039764,3001,1505,3009,,regresionpart2/regression_v2/outputs/reports/prompt4b4_candidate_results.csv,prompt4b4__denseweight_cat|audit_descriptive,regression_v2,development,development_only,development,a535d4dd24df8a37010963aa5f069643608f9d17eeaeccdd8bbd139b56b980bd,,,,,,,,,,,,,,,,,,,,,,,,,,,,,,,,,,,,,,,,,,,,,,,,,,,,,,,,,,,,,,,,,standalone,adaptive Development evidence,2,,,,,,,reported loan_amount_000s among favorable actions 1/2/8,MAE/RMSE/absolute error kUSD; R2/RMSLE dimensionless; rates as named; percentage fields percent
prompt4b4__denseweight_cat,,,complete_validation_descriptive,,100000,62.89907285213642,126.50130726504833,0.6899641881113361,0.39653195717226053,37.34080601439203,134.00378837109687,-7.296802624001306,36,0.00036,48.275667508989905,194.31986348568535,278.9045378799593,-135.93483292480047,-213.75161931972883,0.7878757615100369,0.8186167032090891,98.18241087449654,10013,5017,10038,,regresionpart2/regression_v2/outputs/reports/prompt4b4_candidate_results.csv,prompt4b4__denseweight_cat|complete_validation_descriptive,regression_v2,development,development_only,development,a535d4dd24df8a37010963aa5f069643608f9d17eeaeccdd8bbd139b56b980bd,,,,,,,,,,,,,,,,,,,,,,,,,,,,,,,,,,,,,,,,,,,,,,,,,,,,,,,,,,,,,,,,,standalone,adaptive Development evidence,2,,,,,,,reported loan_amount_000s among favorable actions 1/2/8,MAE/RMSE/absolute error kUSD; R2/RMSLE dimensionless; rates as named; percentage fields percent
prompt4b4__sera_xgb,,,selection,,70000,111.83147814091274,178.34442104361617,0.40035459281994557,0.8674468506358398,85.42742919921875,214.03997344970702,20.549034863499234,0,0.0,91.61548638169694,293.42943720102176,419.37085752327016,-276.381283944495,-402.1761727836646,0.9492298916143753,0.9647025334471961,141.73899219686334,7012,3513,7040,,regresionpart2/regression_v2/outputs/reports/prompt4b4_candidate_results.csv,prompt4b4__sera_xgb|selection,regression_v2,development,development_only,development,a535d4dd24df8a37010963aa5f069643608f9d17eeaeccdd8bbd139b56b980bd,,,,,,,,,,,,,,,,,,,,,,,,,,,,,,,,,,,,,,,,,,,,,,,,,,,,,,,,,,,,,,,,,standalone,adaptive Development evidence,2,,,,,,,reported loan_amount_000s among favorable actions 1/2/8,MAE/RMSE/absolute error kUSD; R2/RMSLE dimensionless; rates as named; percentage fields percent
prompt4b4__sera_xgb,,,audit_descriptive,,30000,111.42442902272542,171.50002656712874,0.3908493748639391,0.8683770900797599,86.3582534790039,214.39627685546884,20.978905700174966,0,0.0,91.8046049141143,287.9374683790706,406.8060625754322,-272.38968014995163,-390.53433787196974,0.9546817727424192,0.9707641196013289,143.6016913097378,3001,1505,3009,,regresionpart2/regression_v2/outputs/reports/prompt4b4_candidate_results.csv,prompt4b4__sera_xgb|audit_descriptive,regression_v2,development,development_only,development,a535d4dd24df8a37010963aa5f069643608f9d17eeaeccdd8bbd139b56b980bd,,,,,,,,,,,,,,,,,,,,,,,,,,,,,,,,,,,,,,,,,,,,,,,,,,,,,,,,,,,,,,,,,standalone,adaptive Development evidence,2,,,,,,,reported loan_amount_000s among favorable actions 1/2/8,MAE/RMSE/absolute error kUSD; R2/RMSLE dimensionless; rates as named; percentage fields percent
prompt4b4__sera_xgb,,,complete_validation_descriptive,,100000,111.70936340545654,176.31900208407941,0.3976900011030997,0.867726027180955,85.84500122070312,214.1318817138672,20.677996114501955,0,0.0,91.67222803612188,291.78343715761065,415.60362569388104,-275.1849588683515,-398.6823832842846,0.9508638769599521,0.9665138529001396,142.22289243896873,10013,5017,10038,,regresionpart2/regression_v2/outputs/reports/prompt4b4_candidate_results.csv,prompt4b4__sera_xgb|complete_validation_descriptive,regression_v2,development,development_only,development,a535d4dd24df8a37010963aa5f069643608f9d17eeaeccdd8bbd139b56b980bd,,,,,,,,,,,,,,,,,,,,,,,,,,,,,,,,,,,,,,,,,,,,,,,,,,,,,,,,,,,,,,,,,standalone,adaptive Development evidence,2,,,,,,,reported loan_amount_000s among favorable actions 1/2/8,MAE/RMSE/absolute error kUSD; R2/RMSLE dimensionless; rates as named; percentage fields percent
prompt4b4__imrgb,,,selection,,70000,66.14347129504692,151.37808958172445,0.5679823450689341,0.48845207535651775,39.08489227294922,135.84575881958006,1.5309039874927142,522,0.0074571428571428575,51.3878662561875,198.69139630755083,283.59242663422845,-95.19200590183173,-147.1532271361032,0.7522818026240731,0.7691431824651295,102.01467585861683,7012,3513,7040,,regresionpart2/regression_v2/outputs/reports/prompt4b4_candidate_results.csv,prompt4b4__imrgb|selection,regression_v2,development,development_only,development,a535d4dd24df8a37010963aa5f069643608f9d17eeaeccdd8bbd139b56b980bd,,,,,,,,,,,,,,,,,,,,,,,,,,,,,,,,,,,,,,,,,,,,,,,,,,,,,,,,,,,,,,,,,standalone,adaptive Development evidence,2,,,,,,,reported loan_amount_000s among favorable actions 1/2/8,MAE/RMSE/absolute error kUSD; R2/RMSLE dimensionless; rates as named; percentage fields percent
prompt4b4__imrgb,,,audit_descriptive,,30000,65.49968569130327,133.14339094480295,0.6328567584932117,0.4891680396265566,38.93577575683594,135.68567810058596,0.1558136132058998,197,0.006566666666666667,51.80401775928944,188.71506006532573,263.0560173465564,-101.04593380321387,-153.4674492921544,0.7544151949350216,0.773421926910299,104.55645128974648,3001,1505,3009,,regresionpart2/regression_v2/outputs/reports/prompt4b4_candidate_results.csv,prompt4b4__imrgb|audit_descriptive,regression_v2,development,development_only,development,a535d4dd24df8a37010963aa5f069643608f9d17eeaeccdd8bbd139b56b980bd,,,,,,,,,,,,,,,,,,,,,,,,,,,,,,,,,,,,,,,,,,,,,,,,,,,,,,,,,,,,,,,,,standalone,adaptive Development evidence,2,,,,,,,reported loan_amount_000s among favorable actions 1/2/8,MAE/RMSE/absolute error kUSD; R2/RMSLE dimensionless; rates as named; percentage fields percent
prompt4b4__imrgb,,,complete_validation_descriptive,,100000,65.95033561392383,146.14676516937692,0.5861906982412506,0.48866697478107624,39.027198791503906,135.79062652587896,1.1183768752066698,719,0.00719,51.512725118381475,195.70138481619784,277.43323777400093,-96.9464888372205,-149.0642734538613,0.7529212024368321,0.7705800279051226,102.72225869131839,10013,5017,10038,,regresionpart2/regression_v2/outputs/reports/prompt4b4_candidate_results.csv,prompt4b4__imrgb|complete_validation_descriptive,regression_v2,development,development_only,development,a535d4dd24df8a37010963aa5f069643608f9d17eeaeccdd8bbd139b56b980bd,,,,,,,,,,,,,,,,,,,,,,,,,,,,,,,,,,,,,,,,,,,,,,,,,,,,,,,,,,,,,,,,,standalone,adaptive Development evidence,2,,,,,,,reported loan_amount_000s among favorable actions 1/2/8,MAE/RMSE/absolute error kUSD; R2/RMSLE dimensionless; rates as named; percentage fields percent
prompt4b4__lds_lgb,,,selection,,70000,75.25473973924522,152.63279018912044,0.560791090061608,0.5077739917387603,42.05605488206423,158.7451712828309,23.709276388354734,394,0.005628571428571429,61.452844861815855,199.23559463649573,265.7015482059683,13.428972145176042,3.7954079823168474,0.5656018254420992,0.5775690293196698,122.65711446344156,7012,3513,7040,,regresionpart2/regression_v2/outputs/reports/prompt4b4_candidate_results.csv,prompt4b4__lds_lgb|selection,regression_v2,development,development_only,development,a535d4dd24df8a37010963aa5f069643608f9d17eeaeccdd8bbd139b56b980bd,,,,,,,,,,,,,,,,,,,,,,,,,,,,,,,,,,,,,,,,,,,,,,,,,,,,,,,,,,,,,,,,,standalone,adaptive Development evidence,2,,,,,,,reported loan_amount_000s among favorable actions 1/2/8,MAE/RMSE/absolute error kUSD; R2/RMSLE dimensionless; rates as named; percentage fields percent
prompt4b4__lds_lgb,,,audit_descriptive,,30000,74.99217310677413,145.90186140217006,0.5591224585750977,0.5102574689092146,42.43141961940433,160.62418958980913,23.097453613909696,168,0.0056,62.17439098758852,190.3095004762816,250.57744330415954,9.023423361213347,2.1573911251654714,0.5744751749416861,0.5780730897009967,122.92144948086019,3001,1505,3009,,regresionpart2/regression_v2/outputs/reports/prompt4b4_candidate_results.csv,prompt4b4__lds_lgb|audit_descriptive,regression_v2,development,development_only,development,a535d4dd24df8a37010963aa5f069643608f9d17eeaeccdd8bbd139b56b980bd,,,,,,,,,,,,,,,,,,,,,,,,,,,,,,,,,,,,,,,,,,,,,,,,,,,,,,,,,,,,,,,,,standalone,adaptive Development evidence,2,,,,,,,reported loan_amount_000s among favorable actions 1/2/8,MAE/RMSE/absolute error kUSD; R2/RMSLE dimensionless; rates as named; percentage fields percent
prompt4b4__lds_lgb,,,complete_validation_descriptive,,100000,75.1759697495039,150.64509284018067,0.560324958428247,0.508520308398506,42.18873839974549,159.25736470473333,23.525729556021226,562,0.00562,61.66933195272605,196.5603515949695,261.1369946044788,12.108583460399048,3.3238385696631685,0.56826126036153,0.5774367151684273,122.64784337868215,10013,5017,10038,,regresionpart2/regression_v2/outputs/reports/prompt4b4_candidate_results.csv,prompt4b4__lds_lgb|complete_validation_descriptive,regression_v2,development,development_only,development,a535d4dd24df8a37010963aa5f069643608f9d17eeaeccdd8bbd139b56b980bd,,,,,,,,,,,,,,,,,,,,,,,,,,,,,,,,,,,,,,,,,,,,,,,,,,,,,,,,,,,,,,,,,standalone,adaptive Development evidence,2,,,,,,,reported loan_amount_000s among favorable actions 1/2/8,MAE/RMSE/absolute error kUSD; R2/RMSLE dimensionless; rates as named; percentage fields percent
prompt4b4__sub_densecat,,,selection,,70000,62.62624101193922,127.26462576108737,0.6946549636811049,0.39062275928260737,37.109912099473306,132.69783206552762,-8.660195215145377,12,0.00017142857142857143,47.68850456692196,196.81023177045995,282.9689826377608,-138.5497824518123,-216.9413801281574,0.7962065031374786,0.8243666382009678,98.69076541711772,7012,3513,7040,,regresionpart2/regression_v2/outputs/reports/prompt4b4_candidate_results.csv,prompt4b4__sub_densecat|selection,regression_v2,development,development_only,development,a535d4dd24df8a37010963aa5f069643608f9d17eeaeccdd8bbd139b56b980bd,,,,,,,,,,,,,,,,,,,,,,,,,,,,,,,,,,,,,,,,,,,,,,,,,,,,,,,,,,,,,,,,,fixed_substitution,adaptive Development evidence,3,,,,,,,reported loan_amount_000s among favorable actions 1/2/8,MAE/RMSE/absolute error kUSD; R2/RMSLE dimensionless; rates as named; percentage fields percent
prompt4b4__sub_densecat,,,audit_descriptive,,30000,62.149249282951324,120.40947026518118,0.6997260877418611,0.389617247324583,36.89094753138759,133.90405058354574,-8.957367754820657,6,0.0002,47.87537841313238,190.56652339632743,269.81721008000125,-136.48915635551893,-210.75539538751454,0.793735421526158,0.8225913621262458,99.88737667134923,3001,1505,3009,,regresionpart2/regression_v2/outputs/reports/prompt4b4_candidate_results.csv,prompt4b4__sub_densecat|audit_descriptive,regression_v2,development,development_only,development,a535d4dd24df8a37010963aa5f069643608f9d17eeaeccdd8bbd139b56b980bd,,,,,,,,,,,,,,,,,,,,,,,,,,,,,,,,,,,,,,,,,,,,,,,,,,,,,,,,,,,,,,,,,fixed_substitution,adaptive Development evidence,3,,,,,,,reported loan_amount_000s among favorable actions 1/2/8,MAE/RMSE/absolute error kUSD; R2/RMSLE dimensionless; rates as named; percentage fields percent
prompt4b4__sub_densecat,,,complete_validation_descriptive,,100000,62.48314349324287,125.24748156326021,0.696079609564181,0.39032137767809494,37.04243890053223,133.0809593015201,-8.749346977047962,18,0.00018,47.744572743145596,194.9389275828267,279.0051116348822,-137.93219142864478,-215.16670609982492,0.7954658943373615,0.8239984054215667,98.95516489973265,10013,5017,10038,,regresionpart2/regression_v2/outputs/reports/prompt4b4_candidate_results.csv,prompt4b4__sub_densecat|complete_validation_descriptive,regression_v2,development,development_only,development,a535d4dd24df8a37010963aa5f069643608f9d17eeaeccdd8bbd139b56b980bd,,,,,,,,,,,,,,,,,,,,,,,,,,,,,,,,,,,,,,,,,,,,,,,,,,,,,,,,,,,,,,,,,fixed_substitution,adaptive Development evidence,3,,,,,,,reported loan_amount_000s among favorable actions 1/2/8,MAE/RMSE/absolute error kUSD; R2/RMSLE dimensionless; rates as named; percentage fields percent
prompt4b4__sub_seraxgb,,,selection,,70000,67.08962054650186,131.3976625856886,0.6745001937404087,0.5230672232513692,43.74220381302217,133.53178541436108,-1.9407029433729797,0,0.0,51.39203149879258,208.09928097678036,301.2356443096205,-166.01587843312026,-255.60101980204303,0.8481175128351398,0.8719043552519214,100.9006218598612,7012,3513,7040,,regresionpart2/regression_v2/outputs/reports/prompt4b4_candidate_results.csv,prompt4b4__sub_seraxgb|selection,regression_v2,development,development_only,development,a535d4dd24df8a37010963aa5f069643608f9d17eeaeccdd8bbd139b56b980bd,,,,,,,,,,,,,,,,,,,,,,,,,,,,,,,,,,,,,,,,,,,,,,,,,,,,,,,,,,,,,,,,,fixed_substitution,adaptive Development evidence,3,,,,,,,reported loan_amount_000s among favorable actions 1/2/8,MAE/RMSE/absolute error kUSD; R2/RMSLE dimensionless; rates as named; percentage fields percent
prompt4b4__sub_seraxgb,,,audit_descriptive,,30000,66.4509055260957,123.48634784899481,0.6841839453815025,0.5237735525646907,43.418712422195455,134.68281007692767,-1.9289314416893568,0,0.0,51.48311639303591,201.11113171852523,286.48223307075347,-162.1299663880778,-245.77676294908386,0.8527157614128624,0.8717607973421927,102.21949628501942,3001,1505,3009,,regresionpart2/regression_v2/outputs/reports/prompt4b4_candidate_results.csv,prompt4b4__sub_seraxgb|audit_descriptive,regression_v2,development,development_only,development,a535d4dd24df8a37010963aa5f069643608f9d17eeaeccdd8bbd139b56b980bd,,,,,,,,,,,,,,,,,,,,,,,,,,,,,,,,,,,,,,,,,,,,,,,,,,,,,,,,,,,,,,,,,fixed_substitution,adaptive Development evidence,3,,,,,,,reported loan_amount_000s among favorable actions 1/2/8,MAE/RMSE/absolute error kUSD; R2/RMSLE dimensionless; rates as named; percentage fields percent
prompt4b4__sub_seraxgb,,,complete_validation_descriptive,,100000,66.89800604038003,129.07519298692765,0.6772194177668454,0.5232792221537172,43.66048913842581,133.898778374357,-1.9371714928678931,0,0.0,51.41935990244729,206.0048601314769,296.8109006651903,-164.85123027101375,-252.7126237352336,0.849495655647658,0.872234403029699,101.21727459680787,10013,5017,10038,,regresionpart2/regression_v2/outputs/reports/prompt4b4_candidate_results.csv,prompt4b4__sub_seraxgb|complete_validation_descriptive,regression_v2,development,development_only,development,a535d4dd24df8a37010963aa5f069643608f9d17eeaeccdd8bbd139b56b980bd,,,,,,,,,,,,,,,,,,,,,,,,,,,,,,,,,,,,,,,,,,,,,,,,,,,,,,,,,,,,,,,,,fixed_substitution,adaptive Development evidence,3,,,,,,,reported loan_amount_000s among favorable actions 1/2/8,MAE/RMSE/absolute error kUSD; R2/RMSLE dimensionless; rates as named; percentage fields percent
prompt4b4__sub_imrgb,,,selection,,70000,62.69464862852722,126.60844309865605,0.6977955941466845,0.40582100483400907,37.12995410145775,132.5298721295038,-5.744329118574285,82,0.0011714285714285715,48.12956126694129,193.5311749735893,277.6646151609773,-129.7780228245876,-204.59643067253074,0.7808043354249857,0.8089951608311984,97.62493292142942,7012,3513,7040,,regresionpart2/regression_v2/outputs/reports/prompt4b4_candidate_results.csv,prompt4b4__sub_imrgb|selection,regression_v2,development,development_only,development,a535d4dd24df8a37010963aa5f069643608f9d17eeaeccdd8bbd139b56b980bd,,,,,,,,,,,,,,,,,,,,,,,,,,,,,,,,,,,,,,,,,,,,,,,,,,,,,,,,,,,,,,,,,fixed_substitution,adaptive Development evidence,3,,,,,,,reported loan_amount_000s among favorable actions 1/2/8,MAE/RMSE/absolute error kUSD; R2/RMSLE dimensionless; rates as named; percentage fields percent
prompt4b4__sub_imrgb,,,audit_descriptive,,30000,62.23787987578876,119.81784568032116,0.702669593655139,0.40821310435794894,37.009121365774114,133.97468088404918,-6.093549859083172,30,0.001,48.32966160935351,187.3654989945778,264.50180985601605,-127.86121711873027,-198.36338523312077,0.7787404198600466,0.812624584717608,99.1015124607215,3001,1505,3009,,regresionpart2/regression_v2/outputs/reports/prompt4b4_candidate_results.csv,prompt4b4__sub_imrgb|audit_descriptive,regression_v2,development,development_only,development,a535d4dd24df8a37010963aa5f069643608f9d17eeaeccdd8bbd139b56b980bd,,,,,,,,,,,,,,,,,,,,,,,,,,,,,,,,,,,,,,,,,,,,,,,,,,,,,,,,,,,,,,,,,fixed_substitution,adaptive Development evidence,3,,,,,,,reported loan_amount_000s among favorable actions 1/2/8,MAE/RMSE/absolute error kUSD; R2/RMSLE dimensionless; rates as named; percentage fields percent
prompt4b4__sub_imrgb,,,complete_validation_descriptive,,100000,62.55761800270569,124.61012538212101,0.6991649039766408,0.40654011259161804,37.098869204935966,132.89248967491886,-5.849095340726952,112,0.00112,48.18959781827411,191.68325790447778,273.69293872236693,-129.20353626478754,-202.7890017691489,0.7801857585139319,0.810245166434124,97.99964012929418,10013,5017,10038,,regresionpart2/regression_v2/outputs/reports/prompt4b4_candidate_results.csv,prompt4b4__sub_imrgb|complete_validation_descriptive,regression_v2,development,development_only,development,a535d4dd24df8a37010963aa5f069643608f9d17eeaeccdd8bbd139b56b980bd,,,,,,,,,,,,,,,,,,,,,,,,,,,,,,,,,,,,,,,,,,,,,,,,,,,,,,,,,,,,,,,,,fixed_substitution,adaptive Development evidence,3,,,,,,,reported loan_amount_000s among favorable actions 1/2/8,MAE/RMSE/absolute error kUSD; R2/RMSLE dimensionless; rates as named; percentage fields percent
prompt4b4__sub_ldslgb,,,selection,,70000,63.249367182759954,125.37815513997899,0.7036402597991473,0.3964301455285705,37.360025481049036,134.61563831859576,-2.824180942873962,11,0.00015714285714285713,49.34928401352491,188.11223635899736,265.7775516288965,-110.08503426829861,-176.0087678135394,0.7457216200798631,0.771420438371762,99.68023910991145,7012,3513,7040,,regresionpart2/regression_v2/outputs/reports/prompt4b4_candidate_results.csv,prompt4b4__sub_ldslgb|selection,regression_v2,development,development_only,development,a535d4dd24df8a37010963aa5f069643608f9d17eeaeccdd8bbd139b56b980bd,,,,,,,,,,,,,,,,,,,,,,,,,,,,,,,,,,,,,,,,,,,,,,,,,,,,,,,,,,,,,,,,,fixed_substitution,adaptive Development evidence,3,,,,,,,reported loan_amount_000s among favorable actions 1/2/8,MAE/RMSE/absolute error kUSD; R2/RMSLE dimensionless; rates as named; percentage fields percent
prompt4b4__sub_ldslgb,,,audit_descriptive,,30000,62.860893006611164,118.61585380548348,0.7086052053266358,0.39750025971322883,37.28993197492737,136.15694536917815,-3.076151821111728,5,0.00016666666666666666,49.60404871252294,182.12831689734364,252.32435332260175,-108.13767741207228,-169.62838087646705,0.7424191936021326,0.7727574750830565,101.33052861259871,3001,1505,3009,,regresionpart2/regression_v2/outputs/reports/prompt4b4_candidate_results.csv,prompt4b4__sub_ldslgb|audit_descriptive,regression_v2,development,development_only,development,a535d4dd24df8a37010963aa5f069643608f9d17eeaeccdd8bbd139b56b980bd,,,,,,,,,,,,,,,,,,,,,,,,,,,,,,,,,,,,,,,,,,,,,,,,,,,,,,,,,,,,,,,,,fixed_substitution,adaptive Development evidence,3,,,,,,,reported loan_amount_000s among favorable actions 1/2/8,MAE/RMSE/absolute error kUSD; R2/RMSLE dimensionless; rates as named; percentage fields percent
prompt4b4__sub_ldslgb,,,complete_validation_descriptive,,100000,63.13282492991533,123.38838471515218,0.7050350639438562,0.39675148284573275,37.337718056804874,135.24300179948455,-2.899772206345292,16,0.00016,49.425721633494994,186.31879360413637,261.70289913263963,-109.50139121171865,-174.14066616181535,0.7447318485968242,0.7719752840342834,100.0957509179437,10013,5017,10038,,regresionpart2/regression_v2/outputs/reports/prompt4b4_candidate_results.csv,prompt4b4__sub_ldslgb|complete_validation_descriptive,regression_v2,development,development_only,development,a535d4dd24df8a37010963aa5f069643608f9d17eeaeccdd8bbd139b56b980bd,,,,,,,,,,,,,,,,,,,,,,,,,,,,,,,,,,,,,,,,,,,,,,,,,,,,,,,,,,,,,,,,,fixed_substitution,adaptive Development evidence,3,,,,,,,reported loan_amount_000s among favorable actions 1/2/8,MAE/RMSE/absolute error kUSD; R2/RMSLE dimensionless; rates as named; percentage fields percent
stage1_raw_t65_a25,,,selection,,70000,62.41048874687212,126.45617069418464,0.6985220815397688,0.39096586177276205,36.9209189636599,132.54244445118422,-6.671066459271172,17,0.00024285714285714286,48.28589252013225,189.29013323202474,272.1843058559508,-126.47811162246626,-203.8218153722763,0.7665430690245294,0.8081411898662112,97.72820271716579,7012,3513,7040,,regresionpart2/regression_v2/outputs/reports/prompt4b_stage1_candidates.csv,stage1_raw_t65_a25|selection,regression_v2,development,development_only,development,1b27716613364bbfeaea88472f6e72c916ac519c19018f5a9abf858acdbf6ae7,0.65,,,,,,,,,,6982,63018,189.72723203474106,48.304590406145635,-126.84823496849516,6.643811679219448,0.7669722142652535,0.47302358056428323,,,,,,,,,,,,,,,,,,,,,,0.25,,,,,,,,,,,,,,,,,,,,,,,,,,,,Stage 1,raw,,False,,,reported loan_amount_000s among favorable actions 1/2/8,MAE/RMSE/absolute error kUSD; R2/RMSLE dimensionless; rates as named; percentage fields percent
stage1_raw_t65_a25,,,audit,,30000,61.952755825676014,119.3725340775996,0.7048755861481675,0.3909232585282473,36.585575242100134,133.6285703942042,-6.905000460376147,9,0.0003,48.4792181759262,183.16969784686742,258.6392901604684,-123.78378519100927,-196.542195186762,0.7597467510829723,0.8073089700996677,99.5215516069078,3001,1505,3009,,regresionpart2/regression_v2/outputs/reports/prompt4b_stage1_candidates.csv,stage1_raw_t65_a25|audit,regression_v2,development,development_only,development,1b27716613364bbfeaea88472f6e72c916ac519c19018f5a9abf858acdbf6ae7,0.65,,,,,,,,,,2992,27008,183.4097767778395,48.49750528180483,-123.87442119274841,6.053104798482629,0.7593582887700535,0.47134182464454977,,,,,,,,,,,,,,,,,,,,,,0.25,,,,,,,,,,,,,,,,,,,,,,,,,,,,Stage 1,raw,,False,,,reported loan_amount_000s among favorable actions 1/2/8,MAE/RMSE/absolute error kUSD; R2/RMSLE dimensionless; rates as named; percentage fields percent
stage1_raw_t65_a25,,,complete_validation,,100000,62.273168870513274,124.37344870300106,0.7003065934539463,0.39095308128688,36.82960561800111,132.9595749072372,-6.741246659602665,26,0.00026,48.3438964471526,187.4557752383308,268.0996755404896,-125.67059403325197,-201.70754321319322,0.76450614201538,0.8078532987841339,98.20094350791497,10013,5017,10038,,regresionpart2/regression_v2/outputs/reports/prompt4b_stage1_candidates.csv,stage1_raw_t65_a25|complete_validation,regression_v2,development,development_only,development,1b27716613364bbfeaea88472f6e72c916ac519c19018f5a9abf858acdbf6ae7,0.65,,,,,,,,,,9974,90026,187.83212213613973,48.36246529741932,-125.95615046708808,6.466598302695556,0.7646881892921596,0.4725190500522071,,,,,,,,,,,,,,,,,,,,,,0.25,,,,,,,,,,,,,,,,,,,,,,,,,,,,Stage 1,raw,,False,,,reported loan_amount_000s among favorable actions 1/2/8,MAE/RMSE/absolute error kUSD; R2/RMSLE dimensionless; rates as named; percentage fields percent
stage1_raw_t65_a50,,,selection,,70000,62.52748772080393,125.91891401903585,0.7010783340560129,0.391599215066374,36.95547402324661,133.44596925880532,-4.37617546916242,17,0.00024285714285714286,49.13738750690479,182.80923790236102,261.99109034340967,-112.98844347776787,-187.998831881764,0.7327438676554479,0.7916310845431256,98.19757750587758,7012,3513,7040,,regresionpart2/regression_v2/outputs/reports/prompt4b_stage1_candidates.csv,stage1_raw_t65_a50|selection,regression_v2,development,development_only,development,1b27716613364bbfeaea88472f6e72c916ac519c19018f5a9abf858acdbf6ae7,0.65,,,,,,,,,,6982,63018,183.21260375614315,49.15633217542421,-113.33032626406589,7.69526254616679,0.7333142366084217,0.4705957028150687,,,,,,,,,,,,,,,,,,,,,,0.5,,,,,,,,,,,,,,,,,,,,,,,,,,,,Stage 1,raw,,False,,,reported loan_amount_000s among favorable actions 1/2/8,MAE/RMSE/absolute error kUSD; R2/RMSLE dimensionless; rates as named; percentage fields percent
stage1_raw_t65_a50,,,audit,,30000,62.14310695271402,118.92758048382552,0.707071601039963,0.3917066775824709,36.79085376706372,134.22524214719823,-4.648977909363785,9,0.0003,49.35923192675615,177.1553834691541,248.26810305536065,-110.64760210655687,-181.31222383338925,0.7340886371209597,0.7953488372093023,100.77344889798955,3001,1505,3009,,regresionpart2/regression_v2/outputs/reports/prompt4b_stage1_candidates.csv,stage1_raw_t65_a50|audit,regression_v2,development,development_only,development,1b27716613364bbfeaea88472f6e72c916ac519c19018f5a9abf858acdbf6ae7,0.65,,,,,,,,,,2992,27008,177.38026347600166,49.376905371046504,-110.70717230333094,7.100359976697741,0.7336229946524064,0.46926836492890994,,,,,,,,,,,,,,,,,,,,,,0.5,,,,,,,,,,,,,,,,,,,,,,,,,,,,Stage 1,raw,,False,,,reported loan_amount_000s among favorable actions 1/2/8,MAE/RMSE/absolute error kUSD; R2/RMSLE dimensionless; rates as named; percentage fields percent
stage1_raw_t65_a50,,,complete_validation,,100000,62.41217349037695,123.86295594460185,0.702761737019685,0.3916314569173798,36.92526672211112,133.7628485614403,-4.458016201222829,26,0.00026,49.20394798221308,181.1147190614488,257.85938356737375,-112.28686902905076,-186.06642869533033,0.7331469090182763,0.7927048036675304,98.92278853672546,10013,5017,10038,,regresionpart2/regression_v2/outputs/reports/prompt4b_stage1_candidates.csv,stage1_raw_t65_a50|complete_validation,regression_v2,development,development_only,development,1b27716613364bbfeaea88472f6e72c916ac519c19018f5a9abf858acdbf6ae7,0.65,,,,,,,,,,9974,90026,181.46301862297858,49.22250462413199,-112.54343267568422,7.516790453702168,0.733406857830359,0.4701974985004332,,,,,,,,,,,,,,,,,,,,,,0.5,,,,,,,,,,,,,,,,,,,,,,,,,,,,Stage 1,raw,,False,,,reported loan_amount_000s among favorable actions 1/2/8,MAE/RMSE/absolute error kUSD; R2/RMSLE dimensionless; rates as named; percentage fields percent
stage1_raw_t75_a25,,,selection,,70000,62.400659004933416,126.5220418958469,0.6982079191723554,0.3908385151423294,36.8952755791919,132.5739734408093,-7.192536234925437,17,0.00024285714285714286,48.094901799904605,190.90765199271914,273.6037991858968,-128.4389984446605,-205.3618690605894,0.7685396463205932,0.8089951608311984,98.76801987410938,7012,3513,7040,,regresionpart2/regression_v2/outputs/reports/prompt4b_stage1_candidates.csv,stage1_raw_t75_a25|selection,regression_v2,development,development_only,development,1b27716613364bbfeaea88472f6e72c916ac519c19018f5a9abf858acdbf6ae7,0.75,,,,,,,,,,6982,63018,191.34464275318467,48.11447260532868,-128.80668498539737,6.281550320912495,0.7689773703809797,0.47453108635627916,,,,,,,,,,,,,,,,,,,,,,0.25,,,,,,,,,,,,,,,,,,,,,,,,,,,,Stage 1,raw,,False,,,reported loan_amount_000s among favorable actions 1/2/8,MAE/RMSE/absolute error kUSD; R2/RMSLE dimensionless; rates as named; percentage fields percent
stage1_raw_t75_a25,,,audit,,30000,61.916377325981536,119.41811841549185,0.7046501470262105,0.3907503906797232,36.50648202279264,133.611127329342,-7.424780322044686,9,0.0003,48.265439319566006,184.72933141968798,260.0602622840158,-125.71672766596785,-198.10116690570956,0.7620793068977008,0.8073089700996677,100.38097302036599,3001,1505,3009,,regresionpart2/regression_v2/outputs/reports/prompt4b_stage1_candidates.csv,stage1_raw_t75_a25|audit,regression_v2,development,development_only,development,1b27716613364bbfeaea88472f6e72c916ac519c19018f5a9abf858acdbf6ae7,0.75,,,,,,,,,,2992,27008,184.9722812829019,48.28399934023266,-125.81073839599611,5.690251763162017,0.7616978609625669,0.47237855450236965,,,,,,,,,,,,,,,,,,,,,,0.25,,,,,,,,,,,,,,,,,,,,,,,,,,,,Stage 1,raw,,False,,,reported loan_amount_000s among favorable actions 1/2/8,MAE/RMSE/absolute error kUSD; R2/RMSLE dimensionless; rates as named; percentage fields percent
stage1_raw_t75_a25,,,complete_validation,,100000,62.25537450124784,124.43345635967457,0.7000173317559315,0.3908120798900278,36.81190606452424,132.92270948380934,-7.262209461061212,26,0.00026,48.146068551694746,189.05594520757322,269.5203156082072,-127.6231056446149,-203.25403420965165,0.7666034155597723,0.8084512656966315,99.18493011589602,10013,5017,10038,,regresionpart2/regression_v2/outputs/reports/prompt4b_stage1_candidates.csv,stage1_raw_t75_a25|complete_validation,regression_v2,development,development_only,development,1b27716613364bbfeaea88472f6e72c916ac519c19018f5a9abf858acdbf6ae7,0.75,,,,,,,,,,9974,90026,189.43306209155585,48.16533100241716,-127.9079610837041,6.104159439970046,0.7667936635251654,0.47388532201808364,,,,,,,,,,,,,,,,,,,,,,0.25,,,,,,,,,,,,,,,,,,,,,,,,,,,,Stage 1,raw,,False,,,reported loan_amount_000s among favorable actions 1/2/8,MAE/RMSE/absolute error kUSD; R2/RMSLE dimensionless; rates as named; percentage fields percent
stage1_raw_t75_a50,,,selection,,70000,62.42861503454826,125.92551307357539,0.7010470019550148,0.3911537575258201,36.94419481855542,132.9612593550193,-5.419115020470952,17,0.00024285714285714286,48.69669646775841,185.78088067701245,264.76373223234003,-116.91021712215634,-191.07893925839033,0.742156303479749,0.7924850555081128,99.69154288115917,7012,3513,7040,,regresionpart2/regression_v2/outputs/reports/prompt4b_stage1_candidates.csv,stage1_raw_t75_a50|selection,regression_v2,development,development_only,development,1b27716613364bbfeaea88472f6e72c916ac519c19018f5a9abf858acdbf6ae7,0.75,,,,,,,,,,6982,63018,186.18696212798557,48.716964721837925,-117.24722629787027,6.970739829552883,0.7424806645660269,0.4733092132406614,,,,,,,,,,,,,,,,,,,,,,0.5,,,,,,,,,,,,,,,,,,,,,,,,,,,,Stage 1,raw,,False,,,reported loan_amount_000s among favorable actions 1/2/8,MAE/RMSE/absolute error kUSD; R2/RMSLE dimensionless; rates as named; percentage fields percent
stage1_raw_t75_a50,,,audit,,30000,62.007433107239365,118.89021396570412,0.7072556457289418,0.3911828158518841,36.66157477972047,133.83616666225004,-5.688537632700862,9,0.0003,48.8874127059312,180.04389789061796,251.06710061214082,-114.51348705647405,-184.4301672712845,0.7380873042319227,0.7960132890365449,102.07647153482394,3001,1505,3009,,regresionpart2/regression_v2/outputs/reports/prompt4b_stage1_candidates.csv,stage1_raw_t75_a50|audit,regression_v2,development,development_only,development,1b27716613364bbfeaea88472f6e72c916ac519c19018f5a9abf858acdbf6ae7,0.75,,,,,,,,,,2992,27008,180.273825652819,48.905646729263424,-114.57980670982631,6.374653906056519,0.7376336898395722,0.4714529028436019,,,,,,,,,,,,,,,,,,,,,,0.5,,,,,,,,,,,,,,,,,,,,,,,,,,,,Stage 1,raw,,False,,,reported loan_amount_000s among favorable actions 1/2/8,MAE/RMSE/absolute error kUSD; R2/RMSLE dimensionless; rates as named; percentage fields percent
stage1_raw_t75_a50,,,complete_validation,,100000,62.3022604563556,123.85689033329359,0.7027908480256406,0.39116247525029846,36.88780228108961,133.18621935214978,-5.499941804139925,26,0.00026,48.753917485399036,184.06144740606769,260.64132466567304,-116.19189225177657,-189.15941068824716,0.7409367821831618,0.7935020928841937,100.35536503225123,10013,5017,10038,,regresionpart2/regression_v2/outputs/reports/prompt4b_stage1_candidates.csv,stage1_raw_t75_a50|complete_validation,regression_v2,development,development_only,development,1b27716613364bbfeaea88472f6e72c916ac519c19018f5a9abf858acdbf6ae7,0.75,,,,,,,,,,9974,90026,184.41313975644974,48.77356974323783,-116.44705390891623,6.79191272825115,0.7410266693402847,0.4727523159976007,,,,,,,,,,,,,,,,,,,,,,0.5,,,,,,,,,,,,,,,,,,,,,,,,,,,,Stage 1,raw,,False,,,reported loan_amount_000s among favorable actions 1/2/8,MAE/RMSE/absolute error kUSD; R2/RMSLE dimensionless; rates as named; percentage fields percent
stage1_raw_t85_a25,,,selection,,70000,62.40205610874982,126.65981175816066,0.6975503184908655,0.3907756975604812,36.90403092590489,132.5126954074804,-7.789476192345718,17,0.00024285714285714286,47.85222507028964,193.10153663506603,275.9299476324129,-131.32544018950188,-207.94990479867883,0.7736737022247575,0.8095644748078565,99.50086419973272,7012,3513,7040,,regresionpart2/regression_v2/outputs/reports/prompt4b_stage1_candidates.csv,stage1_raw_t85_a25|selection,regression_v2,development,development_only,development,1b27716613364bbfeaea88472f6e72c916ac519c19018f5a9abf858acdbf6ae7,0.85,,,,,,,,,,6982,63018,193.54836587345412,47.87186576984402,-131.6970646486956,5.9387091293438745,0.7741334861071326,0.47551493224158176,,,,,,,,,,,,,,,,,,,,,,0.25,,,,,,,,,,,,,,,,,,,,,,,,,,,,Stage 1,raw,,False,,,reported loan_amount_000s among favorable actions 1/2/8,MAE/RMSE/absolute error kUSD; R2/RMSLE dimensionless; rates as named; percentage fields percent
stage1_raw_t85_a25,,,audit,,30000,61.88669800166343,119.51844749960779,0.704153662432949,0.3906118751496878,36.424650454102874,133.6648076492498,-7.998212632883928,9,0.0003,48.01245068655604,186.70869175727304,262.2982319451624,-128.45955445636392,-200.576218696248,0.7684105298233922,0.8099667774086379,100.83336780890782,3001,1505,3009,,regresionpart2/regression_v2/outputs/reports/prompt4b_stage1_candidates.csv,stage1_raw_t85_a25|audit,regression_v2,development,development_only,development,1b27716613364bbfeaea88472f6e72c916ac519c19018f5a9abf858acdbf6ae7,0.85,,,,,,,,,,2992,27008,186.95477774436426,48.031407177086976,-128.55755320842061,5.35759109201261,0.768048128342246,0.4734152843601896,,,,,,,,,,,,,,,,,,,,,,0.25,,,,,,,,,,,,,,,,,,,,,,,,,,,,Stage 1,raw,,False,,,reported loan_amount_000s among favorable actions 1/2/8,MAE/RMSE/absolute error kUSD; R2/RMSLE dimensionless; rates as named; percentage fields percent
stage1_raw_t85_a25,,,complete_validation,,100000,62.2474486766239,124.56040032066306,0.6994049496218239,0.3907265580493641,36.77482719406527,132.9063441509,-7.852097124507182,26,0.00026,47.90029791874082,191.18553468976927,271.8179178380391,-130.46650449738692,-205.80621681529854,0.7720962748427045,0.8096471995216264,99.82901013126369,10013,5017,10038,,regresionpart2/regression_v2/outputs/reports/prompt4b_stage1_candidates.csv,stage1_raw_t85_a25|complete_validation,regression_v2,development,development_only,development,1b27716613364bbfeaea88472f6e72c916ac519c19018f5a9abf858acdbf6ae7,0.85,,,,,,,,,,9974,90026,191.5704216502501,47.919728546450976,-130.75527417052206,5.764372427144034,0.7723080008020854,0.4748850332126275,,,,,,,,,,,,,,,,,,,,,,0.25,,,,,,,,,,,,,,,,,,,,,,,,,,,,Stage 1,raw,,False,,,reported loan_amount_000s among favorable actions 1/2/8,MAE/RMSE/absolute error kUSD; R2/RMSLE dimensionless; rates as named; percentage fields percent
stage1_raw_t85_a50,,,selection,,70000,62.37195674701176,126.06668955631645,0.7003763071917648,0.3908506949485707,36.90403092590489,132.67031542841798,-6.612994935311513,17,0.00024285714285714286,48.18236823884859,189.835419518287,269.26121254629925,-122.68310061183908,-196.25501073456917,0.7542783799201369,0.7950469684030743,100.67763704074278,7012,3513,7040,,regresionpart2/regression_v2/outputs/reports/prompt4b_stage1_candidates.csv,stage1_raw_t85_a50|selection,regression_v2,development,development_only,development,1b27716613364bbfeaea88472f6e72c916ac519c19018f5a9abf858acdbf6ae7,0.85,,,,,,,,,,6982,63018,190.25974611283038,48.202790074757075,-123.02798562446675,6.2850574464156415,0.7546548266972214,0.4751816941191406,,,,,,,,,,,,,,,,,,,,,,0.5,,,,,,,,,,,,,,,,,,,,,,,,,,,,Stage 1,raw,,False,,,reported loan_amount_000s among favorable actions 1/2/8,MAE/RMSE/absolute error kUSD; R2/RMSLE dimensionless; rates as named; percentage fields percent
stage1_raw_t85_a50,,,audit,,30000,61.88390465455864,118.95542442385893,0.7069344211606305,0.3907459257961166,36.505887790864136,133.64129068887428,-6.835402254379346,9,0.0003,48.3538669291171,183.60915908614678,255.3615893489956,-119.99914063726617,-189.38027085236138,0.7497500833055648,0.7973421926910299,102.50952545325765,3001,1505,3009,,regresionpart2/regression_v2/outputs/reports/prompt4b_stage1_candidates.csv,stage1_raw_t85_a50|audit,regression_v2,development,development_only,development,1b27716613364bbfeaea88472f6e72c916ac519c19018f5a9abf858acdbf6ae7,0.85,,,,,,,,,,2992,27008,183.84417556157135,48.37290307895948,-120.07343633467529,5.7093325637577035,0.7493315508021391,0.4731931279620853,,,,,,,,,,,,,,,,,,,,,,0.5,,,,,,,,,,,,,,,,,,,,,,,,,,,,Stage 1,raw,,False,,,reported loan_amount_000s among favorable actions 1/2/8,MAE/RMSE/absolute error kUSD; R2/RMSLE dimensionless; rates as named; percentage fields percent
stage1_raw_t85_a50,,,complete_validation,,100000,62.22554111927581,123.97614710475636,0.7022182312303903,0.3908192671518714,36.81552539743974,132.99179628937668,-6.679717131031864,26,0.00026,48.23382337279638,187.96934465991757,265.0736920168318,-121.87868995732065,-194.26377589954095,0.7529212024368321,0.795694638230018,101.16570708825371,10013,5017,10038,,regresionpart2/regression_v2/outputs/reports/prompt4b_stage1_candidates.csv,stage1_raw_t85_a50|complete_validation,regression_v2,development,development_only,development,1b27716613364bbfeaea88472f6e72c916ac519c19018f5a9abf858acdbf6ae7,0.85,,,,,,,,,,9974,90026,188.335203593343,48.25382435393752,-122.14168008255214,6.112338702599127,0.7530579506717465,0.4745851198542643,,,,,,,,,,,,,,,,,,,,,,0.5,,,,,,,,,,,,,,,,,,,,,,,,,,,,Stage 1,raw,,False,,,reported loan_amount_000s among favorable actions 1/2/8,MAE/RMSE/absolute error kUSD; R2/RMSLE dimensionless; rates as named; percentage fields percent
stage1_platt_t65_a25,,,selection,,70000,62.45578563955357,127.00449590979234,0.6959019430567733,0.3908165780523646,36.9209189636599,132.26713922379088,-8.54725727827247,17,0.00024285714285714286,47.589075845396444,196.00175205632036,280.569025511151,-136.29719058784158,-213.67446484438415,0.7872219053051911,0.8135496726444634,99.267983902879,7012,3513,7040,,regresionpart2/regression_v2/outputs/reports/prompt4b_stage1_candidates.csv,stage1_platt_t65_a25|selection,regression_v2,development,development_only,development,1b27716613364bbfeaea88472f6e72c916ac519c19018f5a9abf858acdbf6ae7,0.65,,,,,,,,,,6982,63018,196.46785468748115,47.6080871075051,-136.68089438020286,5.649147784498134,0.7875966771698654,0.47611793455838014,,,,,,,,,,,,,,,,,,,,,,0.25,,,,,,,,,,,,,,,,,,,,,,,,,,,,Stage 1,platt,,False,,,reported loan_amount_000s among favorable actions 1/2/8,MAE/RMSE/absolute error kUSD; R2/RMSLE dimensionless; rates as named; percentage fields percent
stage1_platt_t65_a25,,,audit,,30000,61.92352780491434,119.89174985489016,0.7023026911299357,0.39063429740562366,36.45626699534779,133.79433193134835,-8.738978478008463,9,0.0003,47.74880692187102,189.44878242713582,266.8055379851608,-133.31569024011242,-206.095798209672,0.785071642785738,0.8146179401993355,100.3898263904687,3001,1505,3009,,regresionpart2/regression_v2/outputs/reports/prompt4b_stage1_candidates.csv,stage1_platt_t65_a25|audit,regression_v2,development,development_only,development,1b27716613364bbfeaea88472f6e72c916ac519c19018f5a9abf858acdbf6ae7,0.65,,,,,,,,,,2992,27008,189.70485671666526,47.76765783661019,-133.42655030138943,5.074158921856608,0.7847593582887701,0.4741187796208531,,,,,,,,,,,,,,,,,,,,,,0.25,,,,,,,,,,,,,,,,,,,,,,,,,,,,Stage 1,platt,,False,,,reported loan_amount_000s among favorable actions 1/2/8,MAE/RMSE/absolute error kUSD; R2/RMSLE dimensionless; rates as named; percentage fields percent
stage1_platt_t65_a25,,,complete_validation,,100000,62.29610828916179,124.91320543437587,0.6976997261182014,0.39076190278642514,36.81552539743974,132.90038987886274,-8.604773638193267,26,0.00026,47.63700031597261,194.03775906149536,276.415296427503,-135.40360399605737,-211.46671341647541,0.7865774493158894,0.8140322902132748,99.52483721050956,10013,5017,10038,,regresionpart2/regression_v2/outputs/reports/prompt4b_stage1_candidates.csv,stage1_platt_t65_a25|complete_validation,regression_v2,development,development_only,development,1b27716613364bbfeaea88472f6e72c916ac519c19018f5a9abf858acdbf6ae7,0.65,,,,,,,,,,9974,90026,194.43909090878844,47.65595868073582,-135.70465641310741,5.476649848321671,0.7867455383998396,0.47551818363583853,,,,,,,,,,,,,,,,,,,,,,0.25,,,,,,,,,,,,,,,,,,,,,,,,,,,,Stage 1,platt,,False,,,reported loan_amount_000s among favorable actions 1/2/8,MAE/RMSE/absolute error kUSD; R2/RMSLE dimensionless; rates as named; percentage fields percent
stage1_platt_t65_a50,,,selection,,70000,62.42268074024067,126.59861906454897,0.6978424907222192,0.3907815025253321,36.914355776685646,132.19442038493082,-8.128557107165019,17,0.00024285714285714286,47.645694475947614,195.162670873625,278.1843248483247,-132.6266014085185,-207.70413082597977,0.7802338847689675,0.8061485909479078,99.83108648315545,7012,3513,7040,,regresionpart2/regression_v2/outputs/reports/prompt4b_stage1_candidates.csv,stage1_platt_t65_a50|selection,regression_v2,development,development_only,development,1b27716613364bbfeaea88472f6e72c916ac519c19018f5a9abf858acdbf6ae7,0.65,,,,,,,,,,6982,63018,195.62405663295644,47.6648019360428,-132.9956450874813,5.705934756724161,0.7805786307648238,0.47611793455838014,,,,,,,,,,,,,,,,,,,,,,0.5,,,,,,,,,,,,,,,,,,,,,,,,,,,,Stage 1,platt,,False,,,reported loan_amount_000s among favorable actions 1/2/8,MAE/RMSE/absolute error kUSD; R2/RMSLE dimensionless; rates as named; percentage fields percent
stage1_platt_t65_a50,,,audit,,30000,61.880686021046735,119.52931116656606,0.7040998778964682,0.3906350427924134,36.460348366544935,133.65229770205613,-8.316933944628417,9,0.0003,47.816894885481034,188.40794255858037,263.8758651585477,-129.71141220476312,-200.41942987920936,0.7790736421192935,0.8093023255813954,101.10621094027688,3001,1505,3009,,regresionpart2/regression_v2/outputs/reports/prompt4b_stage1_candidates.csv,stage1_platt_t65_a50|audit,regression_v2,development,development_only,development,1b27716613364bbfeaea88472f6e72c916ac519c19018f5a9abf858acdbf6ae7,0.65,,,,,,,,,,2992,27008,188.66088597952123,47.83572311095507,-129.81143052061296,5.1424682234457,0.7787433155080213,0.4741187796208531,,,,,,,,,,,,,,,,,,,,,,0.5,,,,,,,,,,,,,,,,,,,,,,,,,,,,Stage 1,platt,,False,,,reported loan_amount_000s among favorable actions 1/2/8,MAE/RMSE/absolute error kUSD; R2/RMSLE dimensionless; rates as named; percentage fields percent
stage1_platt_t65_a50,,,complete_validation,,100000,62.26008232448249,124.51997475393928,0.6996000317400306,0.3907375703696773,36.81309217289267,132.77187570147223,-8.185070158404038,26,0.00026,47.69706011606222,193.13820870709657,273.86501140707367,-131.75288895466156,-205.58476910189464,0.7798861480075902,0.8070560095674706,100.13434744653713,10013,5017,10038,,regresionpart2/regression_v2/outputs/reports/prompt4b_stage1_candidates.csv,stage1_platt_t65_a50|complete_validation,regression_v2,development,development_only,development,1b27716613364bbfeaea88472f6e72c916ac519c19018f5a9abf858acdbf6ae7,0.65,,,,,,,,,,9974,90026,193.53524506336768,47.71607866823161,-132.04044456772291,5.536893544954397,0.7800280729897734,0.47551818363583853,,,,,,,,,,,,,,,,,,,,,,0.5,,,,,,,,,,,,,,,,,,,,,,,,,,,,Stage 1,platt,,False,,,reported loan_amount_000s among favorable actions 1/2/8,MAE/RMSE/absolute error kUSD; R2/RMSLE dimensionless; rates as named; percentage fields percent
stage1_platt_t75_a25,,,selection,,70000,62.476415927422686,127.11973117918522,0.6953498567860814,0.390837876831286,36.918896757000084,132.12795015444274,-8.6987416548636,17,0.00024285714285714286,47.55439745464072,196.51921392565274,281.7665150875632,-137.4969484856915,-215.3636120724026,0.7907872219053051,0.8166808995160831,99.05589666008079,7012,3513,7040,,regresionpart2/regression_v2/outputs/reports/prompt4b_stage1_candidates.csv,stage1_platt_t75_a25|selection,regression_v2,development,development_only,development,1b27716613364bbfeaea88472f6e72c916ac519c19018f5a9abf858acdbf6ae7,0.75,,,,,,,,,,6982,63018,196.98824197758918,47.573347447269974,-137.88510534381612,5.614298925228861,0.791177313090805,0.47613380304040115,,,,,,,,,,,,,,,,,,,,,,0.25,,,,,,,,,,,,,,,,,,,,,,,,,,,,Stage 1,platt,,False,,,reported loan_amount_000s among favorable actions 1/2/8,MAE/RMSE/absolute error kUSD; R2/RMSLE dimensionless; rates as named; percentage fields percent
stage1_platt_t75_a25,,,audit,,30000,61.941227009367495,120.01334456502879,0.7016985332238613,0.3906505027718501,36.47651110323103,133.75719103097708,-8.891857987311074,9,0.0003,47.71087908903463,189.96693960552446,267.9669472581294,-134.50055562915503,-207.74126734712314,0.7870709763412196,0.815282392026578,100.16352251024219,3001,1505,3009,,regresionpart2/regression_v2/outputs/reports/prompt4b_stage1_candidates.csv,stage1_platt_t75_a25|audit,regression_v2,development,development_only,development,1b27716613364bbfeaea88472f6e72c916ac519c19018f5a9abf858acdbf6ae7,0.75,,,,,,,,,,2992,27008,190.22457252293006,47.72974264263988,-134.614979790867,5.035999700642104,0.7867647058823529,0.4741187796208531,,,,,,,,,,,,,,,,,,,,,,0.25,,,,,,,,,,,,,,,,,,,,,,,,,,,,Stage 1,platt,,False,,,reported loan_amount_000s among favorable actions 1/2/8,MAE/RMSE/absolute error kUSD; R2/RMSLE dimensionless; rates as named; percentage fields percent
stage1_platt_t75_a25,,,complete_validation,,100000,62.31585925200611,125.03023274653661,0.697133029260421,0.39078167404698116,36.81917143072219,132.7842813592994,-8.75667655459784,26,0.00026,47.60134698787333,194.5554293221668,277.60254527656275,-136.59889845448546,-213.14357545902263,0.7896734245480875,0.8164241578632649,99.30970022846692,10013,5017,10038,,regresionpart2/regression_v2/outputs/reports/prompt4b_stage1_candidates.csv,stage1_platt_t75_a25|complete_validation,regression_v2,development,development_only,development,1b27716613364bbfeaea88472f6e72c916ac519c19018f5a9abf858acdbf6ae7,0.75,,,,,,,,,,9974,90026,194.95927676720817,47.62026635332546,-136.90413325093226,5.440807873114593,0.7898536194104672,0.4755292915380001,,,,,,,,,,,,,,,,,,,,,,0.25,,,,,,,,,,,,,,,,,,,,,,,,,,,,Stage 1,platt,,False,,,reported loan_amount_000s among favorable actions 1/2/8,MAE/RMSE/absolute error kUSD; R2/RMSLE dimensionless; rates as named; percentage fields percent
stage1_platt_t75_a50,,,selection,,70000,62.453628437167964,126.80271644502852,0.6968674521755999,0.3908072257696837,36.9209189636599,132.17944629893142,-8.431525860347271,17,0.00024285714285714286,47.5763006214416,196.0949753363369,280.4465074540571,-135.0261172042183,-211.08242528201666,0.7867940673131774,0.8109877597495019,99.37063539999785,7012,3513,7040,,regresionpart2/regression_v2/outputs/reports/prompt4b_stage1_candidates.csv,stage1_platt_t75_a50|selection,regression_v2,development,development_only,development,1b27716613364bbfeaea88472f6e72c916ac519c19018f5a9abf858acdbf6ae7,0.75,,,,,,,,,,6982,63018,196.5617710065009,47.595285560226735,-135.40406701470783,5.636237038185615,0.7871670008593527,0.47613380304040115,,,,,,,,,,,,,,,,,,,,,,0.5,,,,,,,,,,,,,,,,,,,,,,,,,,,,Stage 1,platt,,False,,,reported loan_amount_000s among favorable actions 1/2/8,MAE/RMSE/absolute error kUSD; R2/RMSLE dimensionless; rates as named; percentage fields percent
stage1_platt_t75_a50,,,audit,,30000,61.9100053568369,119.74191037028824,0.7030463442472485,0.3906495861348623,36.450139473222286,133.54328973091597,-8.62269296323364,9,0.0003,47.74103921980824,189.38348644102112,266.15589454204866,-132.0811429828484,-203.71036815411162,0.7860713095634788,0.813953488372093,100.61439596679038,3001,1505,3009,,regresionpart2/regression_v2/outputs/reports/prompt4b_stage1_candidates.csv,stage1_platt_t75_a50|audit,regression_v2,development,development_only,development,1b27716613364bbfeaea88472f6e72c916ac519c19018f5a9abf858acdbf6ae7,0.75,,,,,,,,,,2992,27008,189.6393643188276,47.75989272301447,-132.18828949956813,5.066149781016691,0.7857620320855615,0.4741187796208531,,,,,,,,,,,,,,,,,,,,,,0.5,,,,,,,,,,,,,,,,,,,,,,,,,,,,Stage 1,platt,,False,,,reported loan_amount_000s among favorable actions 1/2/8,MAE/RMSE/absolute error kUSD; R2/RMSLE dimensionless; rates as named; percentage fields percent
stage1_platt_t75_a50,,,complete_validation,,100000,62.290541513068646,124.72645171824882,0.6986029692426912,0.390759940556679,36.81488482980724,132.75909798127722,-8.488875991213183,26,0.00026,47.62572750996217,194.0834724725755,276.13364920331475,-134.14347787151772,-208.93849318698915,0.7865774493158894,0.8120390671716166,99.66621710762266,10013,5017,10038,,regresionpart2/regression_v2/outputs/reports/prompt4b_stage1_candidates.csv,stage1_platt_t75_a50|complete_validation,regression_v2,development,development_only,development,1b27716613364bbfeaea88472f6e72c916ac519c19018f5a9abf858acdbf6ae7,0.75,,,,,,,,,,9974,90026,194.48518780923618,47.64466807475111,-134.43939824337258,5.465209594540242,0.7867455383998396,0.4755292915380001,,,,,,,,,,,,,,,,,,,,,,0.5,,,,,,,,,,,,,,,,,,,,,,,,,,,,Stage 1,platt,,False,,,reported loan_amount_000s among favorable actions 1/2/8,MAE/RMSE/absolute error kUSD; R2/RMSLE dimensionless; rates as named; percentage fields percent
stage1_platt_t85_a25,,,selection,,70000,62.50212435334817,127.27025291681136,0.6946279607013642,0.39086919602889003,36.922225478165046,132.11053311951875,-8.828327837294324,17,0.00024285714285714286,47.5378316216755,196.92466722023318,282.85197175828284,-138.64178363733677,-217.17890246642813,0.793496862521392,0.8189581554227157,98.85532019890734,7012,3513,7040,,regresionpart2/regression_v2/outputs/reports/prompt4b_stage1_candidates.csv,stage1_platt_t85_a25|selection,regression_v2,development,development_only,development,1b27716613364bbfeaea88472f6e72c916ac519c19018f5a9abf858acdbf6ae7,0.85,,,,,,,,,,6982,63018,197.3957147103763,47.556758777278304,-139.0345822794528,5.59771025523718,0.793898596390719,0.47613380304040115,,,,,,,,,,,,,,,,,,,,,,0.25,,,,,,,,,,,,,,,,,,,,,,,,,,,,Stage 1,platt,,False,,,reported loan_amount_000s among favorable actions 1/2/8,MAE/RMSE/absolute error kUSD; R2/RMSLE dimensionless; rates as named; percentage fields percent
stage1_platt_t85_a25,,,audit,,30000,61.95758355851943,120.145855264562,0.7010394405481555,0.3906660576091865,36.48615470929667,133.8077135990578,-9.026344029321377,9,0.0003,47.69127168527458,190.30685189098799,268.9966972168201,-135.66856661422383,-209.58230756012819,0.7880706431189604,0.8166112956810632,99.89824997465514,3001,1505,3009,,regresionpart2/regression_v2/outputs/reports/prompt4b_stage1_candidates.csv,stage1_platt_t85_a25|audit,regression_v2,development,development_only,development,1b27716613364bbfeaea88472f6e72c916ac519c19018f5a9abf858acdbf6ae7,0.85,,,,,,,,,,2992,27008,190.5655072718191,47.71014177274512,-135.78650417796308,5.016398830747339,0.7877673796791443,0.4741187796208531,,,,,,,,,,,,,,,,,,,,,,0.25,,,,,,,,,,,,,,,,,,,,,,,,,,,,Stage 1,platt,,False,,,reported loan_amount_000s among favorable actions 1/2/8,MAE/RMSE/absolute error kUSD; R2/RMSLE dimensionless; rates as named; percentage fields percent
stage1_platt_t85_a25,,,complete_validation,,100000,62.33876211489954,125.17551699686452,0.6964287617450013,0.39080826558986814,36.82362201638392,132.7842813592994,-8.887732694902443,26,0.00026,47.58386858564931,194.94123929622788,278.67222910880776,-137.75067964389206,-214.96718124126656,0.7918705682612603,0.8186167032090891,99.08945475552252,10013,5017,10038,,regresionpart2/regression_v2/outputs/reports/prompt4b_stage1_candidates.csv,stage1_platt_t85_a25|complete_validation,regression_v2,development,development_only,development,1b27716613364bbfeaea88472f6e72c916ac519c19018f5a9abf858acdbf6ae7,0.85,,,,,,,,,,9974,90026,195.34678943905453,47.60277401667101,-138.06022397990827,5.423315536460143,0.7920593543212352,0.4755292915380001,,,,,,,,,,,,,,,,,,,,,,0.25,,,,,,,,,,,,,,,,,,,,,,,,,,,,Stage 1,platt,,False,,,reported loan_amount_000s among favorable actions 1/2/8,MAE/RMSE/absolute error kUSD; R2/RMSLE dimensionless; rates as named; percentage fields percent
stage1_platt_t85_a50,,,selection,,70000,62.49739289359985,127.07669767925671,0.6955560866564681,0.3908582002724808,36.92436103510774,132.12795015444274,-8.690698225208724,17,0.00024285714285714286,47.54316895551113,196.82948893072648,282.4919685534501,-137.3157875075089,-214.71300607006768,0.7927837992013691,0.8175348704810703,98.95599470023221,7012,3513,7040,,regresionpart2/regression_v2/outputs/reports/prompt4b_stage1_candidates.csv,stage1_platt_t85_a50|selection,regression_v2,development,development_only,development,1b27716613364bbfeaea88472f6e72c916ac519c19018f5a9abf858acdbf6ae7,0.85,,,,,,,,,,6982,63018,197.2999952347024,47.562108220243374,-137.70302088598118,5.603059698202254,0.7931824692065311,0.47613380304040115,,,,,,,,,,,,,,,,,,,,,,0.5,,,,,,,,,,,,,,,,,,,,,,,,,,,,Stage 1,platt,,False,,,reported loan_amount_000s among favorable actions 1/2/8,MAE/RMSE/absolute error kUSD; R2/RMSLE dimensionless; rates as named; percentage fields percent
stage1_platt_t85_a50,,,audit,,30000,61.94082453773019,119.97493534440372,0.7018894402175979,0.3906675498548675,36.46914394936441,133.65229770205613,-8.891665047254248,9,0.0003,47.70182441228813,190.0443781487965,268.1852508059105,-134.41716495298598,-207.39244858012168,0.7877374208597134,0.8159468438538205,100.0800452047653,3001,1505,3009,,regresionpart2/regression_v2/outputs/reports/prompt4b_stage1_candidates.csv,stage1_platt_t85_a50|audit,regression_v2,development,development_only,development,1b27716613364bbfeaea88472f6e72c916ac519c19018f5a9abf858acdbf6ae7,0.85,,,,,,,,,,2992,27008,190.30224400299676,47.72069098322495,-134.53133827376027,5.026948041227164,0.7874331550802139,0.4741187796208531,,,,,,,,,,,,,,,,,,,,,,0.5,,,,,,,,,,,,,,,,,,,,,,,,,,,,Stage 1,platt,,False,,,reported loan_amount_000s among favorable actions 1/2/8,MAE/RMSE/absolute error kUSD; R2/RMSLE dimensionless; rates as named; percentage fields percent
stage1_platt_t85_a50,,,complete_validation,,100000,62.330422386838954,124.98854546883008,0.6973349579367892,0.39080101491302643,36.82449103859396,132.74011948797255,-8.750988271822383,26,0.00026,47.59077070551416,194.79592082360855,278.1756834495994,-136.44704025033087,-212.58570475147692,0.7912713472485768,0.817420769384094,99.21512591499163,10013,5017,10038,,regresionpart2/regression_v2/outputs/reports/prompt4b_stage1_candidates.csv,stage1_platt_t85_a50|complete_validation,regression_v2,development,development_only,development,1b27716613364bbfeaea88472f6e72c916ac519c19018f5a9abf858acdbf6ae7,0.85,,,,,,,,,,9974,90026,195.20081018504698,47.60968340144221,-136.75157970132454,5.430224921231343,0.7914577902546621,0.4755292915380001,,,,,,,,,,,,,,,,,,,,,,0.5,,,,,,,,,,,,,,,,,,,,,,,,,,,,Stage 1,platt,,False,,,reported loan_amount_000s among favorable actions 1/2/8,MAE/RMSE/absolute error kUSD; R2/RMSLE dimensionless; rates as named; percentage fields percent
stage1_prior_corrected_t65_a25,,,selection,,70000,62.456588446429905,127.00740052297496,0.695888033355087,0.3908169709700484,36.9209189636599,132.25821039500588,-8.555697678820678,17,0.00024285714285714286,47.58601132638482,196.03729461263072,280.63511469352767,-136.35339421953205,-213.73850752740574,0.7876497432972048,0.8141189866211216,99.25950944102314,7012,3513,7040,,regresionpart2/regression_v2/outputs/reports/prompt4b_stage1_candidates.csv,stage1_prior_corrected_t65_a25|selection,regression_v2,development,development_only,development,1b27716613364bbfeaea88472f6e72c916ac519c19018f5a9abf858acdbf6ae7,0.65,,,,,,,,,,6982,63018,196.5035922755173,47.60501935926929,-136.7372971918032,5.646021318920348,0.7880263534803781,0.47611793455838014,,,,,,,,,,,,,,,,,,,,,,0.25,,,,,,,,,,,,,,,,,,,,,,,,,,,,Stage 1,prior_corrected,,False,,,reported loan_amount_000s among favorable actions 1/2/8,MAE/RMSE/absolute error kUSD; R2/RMSLE dimensionless; rates as named; percentage fields percent
stage1_prior_corrected_t65_a25,,,audit,,30000,61.92455414384371,119.89653989568212,0.7022789028252185,0.3906357615359098,36.45626699534779,133.79433193134835,-8.747329197518804,9,0.0003,47.74568086471781,189.48716649410022,266.8677346776886,-133.37046317517456,-206.1555098511954,0.785071642785738,0.8146179401993355,100.38419017796953,3001,1505,3009,,regresionpart2/regression_v2/outputs/reports/prompt4b_stage1_candidates.csv,stage1_prior_corrected_t65_a25|audit,regression_v2,development,development_only,development,1b27716613364bbfeaea88472f6e72c916ac519c19018f5a9abf858acdbf6ae7,0.65,,,,,,,,,,2992,27008,189.74335624372412,47.76453282116737,-133.48148799461185,5.070969200026458,0.7847593582887701,0.4741187796208531,,,,,,,,,,,,,,,,,,,,,,0.25,,,,,,,,,,,,,,,,,,,,,,,,,,,,Stage 1,prior_corrected,,False,,,reported loan_amount_000s among favorable actions 1/2/8,MAE/RMSE/absolute error kUSD; R2/RMSLE dimensionless; rates as named; percentage fields percent
stage1_prior_corrected_t65_a25,,,complete_validation,,100000,62.29697815565405,124.91665195244961,0.6976830441712851,0.39076261696324616,36.81552539743974,132.880531937526,-8.613187134430115,26,0.00026,47.63391733353533,194.0741532480337,276.4800859333791,-135.45937883312268,-211.5293608447184,0.7868770598222311,0.8144309348216066,99.51727995140331,10013,5017,10038,,regresionpart2/regression_v2/outputs/reports/prompt4b_stage1_candidates.csv,stage1_prior_corrected_t65_a25|complete_validation,regression_v2,development,development_only,development,1b27716613364bbfeaea88472f6e72c916ac519c19018f5a9abf858acdbf6ae7,0.65,,,,,,,,,,9974,90026,194.4756570231486,47.6528737522107,-135.76061971857317,5.473504405727646,0.7870463204331262,0.47551818363583853,,,,,,,,,,,,,,,,,,,,,,0.25,,,,,,,,,,,,,,,,,,,,,,,,,,,,Stage 1,prior_corrected,,False,,,reported loan_amount_000s among favorable actions 1/2/8,MAE/RMSE/absolute error kUSD; R2/RMSLE dimensionless; rates as named; percentage fields percent
stage1_prior_corrected_t65_a50,,,selection,,70000,62.42413187210117,126.60431425312356,0.6978153042850466,0.39078160449082705,36.91201995063655,132.18260011769112,-8.14543790826143,17,0.00024285714285714286,47.63956543792439,195.2322138110525,278.3187571497378,-132.73900867189948,-207.83221619202294,0.7808043354249857,0.8067179049245659,99.81147679070223,7012,3513,7040,,regresionpart2/regression_v2/outputs/reports/prompt4b_stage1_candidates.csv,stage1_prior_corrected_t65_a50|selection,regression_v2,development,development_only,development,1b27716613364bbfeaea88472f6e72c916ac519c19018f5a9abf858acdbf6ae7,0.65,,,,,,,,,,6982,63018,195.69398300747406,47.65866643957119,-133.10845071068195,5.6996818255685895,0.7811515325121742,0.47611793455838014,,,,,,,,,,,,,,,,,,,,,,0.5,,,,,,,,,,,,,,,,,,,,,,,,,,,,Stage 1,prior_corrected,,False,,,reported loan_amount_000s among favorable actions 1/2/8,MAE/RMSE/absolute error kUSD; R2/RMSLE dimensionless; rates as named; percentage fields percent
stage1_prior_corrected_t65_a50,,,audit,,30000,61.88217663824357,119.53873173168245,0.7040532340031896,0.3906371773120309,36.46100201369799,133.5995660033631,-8.333635383649101,9,0.0003,47.81064277117462,188.47909195880163,263.99950690466795,-129.82095807488747,-200.53885316225612,0.7794068643785405,0.8099667774086379,101.08971066441156,3001,1505,3009,,regresionpart2/regression_v2/outputs/reports/prompt4b_stage1_candidates.csv,stage1_prior_corrected_t65_a50|audit,regression_v2,development,development_only,development,1b27716613364bbfeaea88472f6e72c916ac519c19018f5a9abf858acdbf6ae7,0.65,,,,,,,,,,2992,27008,188.73224939866023,47.829473080069455,-129.92130590705787,5.136088779785401,0.7790775401069518,0.4741187796208531,,,,,,,,,,,,,,,,,,,,,,0.5,,,,,,,,,,,,,,,,,,,,,,,,,,,,Stage 1,prior_corrected,,False,,,reported loan_amount_000s among favorable actions 1/2/8,MAE/RMSE/absolute error kUSD; R2/RMSLE dimensionless; rates as named; percentage fields percent
stage1_prior_corrected_t65_a50,,,complete_validation,,100000,62.26154530194389,124.52674084893697,0.6995673849305863,0.39073828194251836,36.81405137925785,132.77187570147223,-8.201897150877732,26,0.00026,47.69089415118768,193.20823311809283,273.9959058851533,-131.86443862879221,-205.7100639583807,0.7803854988514931,0.8078532987841339,100.11579855454953,10013,5017,10038,,regresionpart2/regression_v2/outputs/reports/prompt4b_stage1_candidates.csv,stage1_prior_corrected_t65_a50|complete_validation,regression_v2,development,development_only,development,1b27716613364bbfeaea88472f6e72c916ac519c19018f5a9abf858acdbf6ae7,0.65,,,,,,,,,,9974,90026,193.60560252245597,47.709908811181364,-132.15237117865436,5.530602659766351,0.7805293763785843,0.47551818363583853,,,,,,,,,,,,,,,,,,,,,,0.5,,,,,,,,,,,,,,,,,,,,,,,,,,,,Stage 1,prior_corrected,,False,,,reported loan_amount_000s among favorable actions 1/2/8,MAE/RMSE/absolute error kUSD; R2/RMSLE dimensionless; rates as named; percentage fields percent
stage1_prior_corrected_t75_a25,,,selection,,70000,62.476833469461035,127.11954886092894,0.6953507306589655,0.3908384946859759,36.914355776685646,132.11721632904602,-8.70041270692344,17,0.00024285714285714286,47.55381491438611,196.52861509340008,281.78633917679923,-137.50839751573002,-215.3729619979169,0.7906446092413006,0.816396242527754,99.05272233749199,7012,3513,7040,,regresionpart2/regression_v2/outputs/reports/prompt4b_stage1_candidates.csv,stage1_prior_corrected_t75_a25|selection,regression_v2,development,development_only,development,1b27716613364bbfeaea88472f6e72c916ac519c19018f5a9abf858acdbf6ae7,0.75,,,,,,,,,,6982,63018,196.9976823606139,47.57276531499677,-137.89660474693787,5.613716792955653,0.7910340876539673,0.47613380304040115,,,,,,,,,,,,,,,,,,,,,,0.25,,,,,,,,,,,,,,,,,,,,,,,,,,,,Stage 1,prior_corrected,,False,,,reported loan_amount_000s among favorable actions 1/2/8,MAE/RMSE/absolute error kUSD; R2/RMSLE dimensionless; rates as named; percentage fields percent
stage1_prior_corrected_t75_a25,,,audit,,30000,61.941322293388204,120.01402303481804,0.7016951604471737,0.39065060146274916,36.47651110323103,133.75719103097708,-8.893355476987773,9,0.0003,47.710294862075905,189.97314822407822,267.9808685493587,-134.51026944009894,-207.74839870622458,0.7870709763412196,0.815282392026578,100.16007427155915,3001,1505,3009,,regresionpart2/regression_v2/outputs/reports/prompt4b_stage1_candidates.csv,stage1_prior_corrected_t75_a25|audit,regression_v2,development,development_only,development,1b27716613364bbfeaea88472f6e72c916ac519c19018f5a9abf858acdbf6ae7,0.75,,,,,,,,,,2992,27008,190.23079981714125,47.7291586103658,-134.624722821162,5.0354156683680245,0.7867647058823529,0.4741187796208531,,,,,,,,,,,,,,,,,,,,,,0.25,,,,,,,,,,,,,,,,,,,,,,,,,,,,Stage 1,prior_corrected,,False,,,reported loan_amount_000s among favorable actions 1/2/8,MAE/RMSE/absolute error kUSD; R2/RMSLE dimensionless; rates as named; percentage fields percent
stage1_prior_corrected_t75_a25,,,complete_validation,,100000,62.316180116639195,125.03029836533553,0.6971327113569565,0.3907821362048706,36.81846493087376,132.7842813592994,-8.758295537942741,26,0.00026,47.60076394155311,194.56387364979327,277.620630650056,-136.60982742135582,-213.15234071804687,0.7895735543793069,0.8162248355590991,99.30651445649842,10013,5017,10038,,regresionpart2/regression_v2/outputs/reports/prompt4b_stage1_candidates.csv,stage1_prior_corrected_t75_a25|complete_validation,regression_v2,development,development_only,development,1b27716613364bbfeaea88472f6e72c916ac519c19018f5a9abf858acdbf6ae7,0.75,,,,,,,,,,9974,90026,194.96775328801812,47.619683651047765,-136.91510577742503,5.440225170836902,0.789753358732705,0.4755292915380001,,,,,,,,,,,,,,,,,,,,,,0.25,,,,,,,,,,,,,,,,,,,,,,,,,,,,Stage 1,prior_corrected,,False,,,reported loan_amount_000s among favorable actions 1/2/8,MAE/RMSE/absolute error kUSD; R2/RMSLE dimensionless; rates as named; percentage fields percent
stage1_prior_corrected_t75_a50,,,selection,,70000,62.45441495417056,126.8031876885354,0.6968651990770176,0.39080850929171485,36.921658002118264,132.17944629893142,-8.434867964466957,17,0.00024285714285714286,47.57513554093233,196.11329283224384,280.4868118947173,-135.04901526429538,-211.10112513304517,0.7865088419851682,0.8104184457728437,99.36347636501112,7012,3513,7040,,regresionpart2/regression_v2/outputs/reports/prompt4b_stage1_candidates.csv,stage1_prior_corrected_t75_a50|selection,regression_v2,development,development_only,development,1b27716613364bbfeaea88472f6e72c916ac519c19018f5a9abf858acdbf6ae7,0.75,,,,,,,,,,6982,63018,196.58016484972174,47.59412129568032,-135.42706582095133,5.635072773639199,0.7868805499856775,0.47613380304040115,,,,,,,,,,,,,,,,,,,,,,0.5,,,,,,,,,,,,,,,,,,,,,,,,,,,,Stage 1,prior_corrected,,False,,,reported loan_amount_000s among favorable actions 1/2/8,MAE/RMSE/absolute error kUSD; R2/RMSLE dimensionless; rates as named; percentage fields percent
stage1_prior_corrected_t75_a50,,,audit,,30000,61.91017007237422,119.74409046525197,0.7030355311065405,0.39064987889971564,36.450139473222286,133.54328973091597,-8.625687942587037,9,0.0003,47.739870765890814,189.3956452392338,266.183421847241,-132.1005706047362,-203.72463087231444,0.7860713095634788,0.813953488372093,100.60739942866074,3001,1505,3009,,regresionpart2/regression_v2/outputs/reports/prompt4b_stage1_candidates.csv,stage1_prior_corrected_t75_a50|audit,regression_v2,development,development_only,development,1b27716613364bbfeaea88472f6e72c916ac519c19018f5a9abf858acdbf6ae7,0.75,,,,,,,,,,2992,27008,189.65155969096534,47.75872465846631,-132.20777556015818,5.064981716468533,0.7857620320855615,0.4741187796208531,,,,,,,,,,,,,,,,,,,,,,0.5,,,,,,,,,,,,,,,,,,,,,,,,,,,,Stage 1,prior_corrected,,False,,,reported loan_amount_000s among favorable actions 1/2/8,MAE/RMSE/absolute error kUSD; R2/RMSLE dimensionless; rates as named; percentage fields percent
stage1_prior_corrected_t75_a50,,,complete_validation,,100000,62.29114148963166,124.72741497356103,0.6985983138803679,0.39076092693573833,36.81654371735978,132.7418793229191,-8.492113957902982,26,0.00026,47.62456141732174,194.09994414287772,276.17018490082575,-134.1653358052584,-208.95602370503758,0.7863777089783281,0.8116404225632848,99.6592472147024,10013,5017,10038,,regresionpart2/regression_v2/outputs/reports/prompt4b_stage1_candidates.csv,stage1_prior_corrected_t75_a50|complete_validation,regression_v2,development,development_only,development,1b27716613364bbfeaea88472f6e72c916ac519c19018f5a9abf858acdbf6ae7,0.75,,,,,,,,,,9974,90026,194.50172223542467,47.64350267019572,-134.46134329635805,5.46404418998486,0.7865450170443152,0.4755292915380001,,,,,,,,,,,,,,,,,,,,,,0.5,,,,,,,,,,,,,,,,,,,,,,,,,,,,Stage 1,prior_corrected,,False,,,reported loan_amount_000s among favorable actions 1/2/8,MAE/RMSE/absolute error kUSD; R2/RMSLE dimensionless; rates as named; percentage fields percent
stage1_prior_corrected_t85_a25,,,selection,,70000,62.501891707300864,127.2663477431032,0.6946467005488286,0.3908689056159821,36.921658002118264,132.1093988836073,-8.826104028151791,17,0.00024285714285714286,47.53793038388122,196.92145757147034,282.8423912140212,-138.6204707727955,-217.13965318023403,0.793496862521392,0.8189581554227157,98.85718574711356,7012,3513,7040,,regresionpart2/regression_v2/outputs/reports/prompt4b_stage1_candidates.csv,stage1_prior_corrected_t85_a25|selection,regression_v2,development,development_only,development,1b27716613364bbfeaea88472f6e72c916ac519c19018f5a9abf858acdbf6ae7,0.85,,,,,,,,,,6982,63018,197.39248930499082,47.55685771023539,-139.01317980410374,5.597809188194275,0.793898596390719,0.47613380304040115,,,,,,,,,,,,,,,,,,,,,,0.25,,,,,,,,,,,,,,,,,,,,,,,,,,,,Stage 1,prior_corrected,,False,,,reported loan_amount_000s among favorable actions 1/2/8,MAE/RMSE/absolute error kUSD; R2/RMSLE dimensionless; rates as named; percentage fields percent
stage1_prior_corrected_t85_a25,,,audit,,30000,61.957288774669905,120.14272865873598,0.7010550002969695,0.39066599511045635,36.47651110323103,133.8077135990578,-9.023966429768036,9,0.0003,47.69147118675367,190.3021101862496,268.9818808930643,-135.64659338990984,-209.54418144655983,0.7880706431189604,0.8166112956810632,99.90160624531688,3001,1505,3009,,regresionpart2/regression_v2/outputs/reports/prompt4b_stage1_candidates.csv,stage1_prior_corrected_t85_a25|audit,regression_v2,development,development_only,development,1b27716613364bbfeaea88472f6e72c916ac519c19018f5a9abf858acdbf6ae7,0.85,,,,,,,,,,2992,27008,190.5607513039314,47.710341207743426,-135.76446485772036,5.016598265745642,0.7877673796791443,0.4741187796208531,,,,,,,,,,,,,,,,,,,,,,0.25,,,,,,,,,,,,,,,,,,,,,,,,,,,,Stage 1,prior_corrected,,False,,,reported loan_amount_000s among favorable actions 1/2/8,MAE/RMSE/absolute error kUSD; R2/RMSLE dimensionless; rates as named; percentage fields percent
stage1_prior_corrected_t85_a25,,,complete_validation,,100000,62.33851082751157,125.17183733722983,0.6964466090435819,0.3908080435263555,36.82322333426298,132.79684540553603,-8.885462748636664,26,0.00026,47.58399757288355,194.9375704743918,278.66105514263074,-137.72916886267467,-214.92829925243785,0.7918705682612603,0.8186167032090891,99.09178284747581,10013,5017,10038,,regresionpart2/regression_v2/outputs/reports/prompt4b_stage1_candidates.csv,stage1_prior_corrected_t85_a25|complete_validation,regression_v2,development,development_only,development,1b27716613364bbfeaea88472f6e72c916ac519c19018f5a9abf858acdbf6ae7,0.85,,,,,,,,,,9974,90026,195.34310489560949,47.60290310046374,-138.0386304638612,5.423444620252873,0.7920593543212352,0.4755292915380001,,,,,,,,,,,,,,,,,,,,,,0.25,,,,,,,,,,,,,,,,,,,,,,,,,,,,Stage 1,prior_corrected,,False,,,reported loan_amount_000s among favorable actions 1/2/8,MAE/RMSE/absolute error kUSD; R2/RMSLE dimensionless; rates as named; percentage fields percent
stage1_prior_corrected_t85_a50,,,selection,,70000,62.49713156482136,127.07034683791412,0.6955865159438601,0.39085795189540307,36.92265651126266,132.12795015444274,-8.686250606923661,17,0.00024285714285714286,47.543366479922575,196.82510577583182,282.4768716357574,-137.27316177842633,-214.63450749767952,0.7927837992013691,0.8175348704810703,98.95972579664469,7012,3513,7040,,regresionpart2/regression_v2/outputs/reports/prompt4b_stage1_candidates.csv,stage1_prior_corrected_t85_a50|selection,regression_v2,development,development_only,development,1b27716613364bbfeaea88472f6e72c916ac519c19018f5a9abf858acdbf6ae7,0.85,,,,,,,,,,6982,63018,197.29558931538503,47.56230608615757,-137.66021593528305,5.603257564116445,0.7931824692065311,0.47613380304040115,,,,,,,,,,,,,,,,,,,,,,0.5,,,,,,,,,,,,,,,,,,,,,,,,,,,,Stage 1,prior_corrected,,False,,,reported loan_amount_000s among favorable actions 1/2/8,MAE/RMSE/absolute error kUSD; R2/RMSLE dimensionless; rates as named; percentage fields percent
stage1_prior_corrected_t85_a50,,,audit,,30000,61.94027326981239,119.97009408999416,0.7019134985751072,0.39066779511730887,36.46914394936441,133.65229770205613,-8.88690984814756,9,0.0003,47.70222341524632,190.03527760950894,268.15638160918803,-134.37321850435802,-207.316196352985,0.7877374208597134,0.8159468438538205,100.08675774608878,3001,1505,3009,,regresionpart2/regression_v2/outputs/reports/prompt4b_stage1_candidates.csv,stage1_prior_corrected_t85_a50|audit,regression_v2,development,development_only,development,1b27716613364bbfeaea88472f6e72c916ac519c19018f5a9abf858acdbf6ae7,0.85,,,,,,,,,,2992,27008,190.2931160890923,47.72108985322155,-134.48725963327485,5.027346911223766,0.7874331550802139,0.4741187796208531,,,,,,,,,,,,,,,,,,,,,,0.5,,,,,,,,,,,,,,,,,,,,,,,,,,,,Stage 1,prior_corrected,,False,,,reported loan_amount_000s among favorable actions 1/2/8,MAE/RMSE/absolute error kUSD; R2/RMSLE dimensionless; rates as named; percentage fields percent
stage1_prior_corrected_t85_a50,,,complete_validation,,100000,62.330074076318674,124.98263149191597,0.6973635991489562,0.39080091457730026,36.82322333426298,132.74009153727468,-8.746448379290829,26,0.00026,47.59102867998264,194.79012381966135,278.1564103479342,-136.40401868789615,-212.50794077381948,0.7912713472485768,0.817420769384094,99.21978209889821,10013,5017,10038,,regresionpart2/regression_v2/outputs/reports/prompt4b_stage1_candidates.csv,stage1_prior_corrected_t85_a50|complete_validation,regression_v2,development,development_only,development,1b27716613364bbfeaea88472f6e72c916ac519c19018f5a9abf858acdbf6ae7,0.85,,,,,,,,,,9974,90026,195.19498776203955,47.609941569027676,-136.70839266923042,5.430483088816804,0.7914577902546621,0.4755292915380001,,,,,,,,,,,,,,,,,,,,,,0.5,,,,,,,,,,,,,,,,,,,,,,,,,,,,Stage 1,prior_corrected,,False,,,reported loan_amount_000s among favorable actions 1/2/8,MAE/RMSE/absolute error kUSD; R2/RMSLE dimensionless; rates as named; percentage fields percent
stage1_raw_t85_a50_cap25,,,selection,,70000,62.36682108086112,126.24240479525257,0.6995404775147863,0.3908507421064602,36.8957555907135,132.61491572212338,-6.667806731024329,17,0.00024285714285714286,48.17760353596483,189.8269515312217,269.317777437697,-123.18747976110535,-197.18667075500503,0.7547062179121506,0.7959009393680615,100.62286703383411,7012,3513,7040,,regresionpart2/regression_v2/outputs/reports/prompt4b_stage1_candidates.csv,stage1_raw_t85_a50_cap25|selection,regression_v2,development,development_only,development,1b27716613364bbfeaea88472f6e72c916ac519c19018f5a9abf858acdbf6ae7,0.85,,,,,,,,,,6982,63018,190.25124174083066,48.19802764013138,-123.53453197145255,6.280295011789944,0.7550845030077342,0.4751816941191406,,,,,,,,,,,,,,,,,,,,,,0.5,,,,,,,,,,,,,,,,,,,,,,,,,,,,Stage 1,raw,109.5,True,stage1_raw_t85_a50,,reported loan_amount_000s among favorable actions 1/2/8,MAE/RMSE/absolute error kUSD; R2/RMSLE dimensionless; rates as named; percentage fields percent
stage1_raw_t85_a50_cap25,,,audit,,30000,61.89634964650848,119.1606518405913,0.7059223281935191,0.3907441597105811,36.505887790864136,133.6100312934559,-6.8954169669080025,9,0.0003,48.339877446803186,183.85942626091816,255.92834119874408,-120.47322905541549,-190.2578984938787,0.7504165278240587,0.7986710963455149,102.4258035375613,3001,1505,3009,,regresionpart2/regression_v2/outputs/reports/prompt4b_stage1_candidates.csv,stage1_raw_t85_a50_cap25|audit,regression_v2,development,development_only,development,1b27716613364bbfeaea88472f6e72c916ac519c19018f5a9abf858acdbf6ae7,0.85,,,,,,,,,,2992,27008,184.09519554535774,48.358918258425064,-120.54895082092732,5.695347743223286,0.75,0.4731931279620853,,,,,,,,,,,,,,,,,,,,,,0.5,,,,,,,,,,,,,,,,,,,,,,,,,,,,Stage 1,raw,109.5,True,stage1_raw_t85_a50,,reported loan_amount_000s among favorable actions 1/2/8,MAE/RMSE/absolute error kUSD; R2/RMSLE dimensionless; rates as named; percentage fields percent
stage1_raw_t85_a50_cap25,,,complete_validation,,100000,62.22567965055535,124.16029809107367,0.7013329394335395,0.3908187704396987,36.81309217289267,132.97034800164113,-6.736089801789431,26,0.00026,48.22629093879774,188.03842228562286,265.28331410121524,-122.37399066015904,-195.17941298390906,0.7534205532807351,0.7966912497508472,101.10219841192703,10013,5017,10038,,regresionpart2/regression_v2/outputs/reports/prompt4b_stage1_candidates.csv,stage1_raw_t85_a50_cap25|complete_validation,regression_v2,development,development_only,development,1b27716613364bbfeaea88472f6e72c916ac519c19018f5a9abf858acdbf6ae7,0.85,,,,,,,,,,9974,90026,188.4045513240616,48.24629518305094,-122.63891749357293,6.104809531712541,0.7535592540605575,0.4745851198542643,,,,,,,,,,,,,,,,,,,,,,0.5,,,,,,,,,,,,,,,,,,,,,,,,,,,,Stage 1,raw,109.5,True,stage1_raw_t85_a50,,reported loan_amount_000s among favorable actions 1/2/8,MAE/RMSE/absolute error kUSD; R2/RMSLE dimensionless; rates as named; percentage fields percent
stage1_raw_t85_a50_cap50,,,selection,,70000,62.36966745353691,126.08053932486405,0.7003104698677773,0.39084954198964295,36.90403092590489,132.66386047103046,-6.622621430317606,17,0.00024285714285714286,48.18236823884859,189.81256576140746,269.244918581859,-122.77920081868827,-196.41750569735473,0.7542783799201369,0.7950469684030743,100.66300496032221,7012,3513,7040,,regresionpart2/regression_v2/outputs/reports/prompt4b_stage1_candidates.csv,stage1_raw_t85_a50_cap50|selection,regression_v2,development,development_only,development,1b27716613364bbfeaea88472f6e72c916ac519c19018f5a9abf858acdbf6ae7,0.85,,,,,,,,,,6982,63018,190.23679415877146,48.202790074757075,-123.1244987511391,6.2850574464156415,0.7546548266972214,0.4751816941191406,,,,,,,,,,,,,,,,,,,,,,0.5,,,,,,,,,,,,,,,,,,,,,,,,,,,,Stage 1,raw,219.0,True,stage1_raw_t85_a50,,reported loan_amount_000s among favorable actions 1/2/8,MAE/RMSE/absolute error kUSD; R2/RMSLE dimensionless; rates as named; percentage fields percent
stage1_raw_t85_a50_cap50,,,audit,,30000,61.88850046894608,118.9687518488096,0.70686874902631,0.39074082943672805,36.505887790864136,133.64129068887428,-6.845771472273062,9,0.0003,48.35072406029115,183.68337726243973,255.50958187195582,-120.07452291696606,-189.53058462071976,0.7497500833055648,0.7973421926910299,102.50279108436018,3001,1505,3009,,regresionpart2/regression_v2/outputs/reports/prompt4b_stage1_candidates.csv,stage1_raw_t85_a50_cap50|audit,regression_v2,development,development_only,development,1b27716613364bbfeaea88472f6e72c916ac519c19018f5a9abf858acdbf6ae7,0.85,,,,,,,,,,2992,27008,183.91861698772612,48.36976125744615,-120.14904536588497,5.706190742244373,0.7493315508021391,0.4731931279620853,,,,,,,,,,,,,,,,,,,,,,0.5,,,,,,,,,,,,,,,,,,,,,,,,,,,,Stage 1,raw,219.0,True,stage1_raw_t85_a50,,reported loan_amount_000s among favorable actions 1/2/8,MAE/RMSE/absolute error kUSD; R2/RMSLE dimensionless; rates as named; percentage fields percent
stage1_raw_t85_a50_cap50,,,complete_validation,,100000,62.225317358159664,123.98984173089788,0.7021524405872315,0.3908169313989994,36.81552539743974,132.9893505525587,-6.689566442904243,26,0.00026,48.23288041086374,187.97558436867777,265.106677476265,-121.96858078642339,-194.42264913566717,0.7529212024368321,0.795694638230018,101.15342639865688,10013,5017,10038,,regresionpart2/regression_v2/outputs/reports/prompt4b_stage1_candidates.csv,stage1_raw_t85_a50_cap50|complete_validation,regression_v2,development,development_only,development,1b27716613364bbfeaea88472f6e72c916ac519c19018f5a9abf858acdbf6ae7,0.85,,,,,,,,,,9974,90026,188.34146770040294,48.25288180050371,-122.23192239975748,6.1113961491653175,0.7530579506717465,0.4745851198542643,,,,,,,,,,,,,,,,,,,,,,0.5,,,,,,,,,,,,,,,,,,,,,,,,,,,,Stage 1,raw,219.0,True,stage1_raw_t85_a50,,reported loan_amount_000s among favorable actions 1/2/8,MAE/RMSE/absolute error kUSD; R2/RMSLE dimensionless; rates as named; percentage fields percent
stage1_raw_t85_a50_cap75,,,selection,,70000,62.37195674701176,126.06668955631645,0.7003763071917648,0.3908506949485707,36.90403092590489,132.67031542841798,-6.612994935311513,17,0.00024285714285714286,48.18236823884859,189.835419518287,269.26121254629925,-122.68310061183908,-196.25501073456917,0.7542783799201369,0.7950469684030743,100.67763704074278,7012,3513,7040,,regresionpart2/regression_v2/outputs/reports/prompt4b_stage1_candidates.csv,stage1_raw_t85_a50_cap75|selection,regression_v2,development,development_only,development,1b27716613364bbfeaea88472f6e72c916ac519c19018f5a9abf858acdbf6ae7,0.85,,,,,,,,,,6982,63018,190.25974611283038,48.202790074757075,-123.02798562446675,6.2850574464156415,0.7546548266972214,0.4751816941191406,,,,,,,,,,,,,,,,,,,,,,0.5,,,,,,,,,,,,,,,,,,,,,,,,,,,,Stage 1,raw,328.5,True,stage1_raw_t85_a50,,reported loan_amount_000s among favorable actions 1/2/8,MAE/RMSE/absolute error kUSD; R2/RMSLE dimensionless; rates as named; percentage fields percent
stage1_raw_t85_a50_cap75,,,audit,,30000,61.88390465455864,118.95542442385893,0.7069344211606305,0.3907459257961166,36.505887790864136,133.64129068887428,-6.835402254379346,9,0.0003,48.3538669291171,183.60915908614678,255.3615893489956,-119.99914063726617,-189.38027085236138,0.7497500833055648,0.7973421926910299,102.50952545325765,3001,1505,3009,,regresionpart2/regression_v2/outputs/reports/prompt4b_stage1_candidates.csv,stage1_raw_t85_a50_cap75|audit,regression_v2,development,development_only,development,1b27716613364bbfeaea88472f6e72c916ac519c19018f5a9abf858acdbf6ae7,0.85,,,,,,,,,,2992,27008,183.84417556157135,48.37290307895948,-120.07343633467529,5.7093325637577035,0.7493315508021391,0.4731931279620853,,,,,,,,,,,,,,,,,,,,,,0.5,,,,,,,,,,,,,,,,,,,,,,,,,,,,Stage 1,raw,328.5,True,stage1_raw_t85_a50,,reported loan_amount_000s among favorable actions 1/2/8,MAE/RMSE/absolute error kUSD; R2/RMSLE dimensionless; rates as named; percentage fields percent
stage1_raw_t85_a50_cap75,,,complete_validation,,100000,62.22554111927581,123.97614710475636,0.7022182312303903,0.3908192671518714,36.81552539743974,132.99179628937668,-6.679717131031864,26,0.00026,48.23382337279638,187.96934465991757,265.0736920168318,-121.87868995732065,-194.26377589954095,0.7529212024368321,0.795694638230018,101.16570708825371,10013,5017,10038,,regresionpart2/regression_v2/outputs/reports/prompt4b_stage1_candidates.csv,stage1_raw_t85_a50_cap75|complete_validation,regression_v2,development,development_only,development,1b27716613364bbfeaea88472f6e72c916ac519c19018f5a9abf858acdbf6ae7,0.85,,,,,,,,,,9974,90026,188.335203593343,48.25382435393752,-122.14168008255214,6.112338702599127,0.7530579506717465,0.4745851198542643,,,,,,,,,,,,,,,,,,,,,,0.5,,,,,,,,,,,,,,,,,,,,,,,,,,,,Stage 1,raw,328.5,True,stage1_raw_t85_a50,,reported loan_amount_000s among favorable actions 1/2/8,MAE/RMSE/absolute error kUSD; R2/RMSLE dimensionless; rates as named; percentage fields percent
stage1_raw_t75_a25_cap25,,,selection,,70000,62.40036398920686,126.53695007880918,0.6981367942274772,0.390839139694453,36.8952755791919,132.56944621040722,-7.198108513226716,17,0.00024285714285714286,48.09488954287682,190.90481698770049,273.6139485493871,-128.49451576288962,-205.45687437407935,0.7686822589845979,0.8092798178195275,98.76013155463032,7012,3513,7040,,regresionpart2/regression_v2/outputs/reports/prompt4b_stage1_candidates.csv,stage1_raw_t75_a25_cap25|selection,regression_v2,development,development_only,development,1b27716613364bbfeaea88472f6e72c916ac519c19018f5a9abf858acdbf6ae7,0.75,,,,,,,,,,6982,63018,191.34179556682105,48.1144603541359,-128.86244084839115,6.281538069719712,0.7691205958178172,0.47453108635627916,,,,,,,,,,,,,,,,,,,,,,0.25,,,,,,,,,,,,,,,,,,,,,,,,,,,,Stage 1,raw,109.5,True,stage1_raw_t75_a25,,reported loan_amount_000s among favorable actions 1/2/8,MAE/RMSE/absolute error kUSD; R2/RMSLE dimensionless; rates as named; percentage fields percent
stage1_raw_t75_a25_cap25,,,audit,,30000,61.919076479975324,119.43053126637045,0.7045887438778817,0.3907482889289449,36.50648202279264,133.611127329342,-7.43089927823408,9,0.0003,48.26353935908843,184.7734072786509,260.1481504253763,-125.76080352493075,-198.18905504707013,0.7620793068977008,0.8073089700996677,100.37584415543378,3001,1505,3009,,regresionpart2/regression_v2/outputs/reports/prompt4b_stage1_candidates.csv,stage1_raw_t75_a25_cap25|audit,regression_v2,development,development_only,development,1b27716613364bbfeaea88472f6e72c916ac519c19018f5a9abf858acdbf6ae7,0.75,,,,,,,,,,2992,27008,185.0164897229913,48.282100012887646,-125.85494683608556,5.6883524358169995,0.7616978609625669,0.47237855450236965,,,,,,,,,,,,,,,,,,,,,,0.25,,,,,,,,,,,,,,,,,,,,,,,,,,,,Stage 1,raw,109.5,True,stage1_raw_t75_a25,,reported loan_amount_000s among favorable actions 1/2/8,MAE/RMSE/absolute error kUSD; R2/RMSLE dimensionless; rates as named; percentage fields percent
stage1_raw_t75_a25_cap25,,,complete_validation,,100000,62.255977736437394,124.44764101518027,0.6999489354666723,0.3908118866823776,36.81190606452424,132.9190153287536,-7.2679457427289265,26,0.00026,48.14548992279722,189.06716987526087,269.55378707854595,-127.67519383877948,-203.34692345004188,0.7667032857285528,0.8086505880007973,99.17786032871597,10013,5017,10038,,regresionpart2/regression_v2/outputs/reports/prompt4b_stage1_candidates.csv,stage1_raw_t75_a25_cap25|complete_validation,regression_v2,development,development_only,development,1b27716613364bbfeaea88472f6e72c916ac519c19018f5a9abf858acdbf6ae7,0.75,,,,,,,,,,9974,90026,189.44433064956232,48.16475262418641,-127.96025295137709,6.103581061739301,0.7668939242029276,0.47388532201808364,,,,,,,,,,,,,,,,,,,,,,0.25,,,,,,,,,,,,,,,,,,,,,,,,,,,,Stage 1,raw,109.5,True,stage1_raw_t75_a25,,reported loan_amount_000s among favorable actions 1/2/8,MAE/RMSE/absolute error kUSD; R2/RMSLE dimensionless; rates as named; percentage fields percent
stage1_raw_t75_a25_cap50,,,selection,,70000,62.400659004933416,126.5220418958469,0.6982079191723554,0.3908385151423294,36.8952755791919,132.5739734408093,-7.192536234925437,17,0.00024285714285714286,48.094901799904605,190.90765199271914,273.6037991858968,-128.4389984446605,-205.3618690605894,0.7685396463205932,0.8089951608311984,98.76801987410938,7012,3513,7040,,regresionpart2/regression_v2/outputs/reports/prompt4b_stage1_candidates.csv,stage1_raw_t75_a25_cap50|selection,regression_v2,development,development_only,development,1b27716613364bbfeaea88472f6e72c916ac519c19018f5a9abf858acdbf6ae7,0.75,,,,,,,,,,6982,63018,191.34464275318467,48.11447260532868,-128.80668498539737,6.281550320912495,0.7689773703809797,0.47453108635627916,,,,,,,,,,,,,,,,,,,,,,0.25,,,,,,,,,,,,,,,,,,,,,,,,,,,,Stage 1,raw,219.0,True,stage1_raw_t75_a25,,reported loan_amount_000s among favorable actions 1/2/8,MAE/RMSE/absolute error kUSD; R2/RMSLE dimensionless; rates as named; percentage fields percent
stage1_raw_t75_a25_cap50,,,audit,,30000,61.916377325981536,119.41811841549185,0.7046501470262105,0.3907503906797232,36.50648202279264,133.611127329342,-7.424780322044686,9,0.0003,48.265439319566006,184.72933141968798,260.0602622840158,-125.71672766596785,-198.10116690570956,0.7620793068977008,0.8073089700996677,100.38097302036599,3001,1505,3009,,regresionpart2/regression_v2/outputs/reports/prompt4b_stage1_candidates.csv,stage1_raw_t75_a25_cap50|audit,regression_v2,development,development_only,development,1b27716613364bbfeaea88472f6e72c916ac519c19018f5a9abf858acdbf6ae7,0.75,,,,,,,,,,2992,27008,184.9722812829019,48.28399934023266,-125.81073839599611,5.690251763162017,0.7616978609625669,0.47237855450236965,,,,,,,,,,,,,,,,,,,,,,0.25,,,,,,,,,,,,,,,,,,,,,,,,,,,,Stage 1,raw,219.0,True,stage1_raw_t75_a25,,reported loan_amount_000s among favorable actions 1/2/8,MAE/RMSE/absolute error kUSD; R2/RMSLE dimensionless; rates as named; percentage fields percent
stage1_raw_t75_a25_cap50,,,complete_validation,,100000,62.25537450124784,124.43345635967457,0.7000173317559315,0.3908120798900278,36.81190606452424,132.92270948380934,-7.262209461061212,26,0.00026,48.146068551694746,189.05594520757322,269.5203156082072,-127.6231056446149,-203.25403420965165,0.7666034155597723,0.8084512656966315,99.18493011589602,10013,5017,10038,,regresionpart2/regression_v2/outputs/reports/prompt4b_stage1_candidates.csv,stage1_raw_t75_a25_cap50|complete_validation,regression_v2,development,development_only,development,1b27716613364bbfeaea88472f6e72c916ac519c19018f5a9abf858acdbf6ae7,0.75,,,,,,,,,,9974,90026,189.43306209155585,48.16533100241716,-127.9079610837041,6.104159439970046,0.7667936635251654,0.47388532201808364,,,,,,,,,,,,,,,,,,,,,,0.25,,,,,,,,,,,,,,,,,,,,,,,,,,,,Stage 1,raw,219.0,True,stage1_raw_t75_a25,,reported loan_amount_000s among favorable actions 1/2/8,MAE/RMSE/absolute error kUSD; R2/RMSLE dimensionless; rates as named; percentage fields percent
stage1_raw_t75_a25_cap75,,,selection,,70000,62.400659004933416,126.5220418958469,0.6982079191723554,0.3908385151423294,36.8952755791919,132.5739734408093,-7.192536234925437,17,0.00024285714285714286,48.094901799904605,190.90765199271914,273.6037991858968,-128.4389984446605,-205.3618690605894,0.7685396463205932,0.8089951608311984,98.76801987410938,7012,3513,7040,,regresionpart2/regression_v2/outputs/reports/prompt4b_stage1_candidates.csv,stage1_raw_t75_a25_cap75|selection,regression_v2,development,development_only,development,1b27716613364bbfeaea88472f6e72c916ac519c19018f5a9abf858acdbf6ae7,0.75,,,,,,,,,,6982,63018,191.34464275318467,48.11447260532868,-128.80668498539737,6.281550320912495,0.7689773703809797,0.47453108635627916,,,,,,,,,,,,,,,,,,,,,,0.25,,,,,,,,,,,,,,,,,,,,,,,,,,,,Stage 1,raw,328.5,True,stage1_raw_t75_a25,,reported loan_amount_000s among favorable actions 1/2/8,MAE/RMSE/absolute error kUSD; R2/RMSLE dimensionless; rates as named; percentage fields percent
stage1_raw_t75_a25_cap75,,,audit,,30000,61.916377325981536,119.41811841549185,0.7046501470262105,0.3907503906797232,36.50648202279264,133.611127329342,-7.424780322044686,9,0.0003,48.265439319566006,184.72933141968798,260.0602622840158,-125.71672766596785,-198.10116690570956,0.7620793068977008,0.8073089700996677,100.38097302036599,3001,1505,3009,,regresionpart2/regression_v2/outputs/reports/prompt4b_stage1_candidates.csv,stage1_raw_t75_a25_cap75|audit,regression_v2,development,development_only,development,1b27716613364bbfeaea88472f6e72c916ac519c19018f5a9abf858acdbf6ae7,0.75,,,,,,,,,,2992,27008,184.9722812829019,48.28399934023266,-125.81073839599611,5.690251763162017,0.7616978609625669,0.47237855450236965,,,,,,,,,,,,,,,,,,,,,,0.25,,,,,,,,,,,,,,,,,,,,,,,,,,,,Stage 1,raw,328.5,True,stage1_raw_t75_a25,,reported loan_amount_000s among favorable actions 1/2/8,MAE/RMSE/absolute error kUSD; R2/RMSLE dimensionless; rates as named; percentage fields percent
stage1_raw_t75_a25_cap75,,,complete_validation,,100000,62.25537450124784,124.43345635967457,0.7000173317559315,0.3908120798900278,36.81190606452424,132.92270948380934,-7.262209461061212,26,0.00026,48.146068551694746,189.05594520757322,269.5203156082072,-127.6231056446149,-203.25403420965165,0.7666034155597723,0.8084512656966315,99.18493011589602,10013,5017,10038,,regresionpart2/regression_v2/outputs/reports/prompt4b_stage1_candidates.csv,stage1_raw_t75_a25_cap75|complete_validation,regression_v2,development,development_only,development,1b27716613364bbfeaea88472f6e72c916ac519c19018f5a9abf858acdbf6ae7,0.75,,,,,,,,,,9974,90026,189.43306209155585,48.16533100241716,-127.9079610837041,6.104159439970046,0.7667936635251654,0.47388532201808364,,,,,,,,,,,,,,,,,,,,,,0.25,,,,,,,,,,,,,,,,,,,,,,,,,,,,Stage 1,raw,328.5,True,stage1_raw_t75_a25,,reported loan_amount_000s among favorable actions 1/2/8,MAE/RMSE/absolute error kUSD; R2/RMSLE dimensionless; rates as named; percentage fields percent
stage1_raw_t65_a25_cap25,,,selection,,70000,62.409482323856864,126.46915138693555,0.6984601851046075,0.3909632399507555,36.9209189636599,132.53699917182576,-6.677853032773766,17,0.00024285714285714286,48.285003310717265,189.28807389254445,272.19649496184456,-126.53787354810086,-203.9248014824696,0.7666856816885339,0.8084258468545403,97.72006913514296,7012,3513,7040,,regresionpart2/regression_v2/outputs/reports/prompt4b_stage1_candidates.csv,stage1_raw_t65_a25_cap25|selection,regression_v2,development,development_only,development,1b27716613364bbfeaea88472f6e72c916ac519c19018f5a9abf858acdbf6ae7,0.65,,,,,,,,,,6982,63018,189.72516384676686,48.30370162004275,-126.90825367696692,6.6429228931165625,0.7671154397020911,0.47302358056428323,,,,,,,,,,,,,,,,,,,,,,0.25,,,,,,,,,,,,,,,,,,,,,,,,,,,,Stage 1,raw,109.5,True,stage1_raw_t65_a25,,reported loan_amount_000s among favorable actions 1/2/8,MAE/RMSE/absolute error kUSD; R2/RMSLE dimensionless; rates as named; percentage fields percent
stage1_raw_t65_a25_cap25,,,audit,,30000,61.95580101681751,119.38898822207169,0.7047942214614948,0.3909226201028601,36.585575242100134,133.6285703942042,-6.911806374728146,9,0.0003,48.477177418563784,183.2184996270316,258.73747393615105,-123.8334616397038,-196.64037896244466,0.7597467510829723,0.8073089700996677,99.51523156452544,3001,1505,3009,,regresionpart2/regression_v2/outputs/reports/prompt4b_stage1_candidates.csv,stage1_raw_t65_a25_cap25|audit,regression_v2,development,development_only,development,1b27716613364bbfeaea88472f6e72c916ac519c19018f5a9abf858acdbf6ae7,0.65,,,,,,,,,,2992,27008,183.4587253548023,48.49546520449338,-123.92424706926319,6.051064721171175,0.7593582887700535,0.47134182464454977,,,,,,,,,,,,,,,,,,,,,,0.25,,,,,,,,,,,,,,,,,,,,,,,,,,,,Stage 1,raw,109.5,True,stage1_raw_t65_a25,,reported loan_amount_000s among favorable actions 1/2/8,MAE/RMSE/absolute error kUSD; R2/RMSLE dimensionless; rates as named; percentage fields percent
stage1_raw_t65_a25_cap25,,,complete_validation,,100000,62.27337793174505,124.38742512560957,0.7002392337868288,0.3909510544395295,36.82960561800111,132.94067977111513,-6.748039035360079,26,0.00026,48.3426617362426,187.4689595041689,268.1376637628151,-125.72733323679559,-201.8091092461834,0.7646060121841606,0.8080526210882998,98.19334464111192,10013,5017,10038,,regresionpart2/regression_v2/outputs/reports/prompt4b_stage1_candidates.csv,stage1_raw_t65_a25_cap25|complete_validation,regression_v2,development,development_only,development,1b27716613364bbfeaea88472f6e72c916ac519c19018f5a9abf858acdbf6ae7,0.65,,,,,,,,,,9974,90026,187.84535795465155,48.361231121396166,-126.01311153036077,6.465364126672412,0.7647884499699218,0.4725190500522071,,,,,,,,,,,,,,,,,,,,,,0.25,,,,,,,,,,,,,,,,,,,,,,,,,,,,Stage 1,raw,109.5,True,stage1_raw_t65_a25,,reported loan_amount_000s among favorable actions 1/2/8,MAE/RMSE/absolute error kUSD; R2/RMSLE dimensionless; rates as named; percentage fields percent
stage1_raw_t65_a25_cap50,,,selection,,70000,62.41048874687212,126.45617069418464,0.6985220815397688,0.39096586177276205,36.9209189636599,132.54244445118422,-6.671066459271172,17,0.00024285714285714286,48.28589252013225,189.29013323202474,272.1843058559508,-126.47811162246626,-203.8218153722763,0.7665430690245294,0.8081411898662112,97.72820271716579,7012,3513,7040,,regresionpart2/regression_v2/outputs/reports/prompt4b_stage1_candidates.csv,stage1_raw_t65_a25_cap50|selection,regression_v2,development,development_only,development,1b27716613364bbfeaea88472f6e72c916ac519c19018f5a9abf858acdbf6ae7,0.65,,,,,,,,,,6982,63018,189.72723203474106,48.304590406145635,-126.84823496849516,6.643811679219448,0.7669722142652535,0.47302358056428323,,,,,,,,,,,,,,,,,,,,,,0.25,,,,,,,,,,,,,,,,,,,,,,,,,,,,Stage 1,raw,219.0,True,stage1_raw_t65_a25,,reported loan_amount_000s among favorable actions 1/2/8,MAE/RMSE/absolute error kUSD; R2/RMSLE dimensionless; rates as named; percentage fields percent
stage1_raw_t65_a25_cap50,,,audit,,30000,61.952755825676014,119.3725340775996,0.7048755861481675,0.3909232585282473,36.585575242100134,133.6285703942042,-6.905000460376147,9,0.0003,48.4792181759262,183.16969784686742,258.6392901604684,-123.78378519100927,-196.542195186762,0.7597467510829723,0.8073089700996677,99.5215516069078,3001,1505,3009,,regresionpart2/regression_v2/outputs/reports/prompt4b_stage1_candidates.csv,stage1_raw_t65_a25_cap50|audit,regression_v2,development,development_only,development,1b27716613364bbfeaea88472f6e72c916ac519c19018f5a9abf858acdbf6ae7,0.65,,,,,,,,,,2992,27008,183.4097767778395,48.49750528180483,-123.87442119274841,6.053104798482629,0.7593582887700535,0.47134182464454977,,,,,,,,,,,,,,,,,,,,,,0.25,,,,,,,,,,,,,,,,,,,,,,,,,,,,Stage 1,raw,219.0,True,stage1_raw_t65_a25,,reported loan_amount_000s among favorable actions 1/2/8,MAE/RMSE/absolute error kUSD; R2/RMSLE dimensionless; rates as named; percentage fields percent
stage1_raw_t65_a25_cap50,,,complete_validation,,100000,62.273168870513274,124.37344870300106,0.7003065934539463,0.39095308128688,36.82960561800111,132.9595749072372,-6.741246659602665,26,0.00026,48.3438964471526,187.4557752383308,268.0996755404896,-125.67059403325197,-201.70754321319322,0.76450614201538,0.8078532987841339,98.20094350791497,10013,5017,10038,,regresionpart2/regression_v2/outputs/reports/prompt4b_stage1_candidates.csv,stage1_raw_t65_a25_cap50|complete_validation,regression_v2,development,development_only,development,1b27716613364bbfeaea88472f6e72c916ac519c19018f5a9abf858acdbf6ae7,0.65,,,,,,,,,,9974,90026,187.83212213613973,48.36246529741932,-125.95615046708808,6.466598302695556,0.7646881892921596,0.4725190500522071,,,,,,,,,,,,,,,,,,,,,,0.25,,,,,,,,,,,,,,,,,,,,,,,,,,,,Stage 1,raw,219.0,True,stage1_raw_t65_a25,,reported loan_amount_000s among favorable actions 1/2/8,MAE/RMSE/absolute error kUSD; R2/RMSLE dimensionless; rates as named; percentage fields percent
stage1_raw_t65_a25_cap75,,,selection,,70000,62.41048874687212,126.45617069418464,0.6985220815397688,0.39096586177276205,36.9209189636599,132.54244445118422,-6.671066459271172,17,0.00024285714285714286,48.28589252013225,189.29013323202474,272.1843058559508,-126.47811162246626,-203.8218153722763,0.7665430690245294,0.8081411898662112,97.72820271716579,7012,3513,7040,,regresionpart2/regression_v2/outputs/reports/prompt4b_stage1_candidates.csv,stage1_raw_t65_a25_cap75|selection,regression_v2,development,development_only,development,1b27716613364bbfeaea88472f6e72c916ac519c19018f5a9abf858acdbf6ae7,0.65,,,,,,,,,,6982,63018,189.72723203474106,48.304590406145635,-126.84823496849516,6.643811679219448,0.7669722142652535,0.47302358056428323,,,,,,,,,,,,,,,,,,,,,,0.25,,,,,,,,,,,,,,,,,,,,,,,,,,,,Stage 1,raw,328.5,True,stage1_raw_t65_a25,,reported loan_amount_000s among favorable actions 1/2/8,MAE/RMSE/absolute error kUSD; R2/RMSLE dimensionless; rates as named; percentage fields percent
stage1_raw_t65_a25_cap75,,,audit,,30000,61.952755825676014,119.3725340775996,0.7048755861481675,0.3909232585282473,36.585575242100134,133.6285703942042,-6.905000460376147,9,0.0003,48.4792181759262,183.16969784686742,258.6392901604684,-123.78378519100927,-196.542195186762,0.7597467510829723,0.8073089700996677,99.5215516069078,3001,1505,3009,,regresionpart2/regression_v2/outputs/reports/prompt4b_stage1_candidates.csv,stage1_raw_t65_a25_cap75|audit,regression_v2,development,development_only,development,1b27716613364bbfeaea88472f6e72c916ac519c19018f5a9abf858acdbf6ae7,0.65,,,,,,,,,,2992,27008,183.4097767778395,48.49750528180483,-123.87442119274841,6.053104798482629,0.7593582887700535,0.47134182464454977,,,,,,,,,,,,,,,,,,,,,,0.25,,,,,,,,,,,,,,,,,,,,,,,,,,,,Stage 1,raw,328.5,True,stage1_raw_t65_a25,,reported loan_amount_000s among favorable actions 1/2/8,MAE/RMSE/absolute error kUSD; R2/RMSLE dimensionless; rates as named; percentage fields percent
stage1_raw_t65_a25_cap75,,,complete_validation,,100000,62.273168870513274,124.37344870300106,0.7003065934539463,0.39095308128688,36.82960561800111,132.9595749072372,-6.741246659602665,26,0.00026,48.3438964471526,187.4557752383308,268.0996755404896,-125.67059403325197,-201.70754321319322,0.76450614201538,0.8078532987841339,98.20094350791497,10013,5017,10038,,regresionpart2/regression_v2/outputs/reports/prompt4b_stage1_candidates.csv,stage1_raw_t65_a25_cap75|complete_validation,regression_v2,development,development_only,development,1b27716613364bbfeaea88472f6e72c916ac519c19018f5a9abf858acdbf6ae7,0.65,,,,,,,,,,9974,90026,187.83212213613973,48.36246529741932,-125.95615046708808,6.466598302695556,0.7646881892921596,0.4725190500522071,,,,,,,,,,,,,,,,,,,,,,0.25,,,,,,,,,,,,,,,,,,,,,,,,,,,,Stage 1,raw,328.5,True,stage1_raw_t65_a25,,reported loan_amount_000s among favorable actions 1/2/8,MAE/RMSE/absolute error kUSD; R2/RMSLE dimensionless; rates as named; percentage fields percent
stage2_meta_t65_a25,,,selection,,70000,62.452134750789085,126.96990375597501,0.6960675745819109,0.3908266830353941,36.91201995063655,132.35260494731725,-8.536984051292462,17,0.00024285714285714286,47.58685918017633,195.98521770026943,280.46958893204453,-136.1738259885743,-213.386332309941,0.787934968625214,0.8135496726444634,99.28011704333063,7012,3513,7040,,regresionpart2/regression_v2/outputs/reports/prompt4b_stage2_routing_candidates.csv,stage2_meta_t65_a25|selection,regression_v2,development,development_only,development,1479552d5559298efbda4515576e9a4d1bde6eb3dfd3dd4762ebd811c113345b,0.65,,,,,,,,,,6982,63018,196.45139839543774,47.605854977280934,-136.55685060425841,5.6468159466891965,0.7883128043540533,0.47613380304040115,,,,,,,,,,,,,,,,,,,,,,0.25,,,,,,,,,,,,,,,,,,,,,,,,,,,,Stage 2,,,False,,,reported loan_amount_000s among favorable actions 1/2/8,MAE/RMSE/absolute error kUSD; R2/RMSLE dimensionless; rates as named; percentage fields percent
stage2_meta_t65_a25,,,audit,,30000,61.922198625923876,119.86799994574582,0.7024206239110347,0.39062970749898973,36.459483142184894,133.73037125698568,-8.737026349806339,9,0.0003,47.743996602457095,189.47877191202176,266.75163925836995,-133.25070245346396,-205.9032359479298,0.7844051982672442,0.8146179401993355,100.45734044737266,3001,1505,3009,,regresionpart2/regression_v2/outputs/reports/prompt4b_stage2_routing_candidates.csv,stage2_meta_t65_a25|audit,regression_v2,development,development_only,development,1479552d5559298efbda4515576e9a4d1bde6eb3dfd3dd4762ebd811c113345b,0.65,,,,,,,,,,2992,27008,189.73493641056322,47.76284912016111,-133.36136703008862,5.069106178163321,0.7840909090909091,0.4741187796208531,,,,,,,,,,,,,,,,,,,,,,0.25,,,,,,,,,,,,,,,,,,,,,,,,,,,,Stage 2,,,False,,,reported loan_amount_000s among favorable actions 1/2/8,MAE/RMSE/absolute error kUSD; R2/RMSLE dimensionless; rates as named; percentage fields percent
stage2_meta_t65_a25,,,complete_validation,,100000,62.293153913329526,124.88174704559145,0.6978519707430815,0.39076760079993555,36.81037393670378,132.84699297222397,-8.596996740846627,26,0.00026,47.63400547090898,194.03516838332837,276.32653819339123,-135.2977355332796,-211.2067133056384,0.7868770598222311,0.8140322902132748,99.55548174299679,10013,5017,10038,,regresionpart2/regression_v2/outputs/reports/prompt4b_stage2_routing_candidates.csv,stage2_meta_t65_a25|complete_validation,regression_v2,development,development_only,development,1479552d5559298efbda4515576e9a4d1bde6eb3dfd3dd4762ebd811c113345b,0.65,,,,,,,,,,9974,90026,194.4365944793816,47.65295356892009,-135.59826960827726,5.473501732702718,0.7870463204331262,0.4755292915380001,,,,,,,,,,,,,,,,,,,,,,0.25,,,,,,,,,,,,,,,,,,,,,,,,,,,,Stage 2,,,False,,,reported loan_amount_000s among favorable actions 1/2/8,MAE/RMSE/absolute error kUSD; R2/RMSLE dimensionless; rates as named; percentage fields percent
stage2_meta_t65_a50,,,selection,,70000,62.41801699015408,126.54097931239937,0.6981175698549575,0.39080351134864094,36.91003679194583,132.2606377537882,-8.108010653205005,17,0.00024285714285714286,47.6412240725128,195.15627031251412,278.0612050081569,-132.37987220998397,-207.12786575709342,0.7806617227609812,0.8047253060062625,99.84378181443834,7012,3513,7040,,regresionpart2/regression_v2/outputs/reports/prompt4b_stage2_routing_candidates.csv,stage2_meta_t65_a50|selection,regression_v2,development,development_only,development,1479552d5559298efbda4515576e9a4d1bde6eb3dfd3dd4762ebd811c113345b,0.65,,,,,,,,,,6982,63018,195.6179267865879,47.660300620248634,-132.74755753559242,5.701271081106287,0.7810083070753365,0.47613380304040115,,,,,,,,,,,,,,,,,,,,,,0.5,,,,,,,,,,,,,,,,,,,,,,,,,,,,Stage 2,,,False,,,reported loan_amount_000s among favorable actions 1/2/8,MAE/RMSE/absolute error kUSD; R2/RMSLE dimensionless; rates as named; percentage fields percent
stage2_meta_t65_a50,,,audit,,30000,61.8796168853381,119.48592807827205,0.7043146324432238,0.39062748101069833,36.450139473222286,133.65229770205613,-8.313029688224171,9,0.0003,47.807274246653165,188.48380845543298,263.82645461875165,-129.58143663146623,-200.03430535572494,0.7794068643785405,0.8073089700996677,101.22788058380286,3001,1505,3009,,regresionpart2/regression_v2/outputs/reports/prompt4b_stage2_routing_candidates.csv,stage2_meta_t65_a50|audit,regression_v2,development,development_only,development,1479552d5559298efbda4515576e9a4d1bde6eb3dfd3dd4762ebd811c113345b,0.65,,,,,,,,,,2992,27008,188.7369800826144,47.82610567805691,-129.68106397801137,5.132362736059126,0.7790775401069518,0.4741187796208531,,,,,,,,,,,,,,,,,,,,,,0.5,,,,,,,,,,,,,,,,,,,,,,,,,,,,Stage 2,,,False,,,reported loan_amount_000s among favorable actions 1/2/8,MAE/RMSE/absolute error kUSD; R2/RMSLE dimensionless; rates as named; percentage fields percent
stage2_meta_t65_a50,,,complete_validation,,100000,62.25649695870928,124.46646019854731,0.6998581801432311,0.3907507105737981,36.795317423206356,132.7842813592994,-8.169516363710754,26,0.00026,47.69104447603348,193.15646425707618,273.75923714491586,-131.54115202910592,-205.06476888022064,0.7802856286827125,0.8054614311341439,100.18344326804369,10013,5017,10038,,regresionpart2/regression_v2/outputs/reports/prompt4b_stage2_routing_candidates.csv,stage2_meta_t65_a50|complete_validation,regression_v2,development,development_only,development,1479552d5559298efbda4515576e9a4d1bde6eb3dfd3dd4762ebd811c113345b,0.65,,,,,,,,,,9974,90026,193.55378075307192,47.710042505940386,-131.82767095806258,5.530597313716491,0.7804291157008222,0.4755292915380001,,,,,,,,,,,,,,,,,,,,,,0.5,,,,,,,,,,,,,,,,,,,,,,,,,,,,Stage 2,,,False,,,reported loan_amount_000s among favorable actions 1/2/8,MAE/RMSE/absolute error kUSD; R2/RMSLE dimensionless; rates as named; percentage fields percent
stage2_meta_t65_a75,,,selection,,70000,62.40893261188129,126.23675750356746,0.6995673582544886,0.3908186539952836,36.930043719271794,132.49996897173287,-7.679037255117543,17,0.00024285714285714286,47.69558896484926,194.57722833909955,276.0915158391273,-128.58591843139362,-200.8693992042459,0.7739589275527667,0.7947623114147452,100.43744688263988,7012,3513,7040,,regresionpart2/regression_v2/outputs/reports/prompt4b_stage2_routing_candidates.csv,stage2_meta_t65_a75|selection,regression_v2,development,development_only,development,1479552d5559298efbda4515576e9a4d1bde6eb3dfd3dd4762ebd811c113345b,0.65,,,,,,,,,,6982,63018,195.03543437644285,47.71474626321635,-128.9382644669264,5.755726215523376,0.7742767115439703,0.47613380304040115,,,,,,,,,,,,,,,,,,,,,,0.75,,,,,,,,,,,,,,,,,,,,,,,,,,,,Stage 2,,,False,,,reported loan_amount_000s among favorable actions 1/2/8,MAE/RMSE/absolute error kUSD; R2/RMSLE dimensionless; rates as named; percentage fields percent
stage2_meta_t65_a75,,,audit,,30000,61.86393366245874,119.22075717302211,0.705625584364098,0.3906657309576044,36.46589235864137,133.70845473301594,-7.889033026642002,9,0.0003,47.87055189084924,187.75774054405977,261.4123309543236,-125.9121708094685,-194.16537476352005,0.7724091969343552,0.7966777408637874,102.01098594573345,3001,1505,3009,,regresionpart2/regression_v2/outputs/reports/prompt4b_stage2_routing_candidates.csv,stage2_meta_t65_a75|audit,regression_v2,development,development_only,development,1479552d5559298efbda4515576e9a4d1bde6eb3dfd3dd4762ebd811c113345b,0.65,,,,,,,,,,2992,27008,188.00872814343285,47.88936223595272,-126.0007609259341,5.195619293954932,0.7720588235294118,0.4741187796208531,,,,,,,,,,,,,,,,,,,,,,0.75,,,,,,,,,,,,,,,,,,,,,,,,,,,,Stage 2,,,False,,,reported loan_amount_000s among favorable actions 1/2/8,MAE/RMSE/absolute error kUSD; R2/RMSLE dimensionless; rates as named; percentage fields percent
stage2_meta_t65_a75,,,complete_validation,,100000,62.24543292705454,124.17358794760968,0.7012689986267331,0.390772783367613,36.82881305709324,132.91907224169523,-7.742035986574881,26,0.00026,47.74808348115799,192.5333570844392,271.6542043430503,-127.78456852493231,-198.9228244548029,0.7734944572056327,0.7952959936216862,100.83687856501898,10013,5017,10038,,regresionpart2/regression_v2/outputs/reports/prompt4b_stage2_routing_candidates.csv,stage2_meta_t65_a75|complete_validation,regression_v2,development,development_only,development,1479552d5559298efbda4515576e9a4d1bde6eb3dfd3dd4762ebd811c113345b,0.65,,,,,,,,,,9974,90026,192.92756340700575,47.76713144296068,-128.05707230784793,5.587692894730266,0.7736113896129938,0.4755292915380001,,,,,,,,,,,,,,,,,,,,,,0.75,,,,,,,,,,,,,,,,,,,,,,,,,,,,Stage 2,,,False,,,reported loan_amount_000s among favorable actions 1/2/8,MAE/RMSE/absolute error kUSD; R2/RMSLE dimensionless; rates as named; percentage fields percent
stage2_meta_t75_a25,,,selection,,70000,62.47074606782719,127.06259444311783,0.6956236585436912,0.39083618774460066,36.918896757000084,132.19701192974705,-8.676208682013048,17,0.00024285714285714286,47.55561701913856,196.4516571515124,281.5786964252031,-137.28295958509972,-214.9488047330112,0.790501996577296,0.815826928551096,99.07768503007772,7012,3513,7040,,regresionpart2/regression_v2/outputs/reports/prompt4b_stage2_routing_candidates.csv,stage2_meta_t75_a25|selection,regression_v2,development,development_only,development,1479552d5559298efbda4515576e9a4d1bde6eb3dfd3dd4762ebd811c113345b,0.75,,,,,,,,,,6982,63018,196.92034429450098,47.57457204106286,-137.67024761710468,5.615523519021732,0.7908908622171298,0.47613380304040115,,,,,,,,,,,,,,,,,,,,,,0.25,,,,,,,,,,,,,,,,,,,,,,,,,,,,Stage 2,,,False,,,reported loan_amount_000s among favorable actions 1/2/8,MAE/RMSE/absolute error kUSD; R2/RMSLE dimensionless; rates as named; percentage fields percent
stage2_meta_t75_a25,,,audit,,30000,61.93508834016173,119.96401651622269,0.7019436993818726,0.390635685251693,36.460348366544935,133.73037125698568,-8.870593307017197,9,0.0003,47.71306682963856,189.8858909934823,267.76830393974785,-134.30766206026107,-207.37054863509542,0.7874041986004665,0.815282392026578,100.23417277030433,3001,1505,3009,,regresionpart2/regression_v2/outputs/reports/prompt4b_stage2_routing_candidates.csv,stage2_meta_t75_a25|audit,regression_v2,development,development_only,development,1479552d5559298efbda4515576e9a4d1bde6eb3dfd3dd4762ebd811c113345b,0.75,,,,,,,,,,2992,27008,190.1432801149292,47.731929654212955,-134.42150599399176,5.0381867122151744,0.7870989304812834,0.4741187796208531,,,,,,,,,,,,,,,,,,,,,,0.25,,,,,,,,,,,,,,,,,,,,,,,,,,,,Stage 2,,,False,,,reported loan_amount_000s among favorable actions 1/2/8,MAE/RMSE/absolute error kUSD; R2/RMSLE dimensionless; rates as named; percentage fields percent
stage2_meta_t75_a25,,,complete_validation,,100000,62.310048749527574,124.97536402124511,0.6973987934346844,0.39077604779864755,36.81405137925785,132.84699297222397,-8.734524069514292,26,0.00026,47.60285703640427,194.48382890420905,277.40930632434055,-136.39123204369946,-212.74292641812357,0.7895735543793069,0.8160255132549332,99.34651991837717,10013,5017,10038,,regresionpart2/regression_v2/outputs/reports/prompt4b_stage2_routing_candidates.csv,stage2_meta_t75_a25|complete_validation,regression_v2,development,development_only,development,1479552d5559298efbda4515576e9a4d1bde6eb3dfd3dd4762ebd811c113345b,0.75,,,,,,,,,,9974,90026,194.887360935239,47.62177967459047,-136.6956902743782,5.442321194379612,0.789753358732705,0.4755292915380001,,,,,,,,,,,,,,,,,,,,,,0.25,,,,,,,,,,,,,,,,,,,,,,,,,,,,Stage 2,,,False,,,reported loan_amount_000s among favorable actions 1/2/8,MAE/RMSE/absolute error kUSD; R2/RMSLE dimensionless; rates as named; percentage fields percent
stage2_meta_t75_a50,,,selection,,70000,62.44410250708978,126.69723569877567,0.6973715635891511,0.3908074000489129,36.91201995063655,132.1093988836073,-8.386459914646169,17,0.00024285714285714286,47.57873975043726,195.97796863886808,280.11381131174267,-134.59813940303476,-210.2528106032339,0.7855105533371364,0.8087105038428694,99.41081908091513,7012,3513,7040,,regresionpart2/regression_v2/outputs/reports/prompt4b_stage2_routing_candidates.csv,stage2_meta_t75_a50|selection,regression_v2,development,development_only,development,1479552d5559298efbda4515576e9a4d1bde6eb3dfd3dd4762ebd811c113345b,0.75,,,,,,,,,,6982,63018,196.44416029198484,47.59773474781248,-134.97435156128492,5.638686225771355,0.7858779719278144,0.47613380304040115,,,,,,,,,,,,,,,,,,,,,,0.5,,,,,,,,,,,,,,,,,,,,,,,,,,,,Stage 2,,,False,,,reported loan_amount_000s among favorable actions 1/2/8,MAE/RMSE/absolute error kUSD; R2/RMSLE dimensionless; rates as named; percentage fields percent
stage2_meta_t75_a50,,,audit,,30000,61.899409447201684,119.64922096030654,0.7035058960622942,0.3906230593077792,36.44965566947327,133.7296254217306,-8.580163602645886,9,0.0003,47.74541470101611,189.23819790180502,265.78857015657815,-131.6953558450605,-202.9689307300562,0.7837387537487505,0.8106312292358804,100.75747437827206,3001,1505,3009,,regresionpart2/regression_v2/outputs/reports/prompt4b_stage2_routing_candidates.csv,stage2_meta_t75_a50|audit,regression_v2,development,development_only,development,1479552d5559298efbda4515576e9a4d1bde6eb3dfd3dd4762ebd811c113345b,0.75,,,,,,,,,,2992,27008,189.49363874857778,47.764266746160615,-131.80134190581765,5.070523804162833,0.7834224598930482,0.4741187796208531,,,,,,,,,,,,,,,,,,,,,,0.5,,,,,,,,,,,,,,,,,,,,,,,,,,,,Stage 2,,,False,,,reported loan_amount_000s among favorable actions 1/2/8,MAE/RMSE/absolute error kUSD; R2/RMSLE dimensionless; rates as named; percentage fields percent
stage2_meta_t75_a50,,,complete_validation,,100000,62.28069458912334,124.62469055737013,0.699094573063133,0.3907521069578312,36.799883047942984,132.71632417433432,-8.444571021046084,26,0.00026,47.62874760702407,193.95798941366826,275.78578077220226,-133.7281450499457,-208.13719510519098,0.7849795266153999,0.8096471995216264,99.73800975893104,10013,5017,10038,,regresionpart2/regression_v2/outputs/reports/prompt4b_stage2_routing_candidates.csv,stage2_meta_t75_a50|complete_validation,regression_v2,development,development_only,development,1479552d5559298efbda4515576e9a4d1bde6eb3dfd3dd4762ebd811c113345b,0.75,,,,,,,,,,9974,90026,194.35914320176286,47.64769471728114,-134.02251229026444,5.46823623707028,0.7851413675556447,0.4755292915380001,,,,,,,,,,,,,,,,,,,,,,0.5,,,,,,,,,,,,,,,,,,,,,,,,,,,,Stage 2,,,False,,,reported loan_amount_000s among favorable actions 1/2/8,MAE/RMSE/absolute error kUSD; R2/RMSLE dimensionless; rates as named; percentage fields percent
stage2_meta_t75_a75,,,selection,,70000,62.43661909408952,126.42701400286472,0.6986610875717285,0.39080323206357875,36.92638455026033,132.33048940883452,-8.096711147279292,17,0.00024285714285714286,47.60186248173594,195.6955537060301,279.0086824149301,-131.91331922096984,-205.55681647345665,0.7818026240730177,0.8018787361229718,99.75494556818973,7012,3513,7040,,regresionpart2/regression_v2/outputs/reports/prompt4b_stage2_routing_candidates.csv,stage2_meta_t75_a75|selection,regression_v2,development,development_only,development,1479552d5559298efbda4515576e9a4d1bde6eb3dfd3dd4762ebd811c113345b,0.75,,,,,,,,,,6982,63018,196.16007172653568,47.6208974545621,-132.27845550546513,5.661848932520979,0.7821541105700373,0.47613380304040115,,,,,,,,,,,,,,,,,,,,,,0.75,,,,,,,,,,,,,,,,,,,,,,,,,,,,Stage 2,,,False,,,reported loan_amount_000s among favorable actions 1/2/8,MAE/RMSE/absolute error kUSD; R2/RMSLE dimensionless; rates as named; percentage fields percent
stage2_meta_t75_a75,,,audit,,30000,61.88206479712188,119.42216126340111,0.7046301488087954,0.39063629601808336,36.459483142184894,133.66295861626273,-8.289733898274573,9,0.0003,47.777762572393655,188.77378614515172,264.154225451391,-129.0830496298599,-198.56731282501698,0.7797400866377874,0.8039867109634552,101.29081810124254,3001,1505,3009,,regresionpart2/regression_v2/outputs/reports/prompt4b_stage2_routing_candidates.csv,stage2_meta_t75_a75|audit,regression_v2,development,development_only,development,1479552d5559298efbda4515576e9a4d1bde6eb3dfd3dd4762ebd811c113345b,0.75,,,,,,,,,,2992,27008,189.0278300314265,47.796603838108275,-129.1811778176435,5.102860896110491,0.7794117647058824,0.4741187796208531,,,,,,,,,,,,,,,,,,,,,,0.75,,,,,,,,,,,,,,,,,,,,,,,,,,,,Stage 2,,,False,,,reported loan_amount_000s among favorable actions 1/2/8,MAE/RMSE/absolute error kUSD; R2/RMSLE dimensionless; rates as named; percentage fields percent
stage2_meta_t75_a75,,,complete_validation,,100000,62.270252804999224,124.3669919593737,0.7003377093116309,0.39075315873829586,36.81957870792593,132.85429036766251,-8.154617972577878,26,0.00026,47.654638177643875,193.6210281442408,274.51777328891933,-131.06505805619196,-203.5314637922584,0.7811844602017377,0.8028702411799881,100.1409901346569,10013,5017,10038,,regresionpart2/regression_v2/outputs/reports/prompt4b_stage2_routing_candidates.csv,stage2_meta_t75_a75|complete_validation,regression_v2,development,development_only,development,1479552d5559298efbda4515576e9a4d1bde6eb3dfd3dd4762ebd811c113345b,0.75,,,,,,,,,,9974,90026,194.0205422346802,47.673609759971825,-131.3493343061507,5.494151279760948,0.7813314618006818,0.4755292915380001,,,,,,,,,,,,,,,,,,,,,,0.75,,,,,,,,,,,,,,,,,,,,,,,,,,,,Stage 2,,,False,,,reported loan_amount_000s among favorable actions 1/2/8,MAE/RMSE/absolute error kUSD; R2/RMSLE dimensionless; rates as named; percentage fields percent
stage2_meta_t85_a25,,,selection,,70000,62.49295140644239,127.19048896153531,0.6950106117654529,0.39085747604978094,36.918896757000084,132.1093988836073,-8.802548113222981,17,0.00024285714285714286,47.53914155950009,196.82132770980837,282.60202517109974,-138.39619460121312,-216.7310774432807,0.7932116371933827,0.8183888414460575,98.87623986081918,7012,3513,7040,,regresionpart2/regression_v2/outputs/reports/prompt4b_stage2_routing_candidates.csv,stage2_meta_t85_a25|selection,regression_v2,development,development_only,development,1479552d5559298efbda4515576e9a4d1bde6eb3dfd3dd4762ebd811c113345b,0.85,,,,,,,,,,6982,63018,197.29184678540037,47.55807744129142,-138.78802239457517,5.599028919250296,0.7936121455170438,0.47613380304040115,,,,,,,,,,,,,,,,,,,,,,0.25,,,,,,,,,,,,,,,,,,,,,,,,,,,,Stage 2,,,False,,,reported loan_amount_000s among favorable actions 1/2/8,MAE/RMSE/absolute error kUSD; R2/RMSLE dimensionless; rates as named; percentage fields percent
stage2_meta_t85_a25,,,audit,,30000,61.95179932714045,120.13476140646833,0.7010946479940037,0.3906593347508794,36.47355574935614,133.8141727698562,-9.002853896533132,9,0.0003,47.693921168572494,190.2251923305313,268.79477818962823,-135.4575800817058,-209.19990580200826,0.7877374208597134,0.8159468438538205,99.96146323777232,3001,1505,3009,,regresionpart2/regression_v2/outputs/reports/prompt4b_stage2_routing_candidates.csv,stage2_meta_t85_a25|audit,regression_v2,development,development_only,development,1479552d5559298efbda4515576e9a4d1bde6eb3dfd3dd4762ebd811c113345b,0.85,,,,,,,,,,2992,27008,190.48360207765788,47.712790373143555,-135.57488299344215,5.019047431145771,0.7874331550802139,0.4741187796208531,,,,,,,,,,,,,,,,,,,,,,0.25,,,,,,,,,,,,,,,,,,,,,,,,,,,,Stage 2,,,False,,,reported loan_amount_000s among favorable actions 1/2/8,MAE/RMSE/absolute error kUSD; R2/RMSLE dimensionless; rates as named; percentage fields percent
stage2_meta_t85_a25,,,complete_validation,,100000,62.330605782651816,125.1155570145009,0.6967195177498994,0.3907980442085188,36.81765810638727,132.81503345203112,-8.862639848216025,26,0.00026,47.58558043028527,194.8443974917708,278.4357501619588,-137.5154613371523,-214.5398033973489,0.7915709577549186,0.8180187362965916,99.12322509630015,10013,5017,10038,,regresionpart2/regression_v2/outputs/reports/prompt4b_stage2_routing_candidates.csv,stage2_meta_t85_a25|complete_validation,regression_v2,development,development_only,development,1479552d5559298efbda4515576e9a4d1bde6eb3dfd3dd4762ebd811c113345b,0.85,,,,,,,,,,9974,90026,195.24950989292336,47.60449166455428,-137.8241450045421,5.425033184343414,0.7917585722879487,0.4755292915380001,,,,,,,,,,,,,,,,,,,,,,0.25,,,,,,,,,,,,,,,,,,,,,,,,,,,,Stage 2,,,False,,,reported loan_amount_000s among favorable actions 1/2/8,MAE/RMSE/absolute error kUSD; R2/RMSLE dimensionless; rates as named; percentage fields percent
stage2_meta_t85_a50,,,selection,,70000,62.48108775983651,126.92297038583227,0.6962922252464886,0.39083761197151357,36.921658002118264,132.17253224345947,-8.639138777066037,17,0.00024285714285714286,47.545788831160316,196.64318258577163,282.03076210801385,-136.8246094352616,-213.8173560237729,0.7913576725613235,0.8149729575861088,98.99882077471538,7012,3513,7040,,regresionpart2/regression_v2/outputs/reports/prompt4b_stage2_routing_candidates.csv,stage2_meta_t85_a50|selection,regression_v2,development,development_only,development,1479552d5559298efbda4515576e9a4d1bde6eb3dfd3dd4762ebd811c113345b,0.85,,,,,,,,,,6982,63018,197.11271959720742,47.5647455482696,-137.2099011162259,5.6056970262284835,0.7917502148381552,0.47613380304040115,,,,,,,,,,,,,,,,,,,,,,0.5,,,,,,,,,,,,,,,,,,,,,,,,,,,,Stage 2,,,False,,,reported loan_amount_000s among favorable actions 1/2/8,MAE/RMSE/absolute error kUSD; R2/RMSLE dimensionless; rates as named; percentage fields percent
stage2_meta_t85_a50,,,audit,,30000,61.92963655781836,119.95837436473572,0.7019717351096213,0.39065561007313077,36.46100201369799,133.6648076492498,-8.844684781677753,9,0.0003,47.70712337888399,189.88486258849122,267.7889971271973,-133.99519188794991,-206.62764506388191,0.7874041986004665,0.815282392026578,100.20647173099965,3001,1505,3009,,regresionpart2/regression_v2/outputs/reports/prompt4b_stage2_routing_candidates.csv,stage2_meta_t85_a50|audit,regression_v2,development,development_only,development,1479552d5559298efbda4515576e9a4d1bde6eb3dfd3dd4762ebd811c113345b,0.85,,,,,,,,,,2992,27008,190.1422486164739,47.72598818402181,-134.1080959047184,5.032245242024025,0.7870989304812834,0.4741187796208531,,,,,,,,,,,,,,,,,,,,,,0.5,,,,,,,,,,,,,,,,,,,,,,,,,,,,Stage 2,,,False,,,reported loan_amount_000s among favorable actions 1/2/8,MAE/RMSE/absolute error kUSD; R2/RMSLE dimensionless; rates as named; percentage fields percent
stage2_meta_t85_a50,,,complete_validation,,100000,62.31565239923108,124.874383931065,0.6978875994079516,0.3907830203023153,36.81917143072219,132.78049581581905,-8.70080257844955,26,0.00026,47.59419439478607,194.61764395480802,277.73208990992094,-135.9766036368513,-211.73094906364165,0.7901727753919904,0.8154275463424357,99.28335863924889,10013,5017,10038,,regresionpart2/regression_v2/outputs/reports/prompt4b_stage2_routing_candidates.csv,stage2_meta_t85_a50|complete_validation,regression_v2,development,development_only,development,1479552d5559298efbda4515576e9a4d1bde6eb3dfd3dd4762ebd811c113345b,0.85,,,,,,,,,,9974,90026,195.0217180758163,47.61311869720875,-136.2794217505922,5.433660216997884,0.7903549227992781,0.4755292915380001,,,,,,,,,,,,,,,,,,,,,,0.5,,,,,,,,,,,,,,,,,,,,,,,,,,,,Stage 2,,,False,,,reported loan_amount_000s among favorable actions 1/2/8,MAE/RMSE/absolute error kUSD; R2/RMSLE dimensionless; rates as named; percentage fields percent
stage2_meta_t85_a75,,,selection,,70000,62.480374560159575,126.72012380147508,0.6972622128784558,0.3908310630485742,36.92265651126266,132.1659564073112,-8.47572944090909,17,0.00024285714285714286,47.552436102820536,196.57635110763135,281.6816750971644,-135.2530242693101,-210.90363460426514,0.7889332572732458,0.8101337887845147,99.1214054973502,7012,3513,7040,,regresionpart2/regression_v2/outputs/reports/prompt4b_stage2_routing_candidates.csv,stage2_meta_t85_a75|selection,regression_v2,development,development_only,development,1479552d5559298efbda4515576e9a4d1bde6eb3dfd3dd4762ebd811c113345b,0.85,,,,,,,,,,6982,63018,197.04538434327773,47.57141365524779,-135.63177983787662,5.612365133206673,0.7893153824119163,0.47613380304040115,,,,,,,,,,,,,,,,,,,,,,0.75,,,,,,,,,,,,,,,,,,,,,,,,,,,,Stage 2,,,False,,,reported loan_amount_000s among favorable actions 1/2/8,MAE/RMSE/absolute error kUSD; R2/RMSLE dimensionless; rates as named; percentage fields percent
stage2_meta_t85_a75,,,audit,,30000,61.91307269845599,119.83694002198861,0.7025748201143833,0.3906643347775004,36.44965566947327,133.71335602010316,-8.686515666822377,9,0.0003,47.72032558919548,189.600503289234,266.8948222433655,-132.53280369419403,-204.0553843257555,0.7860713095634788,0.812624584717608,100.45148022422698,3001,1505,3009,,regresionpart2/regression_v2/outputs/reports/prompt4b_stage2_routing_candidates.csv,stage2_meta_t85_a75|audit,regression_v2,development,development_only,development,1479552d5559298efbda4515576e9a4d1bde6eb3dfd3dd4762ebd811c113345b,0.85,,,,,,,,,,2992,27008,189.85703395836197,47.73918599490006,-132.64130881599468,5.04544305290228,0.7857620320855615,0.4741187796208531,,,,,,,,,,,,,,,,,,,,,,0.75,,,,,,,,,,,,,,,,,,,,,,,,,,,,Stage 2,,,False,,,reported loan_amount_000s among favorable actions 1/2/8,MAE/RMSE/absolute error kUSD; R2/RMSLE dimensionless; rates as named; percentage fields percent
stage2_meta_t85_a75,,,complete_validation,,100000,62.31018400164851,124.6950700771002,0.6987546154004418,0.3907810520364557,36.81654371735978,132.7450052627208,-8.538965308683078,26,0.00026,47.60280835928687,194.48561713149928,277.21748123657517,-134.43774593655036,-208.9220947299344,0.7880755018475981,0.8112417779549531,99.44349485339903,10013,5017,10038,,regresionpart2/regression_v2/outputs/reports/prompt4b_stage2_routing_candidates.csv,stage2_meta_t85_a75|complete_validation,regression_v2,development,development_only,development,1479552d5559298efbda4515576e9a4d1bde6eb3dfd3dd4762ebd811c113345b,0.85,,,,,,,,,,9974,90026,194.88902336957932,47.62174572986323,-134.73469849664232,5.442287249652356,0.7882494485662723,0.4755292915380001,,,,,,,,,,,,,,,,,,,,,,0.75,,,,,,,,,,,,,,,,,,,,,,,,,,,,Stage 2,,,False,,,reported loan_amount_000s among favorable actions 1/2/8,MAE/RMSE/absolute error kUSD; R2/RMSLE dimensionless; rates as named; percentage fields percent
stage2_meta_t65_a50_cap25,,,selection,,70000,62.41208430478782,126.66133160822143,0.6975430599781868,0.39079083543124576,36.90488663905654,132.2578847400206,-8.14314173696898,17,0.00024285714285714286,47.637243394318496,195.13280296831343,278.058785710543,-132.69482385079624,-207.71209202534212,0.7810895607529948,0.8055792769712496,99.82161504952101,7012,3513,7040,,regresionpart2/regression_v2/outputs/reports/prompt4b_stage2_routing_candidates.csv,stage2_meta_t65_a50_cap25|selection,regression_v2,development,development_only,development,1479552d5559298efbda4515576e9a4d1bde6eb3dfd3dd4762ebd811c113345b,0.65,,,,,,,,,,6982,63018,195.59435860876843,47.65632183707394,-133.06386244899483,5.6972922979315985,0.7814379833858494,0.47613380304040115,,,,,,,,,,,,,,,,,,,,,,0.5,,,,,,,,,,,,,,,,,,,,,,,,,,,,Stage 2,,109.5,True,stage2_meta_t65_a50,,reported loan_amount_000s among favorable actions 1/2/8,MAE/RMSE/absolute error kUSD; R2/RMSLE dimensionless; rates as named; percentage fields percent
stage2_meta_t65_a50_cap25,,,audit,,30000,61.89191166598925,119.57118131838494,0.7038925387448384,0.39062614438404036,36.450139473222286,133.6648076492498,-8.335308945975006,9,0.0003,47.801998463330804,188.6541797628155,264.1828666202583,-129.75669049971162,-200.36707684395864,0.7794068643785405,0.8073089700996677,101.17219542503472,3001,1505,3009,,regresionpart2/regression_v2/outputs/reports/prompt4b_stage2_routing_candidates.csv,stage2_meta_t65_a50_cap25|audit,regression_v2,development,development_only,development,1479552d5559298efbda4515576e9a4d1bde6eb3dfd3dd4762ebd811c113345b,0.65,,,,,,,,,,2992,27008,188.90786387053376,47.820831652808074,-129.8568450136412,5.127088710810287,0.7790775401069518,0.4741187796208531,,,,,,,,,,,,,,,,,,,,,,0.5,,,,,,,,,,,,,,,,,,,,,,,,,,,,Stage 2,,109.5,True,stage2_meta_t65_a50,,reported loan_amount_000s among favorable actions 1/2/8,MAE/RMSE/absolute error kUSD; R2/RMSLE dimensionless; rates as named; percentage fields percent
stage2_meta_t65_a50_cap25,,,complete_validation,,100000,62.256032513148256,124.57666421886448,0.6993264468800868,0.390741435405612,36.79161284397892,132.7842813592994,-8.200791899670786,26,0.00026,47.686675224563565,193.19109236812375,273.86445960251,-131.8142347979045,-205.57368017584542,0.7805852391890542,0.8060593980466414,100.1512047077975,10013,5017,10038,,regresionpart2/regression_v2/outputs/reports/prompt4b_stage2_routing_candidates.csv,stage2_meta_t65_a50_cap25|complete_validation,regression_v2,development,development_only,development,1479552d5559298efbda4515576e9a4d1bde6eb3dfd3dd4762ebd811c113345b,0.65,,,,,,,,,,9974,90026,193.5885442657969,47.70567514726597,-132.10182152593708,5.526229955042073,0.7807298977341087,0.4755292915380001,,,,,,,,,,,,,,,,,,,,,,0.5,,,,,,,,,,,,,,,,,,,,,,,,,,,,Stage 2,,109.5,True,stage2_meta_t65_a50,,reported loan_amount_000s among favorable actions 1/2/8,MAE/RMSE/absolute error kUSD; R2/RMSLE dimensionless; rates as named; percentage fields percent
stage2_meta_t65_a50_cap50,,,selection,,70000,62.415789915959394,126.5438877349781,0.6981036927414606,0.39079596074893125,36.91003679194583,132.2578847400206,-8.114229506795859,17,0.00024285714285714286,47.63981351868405,195.14670852856335,278.049351431262,-132.42928347450115,-207.21925948705731,0.7806617227609812,0.8047253060062625,99.84017306253048,7012,3513,7040,,regresionpart2/regression_v2/outputs/reports/prompt4b_stage2_routing_candidates.csv,stage2_meta_t65_a50_cap50|selection,regression_v2,development,development_only,development,1479552d5559298efbda4515576e9a4d1bde6eb3dfd3dd4762ebd811c113345b,0.65,,,,,,,,,,6982,63018,195.6083239179166,47.65889073792032,-132.79718110860796,5.69986119877798,0.7810083070753365,0.47613380304040115,,,,,,,,,,,,,,,,,,,,,,0.5,,,,,,,,,,,,,,,,,,,,,,,,,,,,Stage 2,,219.0,True,stage2_meta_t65_a50,,reported loan_amount_000s among favorable actions 1/2/8,MAE/RMSE/absolute error kUSD; R2/RMSLE dimensionless; rates as named; percentage fields percent
stage2_meta_t65_a50_cap50,,,audit,,30000,61.88083767913616,119.48320057226051,0.7043281315125403,0.3906257261941723,36.450139473222286,133.65229770205613,-8.316446540283604,9,0.0003,47.806054169097685,188.50698895788628,263.8726770027134,-129.6046171339195,-200.0805277396866,0.7794068643785405,0.8073089700996677,101.21693313484285,3001,1505,3009,,regresionpart2/regression_v2/outputs/reports/prompt4b_stage2_routing_candidates.csv,stage2_meta_t65_a50_cap50|audit,regression_v2,development,development_only,development,1479552d5559298efbda4515576e9a4d1bde6eb3dfd3dd4762ebd811c113345b,0.65,,,,,,,,,,2992,27008,188.7602303125149,47.82488600707348,-129.70431420791186,5.1311430650756895,0.7790775401069518,0.4741187796208531,,,,,,,,,,,,,,,,,,,,,,0.5,,,,,,,,,,,,,,,,,,,,,,,,,,,,Stage 2,,219.0,True,stage2_meta_t65_a50,,reported loan_amount_000s among favorable actions 1/2/8,MAE/RMSE/absolute error kUSD; R2/RMSLE dimensionless; rates as named; percentage fields percent
stage2_meta_t65_a50_cap50,,,complete_validation,,100000,62.255304244912416,124.46774454393889,0.699851985900197,0.39074489816988467,36.795317423206356,132.78049581581905,-8.174894616842181,26,0.00026,47.68969107122516,193.15671567611136,273.7648028360122,-131.5827016620488,-205.1426303235584,0.7802856286827125,0.8054614311341439,100.1776307070403,10013,5017,10038,,regresionpart2/regression_v2/outputs/reports/prompt4b_stage2_routing_candidates.csv,stage2_meta_t65_a50_cap50|complete_validation,regression_v2,development,development_only,development,1479552d5559298efbda4515576e9a4d1bde6eb3dfd3dd4762ebd811c113345b,0.65,,,,,,,,,,9974,90026,193.55403315519735,47.7086896874381,-131.8693830569855,5.529244495214215,0.7804291157008222,0.4755292915380001,,,,,,,,,,,,,,,,,,,,,,0.5,,,,,,,,,,,,,,,,,,,,,,,,,,,,Stage 2,,219.0,True,stage2_meta_t65_a50,,reported loan_amount_000s among favorable actions 1/2/8,MAE/RMSE/absolute error kUSD; R2/RMSLE dimensionless; rates as named; percentage fields percent
stage2_meta_t65_a50_cap75,,,selection,,70000,62.41801699015408,126.54097931239937,0.6981175698549575,0.39080351134864094,36.91003679194583,132.2606377537882,-8.108010653205005,17,0.00024285714285714286,47.6412240725128,195.15627031251412,278.0612050081569,-132.37987220998397,-207.12786575709342,0.7806617227609812,0.8047253060062625,99.84378181443834,7012,3513,7040,,regresionpart2/regression_v2/outputs/reports/prompt4b_stage2_routing_candidates.csv,stage2_meta_t65_a50_cap75|selection,regression_v2,development,development_only,development,1479552d5559298efbda4515576e9a4d1bde6eb3dfd3dd4762ebd811c113345b,0.65,,,,,,,,,,6982,63018,195.6179267865879,47.660300620248634,-132.74755753559242,5.701271081106287,0.7810083070753365,0.47613380304040115,,,,,,,,,,,,,,,,,,,,,,0.5,,,,,,,,,,,,,,,,,,,,,,,,,,,,Stage 2,,328.5,True,stage2_meta_t65_a50,,reported loan_amount_000s among favorable actions 1/2/8,MAE/RMSE/absolute error kUSD; R2/RMSLE dimensionless; rates as named; percentage fields percent
stage2_meta_t65_a50_cap75,,,audit,,30000,61.8796168853381,119.48592807827205,0.7043146324432238,0.39062748101069833,36.450139473222286,133.65229770205613,-8.313029688224171,9,0.0003,47.807274246653165,188.48380845543298,263.82645461875165,-129.58143663146623,-200.03430535572494,0.7794068643785405,0.8073089700996677,101.22788058380286,3001,1505,3009,,regresionpart2/regression_v2/outputs/reports/prompt4b_stage2_routing_candidates.csv,stage2_meta_t65_a50_cap75|audit,regression_v2,development,development_only,development,1479552d5559298efbda4515576e9a4d1bde6eb3dfd3dd4762ebd811c113345b,0.65,,,,,,,,,,2992,27008,188.7369800826144,47.82610567805691,-129.68106397801137,5.132362736059126,0.7790775401069518,0.4741187796208531,,,,,,,,,,,,,,,,,,,,,,0.5,,,,,,,,,,,,,,,,,,,,,,,,,,,,Stage 2,,328.5,True,stage2_meta_t65_a50,,reported loan_amount_000s among favorable actions 1/2/8,MAE/RMSE/absolute error kUSD; R2/RMSLE dimensionless; rates as named; percentage fields percent
stage2_meta_t65_a50_cap75,,,complete_validation,,100000,62.25649695870928,124.46646019854731,0.6998581801432311,0.3907507105737981,36.795317423206356,132.7842813592994,-8.169516363710754,26,0.00026,47.69104447603348,193.15646425707618,273.75923714491586,-131.54115202910592,-205.06476888022064,0.7802856286827125,0.8054614311341439,100.18344326804369,10013,5017,10038,,regresionpart2/regression_v2/outputs/reports/prompt4b_stage2_routing_candidates.csv,stage2_meta_t65_a50_cap75|complete_validation,regression_v2,development,development_only,development,1479552d5559298efbda4515576e9a4d1bde6eb3dfd3dd4762ebd811c113345b,0.65,,,,,,,,,,9974,90026,193.55378075307192,47.710042505940386,-131.82767095806258,5.530597313716491,0.7804291157008222,0.4755292915380001,,,,,,,,,,,,,,,,,,,,,,0.5,,,,,,,,,,,,,,,,,,,,,,,,,,,,Stage 2,,328.5,True,stage2_meta_t65_a50,,reported loan_amount_000s among favorable actions 1/2/8,MAE/RMSE/absolute error kUSD; R2/RMSLE dimensionless; rates as named; percentage fields percent
stage2_meta_t75_a75_cap25,,,selection,,70000,62.42649602111815,126.67746125825528,0.6974660224931382,0.3908042811936269,36.92357349191347,132.2295900795861,-8.170616490061224,17,0.00024285714285714286,47.599639986145455,195.6144606433172,278.89108081232297,-132.63114344265858,-206.94534289437829,0.7823730747290359,0.8030173640762881,99.73207633100661,7012,3513,7040,,regresionpart2/regression_v2/outputs/reports/prompt4b_stage2_routing_candidates.csv,stage2_meta_t75_a75_cap25|selection,regression_v2,development,development_only,development,1479552d5559298efbda4515576e9a4d1bde6eb3dfd3dd4762ebd811c113345b,0.75,,,,,,,,,,6982,63018,196.07863022614285,47.61867601700056,-132.9993640477856,5.659627494959433,0.7827270123173876,0.47613380304040115,,,,,,,,,,,,,,,,,,,,,,0.75,,,,,,,,,,,,,,,,,,,,,,,,,,,,Stage 2,,109.5,True,stage2_meta_t75_a75,,reported loan_amount_000s among favorable actions 1/2/8,MAE/RMSE/absolute error kUSD; R2/RMSLE dimensionless; rates as named; percentage fields percent
stage2_meta_t75_a75_cap25,,,audit,,30000,61.89808375265705,119.59123137477292,0.7037932260342968,0.3906279635112685,36.460348366544935,133.66819797033946,-8.33924924425491,9,0.0003,47.76812832979572,189.02059840171847,264.7116389935922,-129.49136201356816,-199.31623087448722,0.7797400866377874,0.8039867109634552,101.1717291298376,3001,1505,3009,,regresionpart2/regression_v2/outputs/reports/prompt4b_stage2_routing_candidates.csv,stage2_meta_t75_a75_cap25|audit,regression_v2,development,development_only,development,1479552d5559298efbda4515576e9a4d1bde6eb3dfd3dd4762ebd811c113345b,0.75,,,,,,,,,,2992,27008,189.27538470454044,47.78697280597329,-129.59071841373594,5.093229863975511,0.7794117647058824,0.4741187796208531,,,,,,,,,,,,,,,,,,,,,,0.75,,,,,,,,,,,,,,,,,,,,,,,,,,,,Stage 2,,109.5,True,stage2_meta_t75_a75,,reported loan_amount_000s among favorable actions 1/2/8,MAE/RMSE/absolute error kUSD; R2/RMSLE dimensionless; rates as named; percentage fields percent
stage2_meta_t75_a75_cap25,,,complete_validation,,100000,62.26797234057982,124.59391726768239,0.6992431584930918,0.3907513942426507,36.81846493087376,132.83332740798033,-8.221206316319329,26,0.00026,47.65019191909369,193.63821170822902,274.6026393345749,-131.6901183683851,-204.72839721485167,0.7815839408768601,0.8036675303966514,100.08925292159388,10013,5017,10038,,regresionpart2/regression_v2/outputs/reports/prompt4b_stage2_routing_candidates.csv,stage2_meta_t75_a75_cap25|complete_validation,regression_v2,development,development_only,development,1479552d5559298efbda4515576e9a4d1bde6eb3dfd3dd4762ebd811c113345b,0.75,,,,,,,,,,9974,90026,194.03779298926352,47.66916542757723,-131.976838708195,5.489706947366362,0.7817325045117305,0.4755292915380001,,,,,,,,,,,,,,,,,,,,,,0.75,,,,,,,,,,,,,,,,,,,,,,,,,,,,Stage 2,,109.5,True,stage2_meta_t75_a75,,reported loan_amount_000s among favorable actions 1/2/8,MAE/RMSE/absolute error kUSD; R2/RMSLE dimensionless; rates as named; percentage fields percent
stage2_meta_t75_a75_cap50,,,selection,,70000,62.43311479619885,126.50475735252984,0.698290370923941,0.3908047901125295,36.92715014247411,132.2604022399114,-8.11844437100956,17,0.00024285714285714286,47.60186248173594,195.66057069799436,278.9641787115445,-132.13027952632046,-205.9645495559404,0.7818026240730177,0.8018787361229718,99.7423092979691,7012,3513,7040,,regresionpart2/regression_v2/outputs/reports/prompt4b_stage2_routing_candidates.csv,stage2_meta_t75_a75_cap50|selection,regression_v2,development,development_only,development,1479552d5559298efbda4515576e9a4d1bde6eb3dfd3dd4762ebd811c113345b,0.75,,,,,,,,,,6982,63018,196.12493840480172,47.6208974545621,-132.49634803785108,5.661848932520979,0.7821541105700373,0.47613380304040115,,,,,,,,,,,,,,,,,,,,,,0.75,,,,,,,,,,,,,,,,,,,,,,,,,,,,Stage 2,,219.0,True,stage2_meta_t75_a75,,reported loan_amount_000s among favorable actions 1/2/8,MAE/RMSE/absolute error kUSD; R2/RMSLE dimensionless; rates as named; percentage fields percent
stage2_meta_t75_a75_cap50,,,audit,,30000,61.88794159259937,119.4183986390892,0.7046487609032925,0.39062785200200123,36.460348366544935,133.66295861626273,-8.305686463653704,9,0.0003,47.7721840355626,188.88272275968887,264.37144723227203,-129.19233388359945,-198.7852278053973,0.7797400866377874,0.8039867109634552,101.24076329369798,3001,1505,3009,,regresionpart2/regression_v2/outputs/reports/prompt4b_stage2_routing_candidates.csv,stage2_meta_t75_a75_cap50|audit,regression_v2,development,development_only,development,1479552d5559298efbda4515576e9a4d1bde6eb3dfd3dd4762ebd811c113345b,0.75,,,,,,,,,,2992,27008,189.13709432963037,47.79102716023869,-129.29079080075596,5.0972842182409135,0.7794117647058824,0.4741187796208531,,,,,,,,,,,,,,,,,,,,,,0.75,,,,,,,,,,,,,,,,,,,,,,,,,,,,Stage 2,,219.0,True,stage2_meta_t75_a75,,reported loan_amount_000s among favorable actions 1/2/8,MAE/RMSE/absolute error kUSD; R2/RMSLE dimensionless; rates as named; percentage fields percent
stage2_meta_t75_a75_cap50,,,complete_validation,,100000,62.269562835119,124.42123501650771,0.700076254994116,0.3907517170919892,36.82322333426298,132.83332740798033,-8.174616998802803,26,0.00026,47.65296443681573,193.62917934047366,274.5517731434604,-131.24974673157305,-203.88233649790678,0.7811844602017377,0.8028702411799881,100.11712340241397,10013,5017,10038,,regresionpart2/regression_v2/outputs/reports/prompt4b_stage2_routing_candidates.csv,stage2_meta_t75_a75_cap50|complete_validation,regression_v2,development,development_only,development,1479552d5559298efbda4515576e9a4d1bde6eb3dfd3dd4762ebd811c113345b,0.75,,,,,,,,,,9974,90026,194.0287253034469,47.67193674422191,-131.53474514499078,5.492478264011037,0.7813314618006818,0.4755292915380001,,,,,,,,,,,,,,,,,,,,,,0.75,,,,,,,,,,,,,,,,,,,,,,,,,,,,Stage 2,,219.0,True,stage2_meta_t75_a75,,reported loan_amount_000s among favorable actions 1/2/8,MAE/RMSE/absolute error kUSD; R2/RMSLE dimensionless; rates as named; percentage fields percent
stage2_meta_t75_a75_cap75,,,selection,,70000,62.43543295877564,126.4350561725667,0.6986227493135814,0.3908029971290028,36.92638455026033,132.33048940883452,-8.102464802159897,17,0.00024285714285714286,47.60186248173594,195.6837126518412,278.98504749549585,-131.97075730448984,-205.67146373837045,0.7818026240730177,0.8018787361229718,99.75494556818973,7012,3513,7040,,regresionpart2/regression_v2/outputs/reports/prompt4b_stage2_routing_candidates.csv,stage2_meta_t75_a75_cap75|selection,regression_v2,development,development_only,development,1479552d5559298efbda4515576e9a4d1bde6eb3dfd3dd4762ebd811c113345b,0.75,,,,,,,,,,6982,63018,196.148179794142,47.6208974545621,-132.33614038682322,5.661848932520979,0.7821541105700373,0.47613380304040115,,,,,,,,,,,,,,,,,,,,,,0.75,,,,,,,,,,,,,,,,,,,,,,,,,,,,Stage 2,,328.5,True,stage2_meta_t75_a75,,reported loan_amount_000s among favorable actions 1/2/8,MAE/RMSE/absolute error kUSD; R2/RMSLE dimensionless; rates as named; percentage fields percent
stage2_meta_t75_a75_cap75,,,audit,,30000,61.88302145529472,119.41303233369118,0.7046753047081902,0.39063364099183645,36.459483142184894,133.66295861626273,-8.293431550840847,9,0.0003,47.77623974132948,188.79704994424756,264.20061393051844,-129.10631342895573,-198.61370130414434,0.7797400866377874,0.8039867109634552,101.27715412121542,3001,1505,3009,,regresionpart2/regression_v2/outputs/reports/prompt4b_stage2_routing_candidates.csv,stage2_meta_t75_a75_cap75|audit,regression_v2,development,development_only,development,1479552d5559298efbda4515576e9a4d1bde6eb3dfd3dd4762ebd811c113345b,0.75,,,,,,,,,,2992,27008,189.05116380852772,47.7950815145041,-129.20451159474467,5.101338572506316,0.7794117647058824,0.4741187796208531,,,,,,,,,,,,,,,,,,,,,,0.75,,,,,,,,,,,,,,,,,,,,,,,,,,,,Stage 2,,328.5,True,stage2_meta_t75_a75,,reported loan_amount_000s among favorable actions 1/2/8,MAE/RMSE/absolute error kUSD; R2/RMSLE dimensionless; rates as named; percentage fields percent
stage2_meta_t75_a75_cap75,,,complete_validation,,100000,62.269709507731356,124.3700851808433,0.7003228028908248,0.3907521979949309,36.81957870792593,132.85429036766251,-8.159754826764182,26,0.00026,47.654181279248526,193.61970837884724,274.51513928236454,-131.1122537520602,-203.62565763374312,0.7811844602017377,0.8028702411799881,100.1368942075896,10013,5017,10038,,regresionpart2/regression_v2/outputs/reports/prompt4b_stage2_routing_candidates.csv,stage2_meta_t75_a75_cap75|complete_validation,regression_v2,development,development_only,development,1479552d5559298efbda4515576e9a4d1bde6eb3dfd3dd4762ebd811c113345b,0.75,,,,,,,,,,9974,90026,194.0192173087843,47.6731530595086,-131.39671454504472,5.493694579297732,0.7813314618006818,0.4755292915380001,,,,,,,,,,,,,,,,,,,,,,0.75,,,,,,,,,,,,,,,,,,,,,,,,,,,,Stage 2,,328.5,True,stage2_meta_t75_a75,,reported loan_amount_000s among favorable actions 1/2/8,MAE/RMSE/absolute error kUSD; R2/RMSLE dimensionless; rates as named; percentage fields percent
stage2_meta_t75_a50_cap25,,,selection,,70000,62.441208262609344,126.81444617414188,0.6968113677757193,0.3908119067723979,36.907562600694675,132.09744220523214,-8.412318271182611,17,0.00024285714285714286,47.57849523291011,195.9512721979624,280.08779673292236,-134.85408396771686,-210.73640783047998,0.78593839132915,0.8095644748078565,99.39721024167716,7012,3513,7040,,regresionpart2/regression_v2/outputs/reports/prompt4b_stage2_routing_candidates.csv,stage2_meta_t75_a50_cap25|selection,regression_v2,development,development_only,development,1479552d5559298efbda4515576e9a4d1bde6eb3dfd3dd4762ebd811c113345b,0.75,,,,,,,,,,6982,63018,196.41734914279678,47.59749034668898,-135.2313958591295,5.638441824647866,0.7863076482383271,0.47613380304040115,,,,,,,,,,,,,,,,,,,,,,0.5,,,,,,,,,,,,,,,,,,,,,,,,,,,,Stage 2,,109.5,True,stage2_meta_t75_a50,,reported loan_amount_000s among favorable actions 1/2/8,MAE/RMSE/absolute error kUSD; R2/RMSLE dimensionless; rates as named; percentage fields percent
stage2_meta_t75_a50_cap25,,,audit,,30000,61.90757371655693,119.69205474484437,0.7032935714399903,0.3906174511762167,36.44965566947327,133.746514576987,-8.59604078790345,9,0.0003,47.740343774539774,189.36543483102577,266.056294850895,-131.80845335048951,-203.18043768915075,0.7837387537487505,0.8106312292358804,100.70496604185145,3001,1505,3009,,regresionpart2/regression_v2/outputs/reports/prompt4b_stage2_routing_candidates.csv,stage2_meta_t75_a50_cap25|audit,regression_v2,development,development_only,development,1479552d5559298efbda4515576e9a4d1bde6eb3dfd3dd4762ebd811c113345b,0.75,,,,,,,,,,2992,27008,189.62125840920328,47.75919750949243,-131.91477961096223,5.065454567494646,0.7834224598930482,0.4741187796208531,,,,,,,,,,,,,,,,,,,,,,0.5,,,,,,,,,,,,,,,,,,,,,,,,,,,,Stage 2,,109.5,True,stage2_meta_t75_a50,,reported loan_amount_000s among favorable actions 1/2/8,MAE/RMSE/absolute error kUSD; R2/RMSLE dimensionless; rates as named; percentage fields percent
stage2_meta_t75_a50_cap25,,,complete_validation,,100000,62.28111789879361,124.72044347913008,0.6986320059352231,0.3907535802543278,36.795317423206356,132.71632417433432,-8.467435026198864,26,0.00026,47.62705501127208,193.97742840108063,275.84787693515847,-133.94127686871562,-208.53926706707114,0.7852791371217417,0.810245166434124,99.71272545802198,10013,5017,10038,,regresionpart2/regression_v2/outputs/reports/prompt4b_stage2_routing_candidates.csv,stage2_meta_t75_a50_cap25|complete_validation,regression_v2,development,development_only,development,1479552d5559298efbda4515576e9a4d1bde6eb3dfd3dd4762ebd811c113345b,0.75,,,,,,,,,,9974,90026,194.37865819885135,47.64600285477549,-134.23647748991786,5.466544374564621,0.7854421495889312,0.4755292915380001,,,,,,,,,,,,,,,,,,,,,,0.5,,,,,,,,,,,,,,,,,,,,,,,,,,,,Stage 2,,109.5,True,stage2_meta_t75_a50,,reported loan_amount_000s among favorable actions 1/2/8,MAE/RMSE/absolute error kUSD; R2/RMSLE dimensionless; rates as named; percentage fields percent
stage2_meta_t75_a50_cap50,,,selection,,70000,62.44331175021386,126.70686278047215,0.6973255714354425,0.3908075929228661,36.91201995063655,132.09744220523214,-8.390295684566572,17,0.00024285714285714286,47.57873975043726,195.9700746027422,280.09805469878654,-134.63643145871478,-210.32924211317646,0.7855105533371364,0.8087105038428694,99.41081908091513,7012,3513,7040,,regresionpart2/regression_v2/outputs/reports/prompt4b_stage2_routing_candidates.csv,stage2_meta_t75_a50_cap50|selection,regression_v2,development,development_only,development,1479552d5559298efbda4515576e9a4d1bde6eb3dfd3dd4762ebd811c113345b,0.75,,,,,,,,,,6982,63018,196.43623233705574,47.59773474781248,-135.01280814885698,5.638686225771355,0.7858779719278144,0.47613380304040115,,,,,,,,,,,,,,,,,,,,,,0.5,,,,,,,,,,,,,,,,,,,,,,,,,,,,Stage 2,,219.0,True,stage2_meta_t75_a50,,reported loan_amount_000s among favorable actions 1/2/8,MAE/RMSE/absolute error kUSD; R2/RMSLE dimensionless; rates as named; percentage fields percent
stage2_meta_t75_a50_cap50,,,audit,,30000,61.90004721931691,119.64560593680153,0.7035238120496163,0.39062147864622415,36.44965566947327,133.7296254217306,-8.582628704356736,9,0.0003,47.744399480306654,189.25370710120225,265.8194958093297,-131.71086504445773,-202.99985638280776,0.7837387537487505,0.8106312292358804,100.74836505825402,3001,1505,3009,,regresionpart2/regression_v2/outputs/reports/prompt4b_stage2_routing_candidates.csv,stage2_meta_t75_a50_cap50|audit,regression_v2,development,development_only,development,1479552d5559298efbda4515576e9a4d1bde6eb3dfd3dd4762ebd811c113345b,0.75,,,,,,,,,,2992,27008,189.50919459997857,47.76325186375783,-131.8168977572184,5.069508921760049,0.7834224598930482,0.4741187796208531,,,,,,,,,,,,,,,,,,,,,,0.5,,,,,,,,,,,,,,,,,,,,,,,,,,,,Stage 2,,219.0,True,stage2_meta_t75_a50,,reported loan_amount_000s among favorable actions 1/2/8,MAE/RMSE/absolute error kUSD; R2/RMSLE dimensionless; rates as named; percentage fields percent
stage2_meta_t75_a50_cap50,,,complete_validation,,100000,62.28033239094477,124.630500516382,0.6990665161999146,0.39075176794768823,36.799883047942984,132.70484924671203,-8.447995590503622,26,0.00026,47.628443008093846,193.95710957007253,275.78402476783236,-133.7596088471912,-208.1999909995141,0.7849795266153999,0.8096471995216264,99.73527914088616,10013,5017,10038,,regresionpart2/regression_v2/outputs/reports/prompt4b_stage2_routing_candidates.csv,stage2_meta_t75_a50_cap50|complete_validation,regression_v2,development,development_only,development,1479552d5559298efbda4515576e9a4d1bde6eb3dfd3dd4762ebd811c113345b,0.75,,,,,,,,,,9974,90026,194.35825991783227,47.64739025030566,-134.0540991161938,5.467931770094803,0.7851413675556447,0.4755292915380001,,,,,,,,,,,,,,,,,,,,,,0.5,,,,,,,,,,,,,,,,,,,,,,,,,,,,Stage 2,,219.0,True,stage2_meta_t75_a50,,reported loan_amount_000s among favorable actions 1/2/8,MAE/RMSE/absolute error kUSD; R2/RMSLE dimensionless; rates as named; percentage fields percent
stage2_meta_t75_a50_cap75,,,selection,,70000,62.44410250708978,126.69723569877567,0.6973715635891511,0.3908074000489129,36.91201995063655,132.1093988836073,-8.386459914646169,17,0.00024285714285714286,47.57873975043726,195.97796863886808,280.11381131174267,-134.59813940303476,-210.2528106032339,0.7855105533371364,0.8087105038428694,99.41081908091513,7012,3513,7040,,regresionpart2/regression_v2/outputs/reports/prompt4b_stage2_routing_candidates.csv,stage2_meta_t75_a50_cap75|selection,regression_v2,development,development_only,development,1479552d5559298efbda4515576e9a4d1bde6eb3dfd3dd4762ebd811c113345b,0.75,,,,,,,,,,6982,63018,196.44416029198484,47.59773474781248,-134.97435156128492,5.638686225771355,0.7858779719278144,0.47613380304040115,,,,,,,,,,,,,,,,,,,,,,0.5,,,,,,,,,,,,,,,,,,,,,,,,,,,,Stage 2,,328.5,True,stage2_meta_t75_a50,,reported loan_amount_000s among favorable actions 1/2/8,MAE/RMSE/absolute error kUSD; R2/RMSLE dimensionless; rates as named; percentage fields percent
stage2_meta_t75_a50_cap75,,,audit,,30000,61.899409447201684,119.64922096030654,0.7035058960622942,0.3906230593077792,36.44965566947327,133.7296254217306,-8.580163602645886,9,0.0003,47.74541470101611,189.23819790180502,265.78857015657815,-131.6953558450605,-202.9689307300562,0.7837387537487505,0.8106312292358804,100.75747437827206,3001,1505,3009,,regresionpart2/regression_v2/outputs/reports/prompt4b_stage2_routing_candidates.csv,stage2_meta_t75_a50_cap75|audit,regression_v2,development,development_only,development,1479552d5559298efbda4515576e9a4d1bde6eb3dfd3dd4762ebd811c113345b,0.75,,,,,,,,,,2992,27008,189.49363874857778,47.764266746160615,-131.80134190581765,5.070523804162833,0.7834224598930482,0.4741187796208531,,,,,,,,,,,,,,,,,,,,,,0.5,,,,,,,,,,,,,,,,,,,,,,,,,,,,Stage 2,,328.5,True,stage2_meta_t75_a50,,reported loan_amount_000s among favorable actions 1/2/8,MAE/RMSE/absolute error kUSD; R2/RMSLE dimensionless; rates as named; percentage fields percent
stage2_meta_t75_a50_cap75,,,complete_validation,,100000,62.28069458912334,124.62469055737013,0.699094573063133,0.3907521069578312,36.799883047942984,132.71632417433432,-8.444571021046084,26,0.00026,47.62874760702407,193.95798941366826,275.78578077220226,-133.7281450499457,-208.13719510519098,0.7849795266153999,0.8096471995216264,99.73800975893104,10013,5017,10038,,regresionpart2/regression_v2/outputs/reports/prompt4b_stage2_routing_candidates.csv,stage2_meta_t75_a50_cap75|complete_validation,regression_v2,development,development_only,development,1479552d5559298efbda4515576e9a4d1bde6eb3dfd3dd4762ebd811c113345b,0.75,,,,,,,,,,9974,90026,194.35914320176286,47.64769471728114,-134.02251229026444,5.46823623707028,0.7851413675556447,0.4755292915380001,,,,,,,,,,,,,,,,,,,,,,0.5,,,,,,,,,,,,,,,,,,,,,,,,,,,,Stage 2,,328.5,True,stage2_meta_t75_a50,,reported loan_amount_000s among favorable actions 1/2/8,MAE/RMSE/absolute error kUSD; R2/RMSLE dimensionless; rates as named; percentage fields percent
stage3_residual_t65_a25,,,selection,,70000,62.42819200928234,126.44066649597661,0.698596002596183,0.3908315777037132,36.91201995063655,132.08221747162074,-8.40527389219746,17,0.00024285714285714286,47.59193628754321,195.70059295065488,279.77121239466004,-134.90458252755386,-211.01332849452365,0.7867940673131774,0.8109877597495019,99.36153240645584,7012,3513,7040,,regresionpart2/regression_v2/outputs/reports/prompt4b_stage3_candidates.csv,stage3_residual_t65_a25|selection,regression_v2,development,development_only,development,1ea1b97cee247483f25f780b390871a7bafe24fca5005b086b6b38a1574d0dad,0.65,,,,,,,,,,6982,63018,196.16430315906644,47.61106788525758,-135.28340102639703,5.6520285237945,0.7871670008593527,0.47613380304040115,,,,,,,,,,,,,,,,,,,,,,0.25,,,,,,,,,,,,,,,,,,,,,,,,,,,,Stage 3,,,False,,,reported loan_amount_000s among favorable actions 1/2/8,MAE/RMSE/absolute error kUSD; R2/RMSLE dimensionless; rates as named; percentage fields percent
stage3_residual_t65_a25,,,audit,,30000,61.90533084764397,119.56458556711394,0.7039252054338444,0.3906082298802489,36.459483142184894,133.71423559117198,-8.630014704666884,9,0.0003,47.73775552821381,189.36629920795542,266.49439837892083,-132.12479371715006,-203.72353826261983,0.7830723092302566,0.812624584717608,100.42846521129921,3001,1505,3009,,regresionpart2/regression_v2/outputs/reports/prompt4b_stage3_candidates.csv,stage3_residual_t65_a25|audit,regression_v2,development,development_only,development,1ea1b97cee247483f25f780b390871a7bafe24fca5005b086b6b38a1574d0dad,0.65,,,,,,,,,,2992,27008,189.62212538619718,47.756610125659684,-132.2320715362123,5.062867183661902,0.7827540106951871,0.4741187796208531,,,,,,,,,,,,,,,,,,,,,,0.25,,,,,,,,,,,,,,,,,,,,,,,,,,,,Stage 3,,,False,,,reported loan_amount_000s among favorable actions 1/2/8,MAE/RMSE/absolute error kUSD; R2/RMSLE dimensionless; rates as named; percentage fields percent
stage3_residual_t65_a25,,,complete_validation,,100000,62.27133366079083,124.41775008942038,0.7000930559484746,0.3907645867607708,36.81190606452424,132.74018445118372,-8.472696135938287,26,0.00026,47.63568675904316,193.80213938810206,275.75973138092746,-134.07145097656795,-208.89491972564556,0.7856786177968641,0.8116404225632848,99.60213824163549,10013,5017,10038,,regresionpart2/regression_v2/outputs/reports/prompt4b_stage3_candidates.csv,stage3_residual_t65_a25|complete_validation,regression_v2,development,development_only,development,1ea1b97cee247483f25f780b390871a7bafe24fca5005b086b6b38a1574d0dad,0.65,,,,,,,,,,9974,90026,194.20178101184115,47.654730880712,-134.36806336501417,5.475278812885416,0.7858431922999799,0.4755292915380001,,,,,,,,,,,,,,,,,,,,,,0.25,,,,,,,,,,,,,,,,,,,,,,,,,,,,Stage 3,,,False,,,reported loan_amount_000s among favorable actions 1/2/8,MAE/RMSE/absolute error kUSD; R2/RMSLE dimensionless; rates as named; percentage fields percent
stage3_residual_t65_a50,,,selection,,70000,62.36201842214582,125.50456733870259,0.7030423506568182,0.3908081295214738,36.91645388389255,132.1134338634777,-7.844590335014998,17,0.00024285714285714286,47.65137828724656,194.5060288067771,276.5038206072293,-129.84138528794304,-202.38185812625875,0.7776668568168853,0.7993168232280102,100.00609860591062,7012,3513,7040,,regresionpart2/regression_v2/outputs/reports/prompt4b_stage3_candidates.csv,stage3_residual_t65_a50|selection,regression_v2,development,development_only,development,1ea1b97cee247483f25f780b390871a7bafe24fca5005b086b6b38a1574d0dad,0.65,,,,,,,,,,6982,63018,194.962396303872,47.67072643620193,-130.20065837986962,5.711696235316892,0.7780005729017474,0.47613380304040115,,,,,,,,,,,,,,,,,,,,,,0.5,,,,,,,,,,,,,,,,,,,,,,,,,,,,Stage 3,,,False,,,reported loan_amount_000s among favorable actions 1/2/8,MAE/RMSE/absolute error kUSD; R2/RMSLE dimensionless; rates as named; percentage fields percent
stage3_residual_t65_a50,,,audit,,30000,61.84838773382153,118.87567295063084,0.7073272502724863,0.3905770828266202,36.43323472679833,133.7315300864242,-8.099006397945256,9,0.0003,47.79479209816661,188.28391874583332,263.355369287588,-127.32961915883845,-195.67490998510507,0.7767410863045652,0.8039867109634552,101.17341376986705,3001,1505,3009,,regresionpart2/regression_v2/outputs/reports/prompt4b_stage3_candidates.csv,stage3_residual_t65_a50|audit,regression_v2,development,development_only,development,1ea1b97cee247483f25f780b390871a7bafe24fca5005b086b6b38a1574d0dad,0.65,,,,,,,,,,2992,27008,188.53648910049253,47.813627689054066,-127.4224729902587,5.119884747056291,0.776403743315508,0.4741187796208531,,,,,,,,,,,,,,,,,,,,,,0.5,,,,,,,,,,,,,,,,,,,,,,,,,,,,Stage 3,,,False,,,reported loan_amount_000s among favorable actions 1/2/8,MAE/RMSE/absolute error kUSD; R2/RMSLE dimensionless; rates as named; percentage fields percent
stage3_residual_t65_a50,,,complete_validation,,100000,62.20792921564854,123.55324836624919,0.7042463108713503,0.390738829858074,36.795317423206356,132.74018445118372,-7.920915153894075,26,0.00026,47.694407052301855,192.64119785772166,272.5250709050315,-129.0885829156827,-200.441181720235,0.7773893937880755,0.8006776958341638,100.27711998657792,10013,5017,10038,,regresionpart2/regression_v2/outputs/reports/prompt4b_stage3_candidates.csv,stage3_residual_t65_a50|complete_validation,regression_v2,development,development_only,development,1ea1b97cee247483f25f780b390871a7bafe24fca5005b086b6b38a1574d0dad,0.65,,,,,,,,,,9974,90026,193.03475299602042,47.7135971295242,-129.3672584715364,5.53415147408189,0.7775215560457188,0.4755292915380001,,,,,,,,,,,,,,,,,,,,,,0.5,,,,,,,,,,,,,,,,,,,,,,,,,,,,Stage 3,,,False,,,reported loan_amount_000s among favorable actions 1/2/8,MAE/RMSE/absolute error kUSD; R2/RMSLE dimensionless; rates as named; percentage fields percent
stage3_residual_t65_a75,,,selection,,70000,62.31966088719183,124.71725151389577,0.7067564166172544,0.390818263617408,36.88266677608364,132.1134338634777,-7.283906777832534,17,0.00024285714285714286,47.71082028694991,193.5492176082469,273.65103835111347,-124.77818804833224,-193.75038775799385,0.769965772960639,0.7887845146598349,100.68057963054545,7012,3513,7040,,regresionpart2/regression_v2/outputs/reports/prompt4b_stage3_candidates.csv,stage3_residual_t65_a75|selection,regression_v2,development,development_only,development,1ea1b97cee247483f25f780b390871a7bafe24fca5005b086b6b38a1574d0dad,0.65,,,,,,,,,,6982,63018,193.99926396210884,47.73038498714627,-125.11791573334222,5.7713639468392826,0.770266399312518,0.47613380304040115,,,,,,,,,,,,,,,,,,,,,,0.75,,,,,,,,,,,,,,,,,,,,,,,,,,,,Stage 3,,,False,,,reported loan_amount_000s among favorable actions 1/2/8,MAE/RMSE/absolute error kUSD; R2/RMSLE dimensionless; rates as named; percentage fields percent
stage3_residual_t65_a75,,,audit,,30000,61.81290159005363,118.30108469747681,0.7101496932834563,0.390579957553422,36.41197222627666,133.79433193134835,-7.567998091223631,9,0.0003,47.85182866811942,187.41603648485602,260.61221132552834,-122.53444460052684,-187.62628170759024,0.7684105298233922,0.7900332225913621,101.93428889941511,3001,1505,3009,,regresionpart2/regression_v2/outputs/reports/prompt4b_stage3_candidates.csv,stage3_residual_t65_a75|audit,regression_v2,development,development_only,development,1ea1b97cee247483f25f780b390871a7bafe24fca5005b086b6b38a1574d0dad,0.65,,,,,,,,,,2992,27008,187.6659962311099,47.87064525244846,-122.6128744443051,5.176902310450679,0.768048128342246,0.4741187796208531,,,,,,,,,,,,,,,,,,,,,,0.75,,,,,,,,,,,,,,,,,,,,,,,,,,,,Stage 3,,,False,,,reported loan_amount_000s among favorable actions 1/2/8,MAE/RMSE/absolute error kUSD; R2/RMSLE dimensionless; rates as named; percentage fields percent
stage3_residual_t65_a75,,,complete_validation,,100000,62.167633098050366,122.82759856728501,0.707710135194912,0.39074678705854765,36.76273440999646,132.74018445118372,-7.369134171849861,26,0.00026,47.753127345560536,191.71103958454808,269.70180584610216,-124.10571485479743,-191.98744371482442,0.7694996504544093,0.7891170021925453,100.97865323433608,10013,5017,10038,,regresionpart2/regression_v2/outputs/reports/prompt4b_stage3_candidates.csv,stage3_residual_t65_a75|complete_validation,regression_v2,development,development_only,development,1ea1b97cee247483f25f780b390871a7bafe24fca5005b086b6b38a1574d0dad,0.65,,,,,,,,,,9974,90026,192.09941063835217,47.7724633783364,-124.36645357805855,5.5930241352783625,0.7696009625025065,0.4755292915380001,,,,,,,,,,,,,,,,,,,,,,0.75,,,,,,,,,,,,,,,,,,,,,,,,,,,,Stage 3,,,False,,,reported loan_amount_000s among favorable actions 1/2/8,MAE/RMSE/absolute error kUSD; R2/RMSLE dimensionless; rates as named; percentage fields percent
stage3_residual_t75_a25,,,selection,,70000,62.44681748837388,126.53421774925366,0.6981498304331617,0.3908441230554653,36.922225478165046,132.1134338634777,-8.53901244605063,17,0.00024285714285714286,47.56384082862885,196.1389073121077,280.8038228644877,-135.98721868304673,-212.52452489816324,0.7896463205932687,0.8138343296327925,99.17744738513153,7012,3513,7040,,regresionpart2/regression_v2/outputs/reports/prompt4b_stage3_candidates.csv,stage3_residual_t75_a25|selection,regression_v2,development,development_only,development,1ea1b97cee247483f25f780b390871a7bafe24fca5005b086b6b38a1574d0dad,0.75,,,,,,,,,,6982,63018,196.60538266136464,47.58288810251872,-136.36980720511048,5.623839580477597,0.7900315095961042,0.47613380304040115,,,,,,,,,,,,,,,,,,,,,,0.25,,,,,,,,,,,,,,,,,,,,,,,,,,,,Stage 3,,,False,,,reported loan_amount_000s among favorable actions 1/2/8,MAE/RMSE/absolute error kUSD; R2/RMSLE dimensionless; rates as named; percentage fields percent
stage3_residual_t75_a25,,,audit,,30000,61.917872406663406,119.65896251257112,0.7034576144209059,0.39061867582210674,36.46100201369799,133.69729644921384,-8.761411586864162,9,0.0003,47.709847363215985,189.74275349564596,267.4267463064427,-133.18724420670094,-205.20286014185325,0.7860713095634788,0.8132890365448505,100.22581667009258,3001,1505,3009,,regresionpart2/regression_v2/outputs/reports/prompt4b_stage3_candidates.csv,stage3_residual_t75_a25|audit,regression_v2,development,development_only,development,1ea1b97cee247483f25f780b390871a7bafe24fca5005b086b6b38a1574d0dad,0.75,,,,,,,,,,2992,27008,189.99971205643763,47.72871126062798,-133.29771789956195,5.034968318630203,0.7857620320855615,0.4741187796208531,,,,,,,,,,,,,,,,,,,,,,0.25,,,,,,,,,,,,,,,,,,,,,,,,,,,,Stage 3,,,False,,,reported loan_amount_000s among favorable actions 1/2/8,MAE/RMSE/absolute error kUSD; R2/RMSLE dimensionless; rates as named; percentage fields percent
stage3_residual_t75_a25,,,complete_validation,,100000,62.28813396386074,124.51150941124418,0.6996408750222576,0.39077650254231233,36.81654371735978,132.78049581581905,-8.60573218829469,26,0.00026,47.607647494339645,194.22191364355663,276.7635837494611,-135.14803727852126,-210.39776508232637,0.7885748526915011,0.8140322902132748,99.4125838902421,10013,5017,10038,,regresionpart2/regression_v2/outputs/reports/prompt4b_stage3_candidates.csv,stage3_residual_t75_a25|complete_validation,regression_v2,development,development_only,development,1ea1b97cee247483f25f780b390871a7bafe24fca5005b086b6b38a1574d0dad,0.75,,,,,,,,,,9974,90026,194.62381393768894,47.62663537390937,-135.44824201539708,5.447176893698507,0.7887507519550833,0.4755292915380001,,,,,,,,,,,,,,,,,,,,,,0.25,,,,,,,,,,,,,,,,,,,,,,,,,,,,Stage 3,,,False,,,reported loan_amount_000s among favorable actions 1/2/8,MAE/RMSE/absolute error kUSD; R2/RMSLE dimensionless; rates as named; percentage fields percent
stage3_residual_t75_a50,,,selection,,70000,62.391485579915454,125.66845153184434,0.7022663081537961,0.390821048053884,36.91094759160278,132.08221747162074,-8.112067442721338,17,0.00024285714285714286,47.59518736941781,195.3049527337695,278.4699737172307,-132.00665759892885,-205.40425093353792,0.7840844266970907,0.8052946199829206,99.60996823039696,7012,3513,7040,,regresionpart2/regression_v2/outputs/reports/prompt4b_stage3_candidates.csv,stage3_residual_t75_a50|selection,regression_v2,development,development_only,development,1ea1b97cee247483f25f780b390871a7bafe24fca5005b086b6b38a1574d0dad,0.75,,,,,,,,,,6982,63018,195.76651663345498,47.614366870724204,-132.37347073729651,5.6553183486830845,0.7844457175594386,0.47613380304040115,,,,,,,,,,,,,,,,,,,,,,0.5,,,,,,,,,,,,,,,,,,,,,,,,,,,,Stage 3,,,False,,,reported loan_amount_000s among favorable actions 1/2/8,MAE/RMSE/absolute error kUSD; R2/RMSLE dimensionless; rates as named; percentage fields percent
stage3_residual_t75_a50,,,audit,,30000,61.86788029985871,119.0411305513961,0.706511967717234,0.3905850382105869,36.42140994025607,133.75719103097708,-8.361800162339813,9,0.0003,47.73897576817097,188.98094043016098,265.1685022494521,-129.45452013794022,-198.6335537435718,0.7827390869710097,0.8079734219269104,100.73816839705295,3001,1505,3009,,regresionpart2/regression_v2/outputs/reports/prompt4b_stage3_candidates.csv,stage3_residual_t75_a50|audit,regression_v2,development,development_only,development,1ea1b97cee247483f25f780b390871a7bafe24fca5005b086b6b38a1574d0dad,0.75,,,,,,,,,,2992,27008,189.23560744095616,47.757829958990676,-129.553765716958,5.064087016992891,0.7824197860962567,0.4741187796208531,,,,,,,,,,,,,,,,,,,,,,0.5,,,,,,,,,,,,,,,,,,,,,,,,,,,,Stage 3,,,False,,,reported loan_amount_000s among favorable actions 1/2/8,MAE/RMSE/absolute error kUSD; R2/RMSLE dimensionless; rates as named; percentage fields percent
stage3_residual_t75_a50,,,complete_validation,,100000,62.23440399589841,123.71753726200023,0.7034592599099248,0.3907502600684293,36.790169895446226,132.7201403051556,-8.186987258606882,26,0.00026,47.63832852289484,193.40958062519772,274.44736461269446,-131.24175551958928,-203.44687243359658,0.7836812144212524,0.8064580426549731,99.86909679478885,10013,5017,10038,,regresionpart2/regression_v2/outputs/reports/prompt4b_stage3_candidates.csv,stage3_residual_t75_a50|complete_validation,regression_v2,development,development_only,development,1ea1b97cee247483f25f780b390871a7bafe24fca5005b086b6b38a1574d0dad,0.75,,,,,,,,,,9974,90026,193.80737483438176,47.65740611591893,-131.52761577230225,5.477947635708068,0.7838379787447363,0.4755292915380001,,,,,,,,,,,,,,,,,,,,,,0.5,,,,,,,,,,,,,,,,,,,,,,,,,,,,Stage 3,,,False,,,reported loan_amount_000s among favorable actions 1/2/8,MAE/RMSE/absolute error kUSD; R2/RMSLE dimensionless; rates as named; percentage fields percent
stage3_residual_t75_a75,,,selection,,70000,62.352822902563055,124.92751632600327,0.7057668055972524,0.3908203596930861,36.89286061324269,132.03320240929773,-7.685122439392046,17,0.00024285714285714286,47.62653391020678,194.63740519727742,276.4430643084679,-128.02609651481092,-198.28397696891264,0.7778094694808899,0.7944776544264162,100.05506959783492,7012,3513,7040,,regresionpart2/regression_v2/outputs/reports/prompt4b_stage3_candidates.csv,stage3_residual_t75_a75|selection,regression_v2,development,development_only,development,1ea1b97cee247483f25f780b390871a7bafe24fca5005b086b6b38a1574d0dad,0.75,,,,,,,,,,6982,63018,195.09477265902933,47.64584563892969,-128.37713426948255,5.686797116888573,0.7781437983385849,0.47613380304040115,,,,,,,,,,,,,,,,,,,,,,0.75,,,,,,,,,,,,,,,,,,,,,,,,,,,,Stage 3,,,False,,,reported loan_amount_000s among favorable actions 1/2/8,MAE/RMSE/absolute error kUSD; R2/RMSLE dimensionless; rates as named; percentage fields percent
stage3_residual_t75_a75,,,audit,,30000,61.83226782228434,118.51375661845987,0.7091066186565147,0.3905735931149931,36.44259238118234,133.80976935120484,-7.962188737815464,9,0.0003,47.76810417312595,188.36287574085395,263.17237378377126,-125.72179606917946,-192.0642473452903,0.7760746417860713,0.7980066445182724,101.26278496681459,3001,1505,3009,,regresionpart2/regression_v2/outputs/reports/prompt4b_stage3_candidates.csv,stage3_residual_t75_a75|audit,regression_v2,development,development_only,development,1ea1b97cee247483f25f780b390871a7bafe24fca5005b086b6b38a1574d0dad,0.75,,,,,,,,,,2992,27008,188.6156835998431,47.78694865735337,-125.80981353435408,5.0932057153555785,0.7757352941176471,0.4741187796208531,,,,,,,,,,,,,,,,,,,,,,0.75,,,,,,,,,,,,,,,,,,,,,,,,,,,,Stage 3,,,False,,,reported loan_amount_000s among favorable actions 1/2/8,MAE/RMSE/absolute error kUSD; R2/RMSLE dimensionless; rates as named; percentage fields percent
stage3_residual_t75_a75,,,complete_validation,,100000,62.19665637847944,123.03849880063773,0.7067055250892867,0.3907463460828138,36.7821357937286,132.7049753414116,-7.768242328919071,26,0.00026,47.66900955145002,192.75686361146626,272.4247000436479,-127.33547376065734,-196.49597978486676,0.7772895236192949,0.7958939605341838,100.33860116179322,10013,5017,10038,,regresionpart2/regression_v2/outputs/reports/prompt4b_stage3_candidates.csv,stage3_residual_t75_a75|complete_validation,regression_v2,development,development_only,development,1ea1b97cee247483f25f780b390871a7bafe24fca5005b086b6b38a1574d0dad,0.75,,,,,,,,,,9974,90026,193.1511758608455,47.688176857928504,-127.60698952920742,5.508718377717632,0.7774212953679567,0.4755292915380001,,,,,,,,,,,,,,,,,,,,,,0.75,,,,,,,,,,,,,,,,,,,,,,,,,,,,Stage 3,,,False,,,reported loan_amount_000s among favorable actions 1/2/8,MAE/RMSE/absolute error kUSD; R2/RMSLE dimensionless; rates as named; percentage fields percent
stage3_residual_t85_a25,,,selection,,70000,62.467911809401095,126.66980036151112,0.6975026132403579,0.39085995121680767,36.921658002118264,132.07915447817388,-8.674270762247767,17,0.00024285714285714286,47.546757534364254,196.5029468173903,281.8208991240527,-137.18402980607326,-214.45717349321706,0.7923559612093554,0.8166808995160831,98.97249943404638,7012,3513,7040,,regresionpart2/regression_v2/outputs/reports/prompt4b_stage3_candidates.csv,stage3_residual_t85_a25|selection,regression_v2,development,development_only,development,1ea1b97cee247483f25f780b390871a7bafe24fca5005b086b6b38a1574d0dad,0.85,,,,,,,,,,6982,63018,196.97179025042092,47.56572387460151,-137.5709568497556,5.606675352560376,0.7927527928960183,0.47613380304040115,,,,,,,,,,,,,,,,,,,,,,0.25,,,,,,,,,,,,,,,,,,,,,,,,,,,,Stage 3,,,False,,,reported loan_amount_000s among favorable actions 1/2/8,MAE/RMSE/absolute error kUSD; R2/RMSLE dimensionless; rates as named; percentage fields percent
stage3_residual_t85_a25,,,audit,,30000,61.93156368475927,119.82315197308193,0.7026432577264707,0.3906387767523847,36.46358267717213,133.8141727698562,-8.903216961120284,9,0.0003,47.69067635631487,190.0520958342662,268.39641987141323,-134.43235024214252,-207.2092290704748,0.7870709763412196,0.8146179401993355,99.9553210544154,3001,1505,3009,,regresionpart2/regression_v2/outputs/reports/prompt4b_stage3_candidates.csv,stage3_residual_t85_a25|audit,regression_v2,development,development_only,development,1ea1b97cee247483f25f780b390871a7bafe24fca5005b086b6b38a1574d0dad,0.85,,,,,,,,,,2992,27008,190.30998490342938,47.70954664216963,-134.54656924059142,5.015803700171839,0.7867647058823529,0.4741187796208531,,,,,,,,,,,,,,,,,,,,,,0.25,,,,,,,,,,,,,,,,,,,,,,,,,,,,Stage 3,,,False,,,reported loan_amount_000s among favorable actions 1/2/8,MAE/RMSE/absolute error kUSD; R2/RMSLE dimensionless; rates as named; percentage fields percent
stage3_residual_t85_a25,,,complete_validation,,100000,62.30700737200854,124.65529732493059,0.6989467552697876,0.3907936120210046,36.81846493087376,132.7450052627208,-8.742954621909522,26,0.00026,47.589937819003644,194.5695598404248,277.7686977520445,-136.35932288793123,-212.35137328219224,0.7907719964046739,0.8164241578632649,99.18838829977075,10013,5017,10038,,regresionpart2/regression_v2/outputs/reports/prompt4b_stage3_candidates.csv,stage3_residual_t85_a25|complete_validation,regression_v2,development,development_only,development,1ea1b97cee247483f25f780b390871a7bafe24fca5005b086b6b38a1574d0dad,0.85,,,,,,,,,,9974,90026,194.97338222974733,47.60887102438578,-136.66370121243665,5.429412544174914,0.7909564868658512,0.4755292915380001,,,,,,,,,,,,,,,,,,,,,,0.25,,,,,,,,,,,,,,,,,,,,,,,,,,,,Stage 3,,,False,,,reported loan_amount_000s among favorable actions 1/2/8,MAE/RMSE/absolute error kUSD; R2/RMSLE dimensionless; rates as named; percentage fields percent
stage3_residual_t85_a50,,,selection,,70000,62.42819189533775,125.9085189968109,0.7011276859603934,0.39084261258656183,36.918896757000084,132.1093988836073,-8.382584075115615,17,0.00024285714285714286,47.56102078088863,195.97830229991854,280.4135556383708,-134.40027984498184,-209.26954812364562,0.7890758699372504,0.8104184457728437,99.19075580073986,7012,3513,7040,,regresionpart2/regression_v2/outputs/reports/prompt4b_stage3_candidates.csv,stage3_residual_t85_a50|selection,regression_v2,development,development_only,development,1ea1b97cee247483f25f780b390871a7bafe24fca5005b086b6b38a1574d0dad,0.85,,,,,,,,,,6982,63018,196.44436720769397,47.58003841488976,-134.77577002658674,5.620989892848644,0.789458607848754,0.47613380304040115,,,,,,,,,,,,,,,,,,,,,,0.5,,,,,,,,,,,,,,,,,,,,,,,,,,,,Stage 3,,,False,,,reported loan_amount_000s among favorable actions 1/2/8,MAE/RMSE/absolute error kUSD; R2/RMSLE dimensionless; rates as named; percentage fields percent
stage3_residual_t85_a50,,,audit,,30000,61.89187539778626,119.34215030673151,0.7050258024681533,0.3906138747650897,36.450139473222286,133.69729644921384,-8.64541091085206,9,0.0003,47.700633754368724,189.56576181252478,267.04630291063995,-131.94473220882338,-202.64629160081495,0.7867377540819727,0.813953488372093,100.19418736428582,3001,1505,3009,,regresionpart2/regression_v2/outputs/reports/prompt4b_stage3_candidates.csv,stage3_residual_t85_a50|audit,regression_v2,development,development_only,development,1ea1b97cee247483f25f780b390871a7bafe24fca5005b086b6b38a1574d0dad,0.85,,,,,,,,,,2992,27008,189.8221879785477,47.71950072207394,-132.051468399017,5.025757780076162,0.7864304812834224,0.4741187796208531,,,,,,,,,,,,,,,,,,,,,,0.5,,,,,,,,,,,,,,,,,,,,,,,,,,,,Stage 3,,,False,,,reported loan_amount_000s among favorable actions 1/2/8,MAE/RMSE/absolute error kUSD; R2/RMSLE dimensionless; rates as named; percentage fields percent
stage3_residual_t85_a50,,,complete_validation,,100000,62.2672969460723,123.97513162376376,0.7022231094347022,0.39077400529864015,36.81552539743974,132.7450052627208,-8.461432125836549,26,0.00026,47.602909172222816,194.0563973760527,276.37571062738635,-133.66432673840922,-207.3540888333283,0.7883751123539399,0.8118397448674507,99.4132753821308,10013,5017,10038,,regresionpart2/regression_v2/outputs/reports/prompt4b_stage3_candidates.csv,stage3_residual_t85_a50|complete_validation,regression_v2,development,development_only,development,1ea1b97cee247483f25f780b390871a7bafe24fca5005b086b6b38a1574d0dad,0.85,,,,,,,,,,9974,90026,194.45784622778564,47.62187741687174,-133.95853416638133,5.442418936660885,0.7885502305995589,0.4755292915380001,,,,,,,,,,,,,,,,,,,,,,0.5,,,,,,,,,,,,,,,,,,,,,,,,,,,,Stage 3,,,False,,,reported loan_amount_000s among favorable actions 1/2/8,MAE/RMSE/absolute error kUSD; R2/RMSLE dimensionless; rates as named; percentage fields percent
stage3_residual_t85_a75,,,selection,,70000,62.39642755414841,125.24009136626941,0.7042925905954556,0.39083837567880586,36.91645388389255,131.97076070319798,-8.090897387983457,17,0.00024285714285714286,47.57528402741302,195.53307736333377,279.16400360038676,-131.61652988389045,-204.08192275407413,0.7865088419851682,0.8050099629945915,99.40937704604364,7012,3513,7040,,regresionpart2/regression_v2/outputs/reports/prompt4b_stage3_candidates.csv,stage3_residual_t85_a75|selection,regression_v2,development,development_only,development,1ea1b97cee247483f25f780b390871a7bafe24fca5005b086b6b38a1574d0dad,0.85,,,,,,,,,,6982,63018,195.99670499297892,47.594352955178024,-131.9805832034179,5.63530443313691,0.7868805499856775,0.47613380304040115,,,,,,,,,,,,,,,,,,,,,,0.75,,,,,,,,,,,,,,,,,,,,,,,,,,,,Stage 3,,,False,,,reported loan_amount_000s among favorable actions 1/2/8,MAE/RMSE/absolute error kUSD; R2/RMSLE dimensionless; rates as named; percentage fields percent
stage3_residual_t85_a75,,,audit,,30000,61.857288701608375,118.92360329607108,0.707091192992578,0.39060065113654385,36.424650454102874,133.79433193134835,-8.387604860583837,9,0.0003,47.710591152422566,189.13042669909842,265.7978787896363,-129.45711417550424,-198.08335413115503,0.7840719760079974,0.8086378737541529,100.43305367415621,3001,1505,3009,,regresionpart2/regression_v2/outputs/reports/prompt4b_stage3_candidates.csv,stage3_residual_t85_a75|audit,regression_v2,development,development_only,development,1ea1b97cee247483f25f780b390871a7bafe24fca5005b086b6b38a1574d0dad,0.85,,,,,,,,,,2992,27008,189.3855433677882,47.72945480197827,-129.55636755744254,5.035711859980487,0.7837566844919787,0.4741187796208531,,,,,,,,,,,,,,,,,,,,,,0.75,,,,,,,,,,,,,,,,,,,,,,,,,,,,Stage 3,,,False,,,reported loan_amount_000s among favorable actions 1/2/8,MAE/RMSE/absolute error kUSD; R2/RMSLE dimensionless; rates as named; percentage fields percent
stage3_residual_t85_a75,,,complete_validation,,100000,62.23468589838641,123.379104252213,0.7050794329210288,0.3907670735012877,36.795317423206356,132.6305534514652,-8.179909629763573,26,0.00026,47.61588052544198,193.61413652209035,275.1237179375729,-130.96933058888726,-202.3568043844644,0.7857784879656446,0.8064580426549731,99.63841836660454,10013,5017,10038,,regresionpart2/regression_v2/outputs/reports/prompt4b_stage3_candidates.csv,stage3_residual_t85_a75|complete_validation,regression_v2,development,development_only,development,1ea1b97cee247483f25f780b390871a7bafe24fca5005b086b6b38a1574d0dad,0.85,,,,,,,,,,9974,90026,194.01348907333076,47.63488380935773,-131.25336712032603,5.455425329146855,0.7859434529777422,0.4755292915380001,,,,,,,,,,,,,,,,,,,,,,0.75,,,,,,,,,,,,,,,,,,,,,,,,,,,,Stage 3,,,False,,,reported loan_amount_000s among favorable actions 1/2/8,MAE/RMSE/absolute error kUSD; R2/RMSLE dimensionless; rates as named; percentage fields percent
stage3_residual_t75_a75_cap25,,,selection,,70000,62.383142899737464,126.14545620358483,0.700001779605214,0.3908293625842286,36.89403205559687,132.02183302523423,-7.860843467177292,17,0.00024285714285714286,47.61782951426037,195.01827688781972,277.285433281556,-129.70210898672968,-201.5471792304323,0.7783799201369082,0.7956162823797325,100.01407955403154,7012,3513,7040,,regresionpart2/regression_v2/outputs/reports/prompt4b_stage3_candidates.csv,stage3_residual_t75_a75_cap25|selection,regression_v2,development,development_only,development,1ea1b97cee247483f25f780b390871a7bafe24fca5005b086b6b38a1574d0dad,0.75,,,,,,,,,,6982,63018,195.47728086499927,47.63714538674979,-130.06034816995438,5.678096864708672,0.7787167000859353,0.47613380304040115,,,,,,,,,,,,,,,,,,,,,,0.75,,,,,,,,,,,,,,,,,,,,,,,,,,,,Stage 3,,109.5,True,stage3_residual_t75_a75,,reported loan_amount_000s among favorable actions 1/2/8,MAE/RMSE/absolute error kUSD; R2/RMSLE dimensionless; rates as named; percentage fields percent
stage3_residual_t75_a75_cap25,,,audit,,30000,61.86527359830978,119.27492133647824,0.7053580442764072,0.390599891252379,36.44965566947327,133.82829703763275,-8.049056293169826,9,0.0003,47.76810417312595,188.69282351851564,263.85780118180793,-126.59018216069258,-193.76832156944224,0.7760746417860713,0.7980066445182724,101.24902792019368,3001,1505,3009,,regresionpart2/regression_v2/outputs/reports/prompt4b_stage3_candidates.csv,stage3_residual_t75_a75_cap25|audit,regression_v2,development,development_only,development,1ea1b97cee247483f25f780b390871a7bafe24fca5005b086b6b38a1574d0dad,0.75,,,,,,,,,,2992,27008,188.94662386747774,47.78694865735337,-126.68081174980556,5.0932057153555785,0.7757352941176471,0.4741187796208531,,,,,,,,,,,,,,,,,,,,,,0.75,,,,,,,,,,,,,,,,,,,,,,,,,,,,Stage 3,,109.5,True,stage3_residual_t75_a75,,reported loan_amount_000s among favorable actions 1/2/8,MAE/RMSE/absolute error kUSD; R2/RMSLE dimensionless; rates as named; percentage fields percent
stage3_residual_t75_a75_cap25,,,complete_validation,,100000,62.22778210930915,124.12423350222268,0.7015064206598054,0.3907605353339909,36.784537329361115,132.72103765156257,-7.917307314975053,26,0.00026,47.66291675480302,193.12247287690576,273.22015757534075,-128.7694322260249,-199.2921251410691,0.7776890042944172,0.7966912497508472,100.30572958760933,10013,5017,10038,,regresionpart2/regression_v2/outputs/reports/prompt4b_stage3_candidates.csv,stage3_residual_t75_a75_cap25|complete_validation,regression_v2,development,development_only,development,1ea1b97cee247483f25f780b390871a7bafe24fca5005b086b6b38a1574d0dad,0.75,,,,,,,,,,9974,90026,193.51821471936216,47.68208670073088,-129.04655501083215,5.5026282205200125,0.7778223380790054,0.4755292915380001,,,,,,,,,,,,,,,,,,,,,,0.75,,,,,,,,,,,,,,,,,,,,,,,,,,,,Stage 3,,109.5,True,stage3_residual_t75_a75,,reported loan_amount_000s among favorable actions 1/2/8,MAE/RMSE/absolute error kUSD; R2/RMSLE dimensionless; rates as named; percentage fields percent
stage3_residual_t75_a75_cap50,,,selection,,70000,62.36867960608216,125.59731186435548,0.7026033009390896,0.3908209935590049,36.8952755791919,132.03320240929773,-7.7601472875350055,17,0.00024285714285714286,47.62138367999157,194.84196480183152,276.86174194390946,-128.72879712365454,-199.67620414882694,0.7778094694808899,0.7944776544264162,100.04989309411724,7012,3513,7040,,regresionpart2/regression_v2/outputs/reports/prompt4b_stage3_candidates.csv,stage3_residual_t75_a75_cap50|selection,regression_v2,development,development_only,development,1ea1b97cee247483f25f780b390871a7bafe24fca5005b086b6b38a1574d0dad,0.75,,,,,,,,,,6982,63018,195.3002112077451,47.64069786050455,-129.0828542163762,5.681649338463429,0.7781437983385849,0.47613380304040115,,,,,,,,,,,,,,,,,,,,,,0.75,,,,,,,,,,,,,,,,,,,,,,,,,,,,Stage 3,,219.0,True,stage3_residual_t75_a75,,reported loan_amount_000s among favorable actions 1/2/8,MAE/RMSE/absolute error kUSD; R2/RMSLE dimensionless; rates as named; percentage fields percent
stage3_residual_t75_a75_cap50,,,audit,,30000,61.849138599149036,118.97237079378394,0.7068509150659493,0.39058816968280374,36.44259238118234,133.80976935120484,-7.997296051035422,9,0.0003,47.76810417312595,188.53152729231712,263.5086683392138,-126.07275221599674,-192.76406089784763,0.7760746417860713,0.7980066445182724,101.26278496681459,3001,1505,3009,,regresionpart2/regression_v2/outputs/reports/prompt4b_stage3_candidates.csv,stage3_residual_t75_a75_cap50|audit,regression_v2,development,development_only,development,1ea1b97cee247483f25f780b390871a7bafe24fca5005b086b6b38a1574d0dad,0.75,,,,,,,,,,2992,27008,188.78484245878056,47.78694865735337,-126.16182536476809,5.0932057153555785,0.7757352941176471,0.4741187796208531,,,,,,,,,,,,,,,,,,,,,,0.75,,,,,,,,,,,,,,,,,,,,,,,,,,,,Stage 3,,219.0,True,stage3_residual_t75_a75,,reported loan_amount_000s among favorable actions 1/2/8,MAE/RMSE/absolute error kUSD; R2/RMSLE dimensionless; rates as named; percentage fields percent
stage3_residual_t75_a75_cap50,,,complete_validation,,100000,62.21281730400222,123.64710601940752,0.7037967995706609,0.39075116096227047,36.784537329361115,132.7049753414116,-7.831291916585129,26,0.00026,47.665404556275206,192.95066119990875,272.8187478489592,-127.93275290435155,-197.68077417985137,0.7772895236192949,0.7958939605341838,100.33497069893484,10013,5017,10038,,regresionpart2/regression_v2/outputs/reports/prompt4b_stage3_candidates.csv,stage3_residual_t75_a75_cap50|complete_validation,regression_v2,development,development_only,development,1ea1b97cee247483f25f780b390871a7bafe24fca5005b086b6b38a1574d0dad,0.75,,,,,,,,,,9974,90026,193.34573123011305,47.684573424467104,-128.20660413376024,5.505114944256235,0.7774212953679567,0.4755292915380001,,,,,,,,,,,,,,,,,,,,,,0.75,,,,,,,,,,,,,,,,,,,,,,,,,,,,Stage 3,,219.0,True,stage3_residual_t75_a75,,reported loan_amount_000s among favorable actions 1/2/8,MAE/RMSE/absolute error kUSD; R2/RMSLE dimensionless; rates as named; percentage fields percent
stage3_residual_t75_a75_cap75,,,selection,,70000,62.36066741349814,125.30232650043732,0.7039986278130093,0.39081938917437037,36.89403205559687,132.04128872724345,-7.721634900235599,17,0.00024285714285714286,47.62376346656077,194.74060264020824,276.64904793210326,-128.365709685757,-198.96184988513062,0.7778094694808899,0.7944776544264162,100.05506959783492,7012,3513,7040,,regresionpart2/regression_v2/outputs/reports/prompt4b_stage3_candidates.csv,stage3_residual_t75_a75_cap75|selection,regression_v2,development,development_only,development,1ea1b97cee247483f25f780b390871a7bafe24fca5005b086b6b38a1574d0dad,0.75,,,,,,,,,,6982,63018,195.19841351692548,47.643076514165735,-128.71820667777155,5.684027992124615,0.7781437983385849,0.47613380304040115,,,,,,,,,,,,,,,,,,,,,,0.75,,,,,,,,,,,,,,,,,,,,,,,,,,,,Stage 3,,328.5,True,stage3_residual_t75_a75,,reported loan_amount_000s among favorable actions 1/2/8,MAE/RMSE/absolute error kUSD; R2/RMSLE dimensionless; rates as named; percentage fields percent
stage3_residual_t75_a75_cap75,,,audit,,30000,61.84131068223577,118.73397226283726,0.7080245706153512,0.3905787730411864,36.44259238118234,133.80976935120484,-7.974868134122161,9,0.0003,47.76810417312595,188.45327420754612,263.3526301283182,-125.84854778167559,-192.3169927866198,0.7760746417860713,0.7980066445182724,101.26278496681459,3001,1505,3009,,regresionpart2/regression_v2/outputs/reports/prompt4b_stage3_candidates.csv,stage3_residual_t75_a75_cap75|audit,regression_v2,development,development_only,development,1ea1b97cee247483f25f780b390871a7bafe24fca5005b086b6b38a1574d0dad,0.75,,,,,,,,,,2992,27008,188.70635398705673,47.78694865735337,-125.93694651871266,5.0932057153555785,0.7757352941176471,0.4741187796208531,,,,,,,,,,,,,,,,,,,,,,0.75,,,,,,,,,,,,,,,,,,,,,,,,,,,,Stage 3,,328.5,True,stage3_residual_t75_a75,,reported loan_amount_000s among favorable actions 1/2/8,MAE/RMSE/absolute error kUSD; R2/RMSLE dimensionless; rates as named; percentage fields percent
stage3_residual_t75_a75_cap75,,,complete_validation,,100000,62.20486039411944,123.36854529939632,0.7051299101735408,0.3907472198920258,36.78363061588469,132.7049753414116,-7.797604870401567,26,0.00026,47.66707033018056,192.85622506840966,272.62300705348923,-127.61129014374677,-197.0464580475486,0.7772895236192949,0.7958939605341838,100.33860116179322,10013,5017,10038,,regresionpart2/regression_v2/outputs/reports/prompt4b_stage3_candidates.csv,stage3_residual_t75_a75_cap75|complete_validation,regression_v2,development,development_only,development,1ea1b97cee247483f25f780b390871a7bafe24fca5005b086b6b38a1574d0dad,0.75,,,,,,,,,,9974,90026,193.2509258376225,47.68623847674556,-127.8838844002596,5.5067799965346955,0.7774212953679567,0.4755292915380001,,,,,,,,,,,,,,,,,,,,,,0.75,,,,,,,,,,,,,,,,,,,,,,,,,,,,Stage 3,,328.5,True,stage3_residual_t75_a75,,reported loan_amount_000s among favorable actions 1/2/8,MAE/RMSE/absolute error kUSD; R2/RMSLE dimensionless; rates as named; percentage fields percent
stage3_residual_t75_a50_cap25,,,selection,,70000,62.4078682744573,126.32976796062862,0.6991244813598205,0.39082712529725305,36.91003679194583,132.08221747162074,-8.186550949399038,17,0.00024285714285714286,47.59059493169638,195.50975266034214,278.9023497559567,-132.70896464402892,-206.7824738374163,0.7843696520250998,0.8058639339595787,99.59819551180077,7012,3513,7040,,regresionpart2/regression_v2/outputs/reports/prompt4b_stage3_candidates.csv,stage3_residual_t75_a50_cap25|selection,regression_v2,development,development_only,development,1ea1b97cee247483f25f780b390871a7bafe24fca5005b086b6b38a1574d0dad,0.75,,,,,,,,,,6982,63018,195.97219653679605,47.609776619253246,-133.07879542939648,5.650728097212121,0.7847321684331138,0.47613380304040115,,,,,,,,,,,,,,,,,,,,,,0.5,,,,,,,,,,,,,,,,,,,,,,,,,,,,Stage 3,,109.5,True,stage3_residual_t75_a50,,reported loan_amount_000s among favorable actions 1/2/8,MAE/RMSE/absolute error kUSD; R2/RMSLE dimensionless; rates as named; percentage fields percent
stage3_residual_t75_a50_cap25,,,audit,,30000,61.88211358097131,119.46336665691534,0.7044262849608786,0.39060068768236955,36.42140994025607,133.75719103097708,-8.396154966176914,9,0.0003,47.73897576817097,189.12322581282615,265.4522221387399,-129.79795369845772,-199.31836710909542,0.7827390869710097,0.8079734219269104,100.73816839705295,3001,1505,3009,,regresionpart2/regression_v2/outputs/reports/prompt4b_stage3_candidates.csv,stage3_residual_t75_a50_cap25|audit,regression_v2,development,development_only,development,1ea1b97cee247483f25f780b390871a7bafe24fca5005b086b6b38a1574d0dad,0.75,,,,,,,,,,2992,27008,189.3783208210959,47.757829958990676,-129.89823233297176,5.064087016992891,0.7824197860962567,0.4741187796208531,,,,,,,,,,,,,,,,,,,,,,0.5,,,,,,,,,,,,,,,,,,,,,,,,,,,,Stage 3,,109.5,True,stage3_residual_t75_a50,,reported loan_amount_000s among favorable actions 1/2/8,MAE/RMSE/absolute error kUSD; R2/RMSLE dimensionless; rates as named; percentage fields percent
stage3_residual_t75_a50_cap25,,,complete_validation,,100000,62.25014186641149,124.30967775274685,0.700613842852704,0.39075920779050405,36.78889526292974,132.7201403051556,-8.249432154432402,26,0.00026,47.63511396448976,193.59564429427846,274.83523295182596,-131.83650445750547,-204.61736100773206,0.7838809547588136,0.8068566872633047,99.86084017604834,10013,5017,10038,,regresionpart2/regression_v2/outputs/reports/prompt4b_stage3_candidates.csv,stage3_residual_t75_a50_cap25|complete_validation,regression_v2,development,development_only,development,1ea1b97cee247483f25f780b390871a7bafe24fca5005b086b6b38a1574d0dad,0.75,,,,,,,,,,9974,90026,193.99416604337569,47.65419295008687,-132.1246902775514,5.474734469876008,0.7840385001002607,0.4755292915380001,,,,,,,,,,,,,,,,,,,,,,0.5,,,,,,,,,,,,,,,,,,,,,,,,,,,,Stage 3,,109.5,True,stage3_residual_t75_a50,,reported loan_amount_000s among favorable actions 1/2/8,MAE/RMSE/absolute error kUSD; R2/RMSLE dimensionless; rates as named; percentage fields percent
stage3_residual_t75_a50_cap50,,,selection,,70000,62.39671525387216,125.9446868703771,0.7009559560614781,0.3908215077196765,36.91094759160278,132.07811192448864,-8.13640908328371,17,0.00024285714285714286,47.59334040698713,195.3737510290567,278.60729613298764,-132.23306637955955,-205.85616621101659,0.7840844266970907,0.8052946199829206,99.60996823039696,7012,3513,7040,,regresionpart2/regression_v2/outputs/reports/prompt4b_stage3_candidates.csv,stage3_residual_t75_a50_cap50|selection,regression_v2,development,development_only,development,1ea1b97cee247483f25f780b390871a7bafe24fca5005b086b6b38a1574d0dad,0.75,,,,,,,,,,6982,63018,195.8356105387191,47.612520787548235,-132.60085234282252,5.653472265507112,0.7844457175594386,0.47613380304040115,,,,,,,,,,,,,,,,,,,,,,0.5,,,,,,,,,,,,,,,,,,,,,,,,,,,,Stage 3,,219.0,True,stage3_residual_t75_a50,,reported loan_amount_000s among favorable actions 1/2/8,MAE/RMSE/absolute error kUSD; R2/RMSLE dimensionless; rates as named; percentage fields percent
stage3_residual_t75_a50_cap50,,,audit,,30000,61.873908873159664,119.19727500355917,0.7057415351316736,0.3905890347876622,36.42140994025607,133.75719103097708,-8.370253093210945,9,0.0003,47.73897576817097,189.04120607462238,265.2886731458167,-129.5390212796043,-198.8020507044581,0.7827390869710097,0.8079734219269104,100.73816839705295,3001,1505,3009,,regresionpart2/regression_v2/outputs/reports/prompt4b_stage3_candidates.csv,stage3_residual_t75_a50_cap50|audit,regression_v2,development,development_only,development,1ea1b97cee247483f25f780b390871a7bafe24fca5005b086b6b38a1574d0dad,0.75,,,,,,,,,,2992,27008,189.29605436576526,47.757829958990676,-129.63852103986372,5.064087016992891,0.7824197860962567,0.4741187796208531,,,,,,,,,,,,,,,,,,,,,,0.5,,,,,,,,,,,,,,,,,,,,,,,,,,,,Stage 3,,219.0,True,stage3_residual_t75_a50,,reported loan_amount_000s among favorable actions 1/2/8,MAE/RMSE/absolute error kUSD; R2/RMSLE dimensionless; rates as named; percentage fields percent
stage3_residual_t75_a50_cap50,,,complete_validation,,100000,62.239873339658416,123.9590336203714,0.7023004362680694,0.3907517803622961,36.790169895446226,132.71760620596228,-8.20656228626188,26,0.00026,47.637035708715196,193.4758215964933,274.579569285922,-131.4256331083156,-203.81385794205113,0.7836812144212524,0.8064580426549731,99.86909679478885,10013,5017,10038,,regresionpart2/regression_v2/outputs/reports/prompt4b_stage3_candidates.csv,stage3_residual_t75_a50_cap50|complete_validation,regression_v2,development,development_only,development,1ea1b97cee247483f25f780b390871a7bafe24fca5005b086b6b38a1574d0dad,0.75,,,,,,,,,,9974,90026,193.87387481889976,47.656113861796975,-131.71221235300374,5.476655381586111,0.7838379787447363,0.4755292915380001,,,,,,,,,,,,,,,,,,,,,,0.5,,,,,,,,,,,,,,,,,,,,,,,,,,,,Stage 3,,219.0,True,stage3_residual_t75_a50,,reported loan_amount_000s among favorable actions 1/2/8,MAE/RMSE/absolute error kUSD; R2/RMSLE dimensionless; rates as named; percentage fields percent
stage3_residual_t75_a50_cap75,,,selection,,70000,62.393969273394546,125.76845972211413,0.7017922407919219,0.39082261853520517,36.91094759160278,132.08221747162074,-8.116698688105933,17,0.00024285714285714286,47.59507883335406,195.33072213096295,278.5214098154717,-132.0519158287261,-205.49458703013295,0.7840844266970907,0.8052946199829206,99.60996823039696,7012,3513,7040,,regresionpart2/regression_v2/outputs/reports/prompt4b_stage3_candidates.csv,stage3_residual_t75_a50_cap75|selection,regression_v2,development,development_only,development,1ea1b97cee247483f25f780b390871a7bafe24fca5005b086b6b38a1574d0dad,0.75,,,,,,,,,,6982,63018,195.79239675564355,47.61425838632953,-132.41892343098579,5.6552098642884125,0.7844457175594386,0.47613380304040115,,,,,,,,,,,,,,,,,,,,,,0.5,,,,,,,,,,,,,,,,,,,,,,,,,,,,Stage 3,,328.5,True,stage3_residual_t75_a50,,reported loan_amount_000s among favorable actions 1/2/8,MAE/RMSE/absolute error kUSD; R2/RMSLE dimensionless; rates as named; percentage fields percent
stage3_residual_t75_a50_cap75,,,audit,,30000,61.869841369292935,119.08160161214627,0.7063123763490351,0.3905860144611815,36.42140994025607,133.75719103097708,-8.363761231774035,9,0.0003,47.73897576817097,189.00054458978335,265.20759333451963,-129.47412429756255,-198.67264482863936,0.7827390869710097,0.8079734219269104,100.73816839705295,3001,1505,3009,,regresionpart2/regression_v2/outputs/reports/prompt4b_stage3_candidates.csv,stage3_residual_t75_a50_cap75|audit,regression_v2,development,development_only,development,1ea1b97cee247483f25f780b390871a7bafe24fca5005b086b6b38a1574d0dad,0.75,,,,,,,,,,2992,27008,189.25527057031002,47.757829958990676,-129.57342884631186,5.064087016992891,0.7824197860962567,0.4741187796208531,,,,,,,,,,,,,,,,,,,,,,0.5,,,,,,,,,,,,,,,,,,,,,,,,,,,,Stage 3,,328.5,True,stage3_residual_t75_a50,,reported loan_amount_000s among favorable actions 1/2/8,MAE/RMSE/absolute error kUSD; R2/RMSLE dimensionless; rates as named; percentage fields percent
stage3_residual_t75_a50_cap75,,,complete_validation,,100000,62.236730902164055,123.80033188713716,0.7030622233162106,0.39075165235594495,36.790169895446226,132.7201403051556,-8.190817451206364,26,0.00026,47.63825255114799,193.4335022367175,274.4951077054087,-131.27932495835543,-203.52185405415966,0.7836812144212524,0.8064580426549731,99.86909679478885,10013,5017,10038,,regresionpart2/regression_v2/outputs/reports/prompt4b_stage3_candidates.csv,stage3_residual_t75_a50_cap75|complete_validation,regression_v2,development,development_only,development,1ea1b97cee247483f25f780b390871a7bafe24fca5005b086b6b38a1574d0dad,0.75,,,,,,,,,,9974,90026,193.83138998338387,47.65733017708367,-131.5653321138267,5.477871696872806,0.7838379787447363,0.4755292915380001,,,,,,,,,,,,,,,,,,,,,,0.5,,,,,,,,,,,,,,,,,,,,,,,,,,,,Stage 3,,328.5,True,stage3_residual_t75_a50,,reported loan_amount_000s among favorable actions 1/2/8,MAE/RMSE/absolute error kUSD; R2/RMSLE dimensionless; rates as named; percentage fields percent
stage3_residual_t85_a75_cap25,,,selection,,70000,62.42749831467127,126.35625686419188,0.6989982926033727,0.3908514595351472,36.918896757000084,131.9816786287317,-8.2303284703843,17,0.00024285714285714286,47.56925283264181,195.89743077646142,279.93282867596037,-132.9542770133556,-206.71051555628614,0.7867940673131774,0.8055792769712496,99.38863324524266,7012,3513,7040,,regresionpart2/regression_v2/outputs/reports/prompt4b_stage3_candidates.csv,stage3_residual_t85_a75_cap25|selection,regression_v2,development,development_only,development,1ea1b97cee247483f25f780b390871a7bafe24fca5005b086b6b38a1574d0dad,0.85,,,,,,,,,,6982,63018,196.36262394640931,47.58832463158398,-133.32407831539294,5.629276109542865,0.7871670008593527,0.47613380304040115,,,,,,,,,,,,,,,,,,,,,,0.75,,,,,,,,,,,,,,,,,,,,,,,,,,,,Stage 3,,109.5,True,stage3_residual_t85_a75,,reported loan_amount_000s among favorable actions 1/2/8,MAE/RMSE/absolute error kUSD; R2/RMSLE dimensionless; rates as named; percentage fields percent
stage3_residual_t85_a75_cap25,,,audit,,30000,61.88495836129746,119.57949803420746,0.703851346089134,0.3906238598747161,36.424650454102874,133.79433193134835,-8.452635292639906,9,0.0003,47.710591152422566,189.40703109452411,266.34943346782404,-130.10720180019007,-199.3796418133359,0.7840719760079974,0.8086378737541529,100.43305367415621,3001,1505,3009,,regresionpart2/regression_v2/outputs/reports/prompt4b_stage3_candidates.csv,stage3_residual_t85_a75_cap25|audit,regression_v2,development,development_only,development,1ea1b97cee247483f25f780b390871a7bafe24fca5005b086b6b38a1574d0dad,0.85,,,,,,,,,,2992,27008,189.66297979515198,47.72945480197827,-130.208410659609,5.035711859980487,0.7837566844919787,0.4741187796208531,,,,,,,,,,,,,,,,,,,,,,0.75,,,,,,,,,,,,,,,,,,,,,,,,,,,,Stage 3,,109.5,True,stage3_residual_t85_a75,,reported loan_amount_000s among favorable actions 1/2/8,MAE/RMSE/absolute error kUSD; R2/RMSLE dimensionless; rates as named; percentage fields percent
stage3_residual_t85_a75_cap25,,,complete_validation,,100000,62.26473632865913,124.36200971013879,0.7003617182916619,0.390783193555653,36.79705448276424,132.6353691408988,-8.297020517060982,26,0.00026,47.61165888346871,193.95219064408414,275.8275194686,-132.10097902926395,-204.5862561436537,0.7859782283032059,0.8068566872633047,99.62387001457833,10013,5017,10038,,regresionpart2/regression_v2/outputs/reports/prompt4b_stage3_candidates.csv,stage3_residual_t85_a75_cap25|complete_validation,regression_v2,development,development_only,development,1ea1b97cee247483f25f780b390871a7bafe24fca5005b086b6b38a1574d0dad,0.85,,,,,,,,,,9974,90026,194.3528650432048,47.6306639962343,-132.38944049444794,5.45120551602343,0.7861439743332664,0.4755292915380001,,,,,,,,,,,,,,,,,,,,,,0.75,,,,,,,,,,,,,,,,,,,,,,,,,,,,Stage 3,,109.5,True,stage3_residual_t85_a75,,reported loan_amount_000s among favorable actions 1/2/8,MAE/RMSE/absolute error kUSD; R2/RMSLE dimensionless; rates as named; percentage fields percent
stage3_residual_t85_a75_cap50,,,selection,,70000,62.41143434930751,125.8466355940044,0.7014214022361012,0.3908425842585599,36.918896757000084,131.97076070319798,-8.149185687612734,17,0.00024285714285714286,47.57272968537566,195.70583386039405,279.50882812568904,-132.17546999766682,-205.19757549469472,0.7865088419851682,0.8050099629945915,99.40937704604364,7012,3513,7040,,regresionpart2/regression_v2/outputs/reports/prompt4b_stage3_candidates.csv,stage3_residual_t85_a75_cap50|selection,regression_v2,development,development_only,development,1ea1b97cee247483f25f780b390871a7bafe24fca5005b086b6b38a1574d0dad,0.85,,,,,,,,,,6982,63018,196.17020378378194,47.59179982914658,-132.54192495045314,5.632751307105467,0.7868805499856775,0.47613380304040115,,,,,,,,,,,,,,,,,,,,,,0.75,,,,,,,,,,,,,,,,,,,,,,,,,,,,Stage 3,,219.0,True,stage3_residual_t85_a75,,reported loan_amount_000s among favorable actions 1/2/8,MAE/RMSE/absolute error kUSD; R2/RMSLE dimensionless; rates as named; percentage fields percent
stage3_residual_t85_a75_cap50,,,audit,,30000,61.86897490226738,119.27226407995505,0.7053711724433136,0.39061025113392106,36.424650454102874,133.79433193134835,-8.414511618867477,9,0.0003,47.710591152422566,189.2472497646666,266.0308263110782,-129.72609209903283,-198.6197014723572,0.7840719760079974,0.8086378737541529,100.43305367415621,3001,1505,3009,,regresionpart2/regression_v2/outputs/reports/prompt4b_stage3_candidates.csv,stage3_residual_t85_a75_cap50|audit,regression_v2,development,development_only,development,1ea1b97cee247483f25f780b390871a7bafe24fca5005b086b6b38a1574d0dad,0.85,,,,,,,,,,2992,27008,189.50271783963643,47.72945480197827,-129.82615457231864,5.035711859980487,0.7837566844919787,0.4741187796208531,,,,,,,,,,,,,,,,,,,,,,0.75,,,,,,,,,,,,,,,,,,,,,,,,,,,,Stage 3,,219.0,True,stage3_residual_t85_a75,,reported loan_amount_000s among favorable actions 1/2/8,MAE/RMSE/absolute error kUSD; R2/RMSLE dimensionless; rates as named; percentage fields percent
stage3_residual_t85_a75_cap50,,,complete_validation,,100000,62.24869651519548,123.91095543517794,0.7025313202735333,0.39077289882514643,36.79705448276424,132.6305534514652,-8.22878346698916,26,0.00026,47.6140925683343,193.77012918933863,275.4350503228942,-131.44136602545066,-203.29889942658303,0.7857784879656446,0.8064580426549731,99.63841836660454,10013,5017,10038,,regresionpart2/regression_v2/outputs/reports/prompt4b_stage3_candidates.csv,stage3_residual_t85_a75_cap50|complete_validation,regression_v2,development,development_only,development,1ea1b97cee247483f25f780b390871a7bafe24fca5005b086b6b38a1574d0dad,0.85,,,,,,,,,,9974,90026,194.17009169787025,47.63309662680769,-131.72724829400852,5.45363814659682,0.7859434529777422,0.4755292915380001,,,,,,,,,,,,,,,,,,,,,,0.75,,,,,,,,,,,,,,,,,,,,,,,,,,,,Stage 3,,219.0,True,stage3_residual_t85_a75,,reported loan_amount_000s among favorable actions 1/2/8,MAE/RMSE/absolute error kUSD; R2/RMSLE dimensionless; rates as named; percentage fields percent
stage3_residual_t85_a75_cap75,,,selection,,70000,62.40677387389465,125.61474468635598,0.7025207382880053,0.39084360227393095,36.91645388389255,131.9816786287317,-8.117816134421604,17,0.00024285714285714286,47.574504759534584,195.64336357373952,279.3841365088311,-131.87825659888514,-204.60433315132514,0.7865088419851682,0.8050099629945915,99.40937704604364,7012,3513,7040,,regresionpart2/regression_v2/outputs/reports/prompt4b_stage3_candidates.csv,stage3_residual_t85_a75_cap75|selection,regression_v2,development,development_only,development,1ea1b97cee247483f25f780b390871a7bafe24fca5005b086b6b38a1574d0dad,0.85,,,,,,,,,,6982,63018,196.10746507710454,47.59357405827353,-132.24343449610518,5.634525536232415,0.7868805499856775,0.47613380304040115,,,,,,,,,,,,,,,,,,,,,,0.75,,,,,,,,,,,,,,,,,,,,,,,,,,,,Stage 3,,328.5,True,stage3_residual_t85_a75,,reported loan_amount_000s among favorable actions 1/2/8,MAE/RMSE/absolute error kUSD; R2/RMSLE dimensionless; rates as named; percentage fields percent
stage3_residual_t85_a75_cap75,,,audit,,30000,61.8645788852039,119.08567435239873,0.70629228703474,0.39060430662700446,36.424650454102874,133.79433193134835,-8.39708034456758,9,0.0003,47.710591152422566,189.2033042425391,265.9431980639656,-129.55183744091988,-198.2722342105652,0.7840719760079974,0.8086378737541529,100.43305367415621,3001,1505,3009,,regresionpart2/regression_v2/outputs/reports/prompt4b_stage3_candidates.csv,stage3_residual_t85_a75_cap75|audit,regression_v2,development,development_only,development,1ea1b97cee247483f25f780b390871a7bafe24fca5005b086b6b38a1574d0dad,0.85,,,,,,,,,,2992,27008,189.45864012843842,47.72945480197827,-129.6513757524667,5.035711859980487,0.7837566844919787,0.4741187796208531,,,,,,,,,,,,,,,,,,,,,,0.75,,,,,,,,,,,,,,,,,,,,,,,,,,,,Stage 3,,328.5,True,stage3_residual_t85_a75,,reported loan_amount_000s among favorable actions 1/2/8,MAE/RMSE/absolute error kUSD; R2/RMSLE dimensionless; rates as named; percentage fields percent
stage3_residual_t85_a75_cap75,,,complete_validation,,100000,62.24411537728743,123.69221563470575,0.7035806351948001,0.39077182896620477,36.795317423206356,132.63232224830313,-8.201595397465395,26,0.00026,47.61533506304045,193.71321096683522,275.3214521243839,-131.18100463713003,-202.77926646241036,0.7857784879656446,0.8064580426549731,99.63841836660454,10013,5017,10038,,regresionpart2/regression_v2/outputs/reports/prompt4b_stage3_candidates.csv,stage3_residual_t85_a75_cap75|complete_validation,regression_v2,development,development_only,development,1ea1b97cee247483f25f780b390871a7bafe24fca5005b086b6b38a1574d0dad,0.85,,,,,,,,,,9974,90026,194.1129509156438,47.63433858325496,-131.46586884932694,5.454880103044091,0.7859434529777422,0.4755292915380001,,,,,,,,,,,,,,,,,,,,,,0.75,,,,,,,,,,,,,,,,,,,,,,,,,,,,Stage 3,,328.5,True,stage3_residual_t85_a75,,reported loan_amount_000s among favorable actions 1/2/8,MAE/RMSE/absolute error kUSD; R2/RMSLE dimensionless; rates as named; percentage fields percent
ens_tail_weighted_l1p25,optimized,,selection,,70000,62.4207874215348,127.87232839123797,0.6917318888224326,0.38752280272894035,36.792265129306955,131.9668747909374,-10.35958479348164,8,0.00011428571428571428,47.295066416788934,198.2934221401503,285.19385994702816,-143.90501046769035,-224.83861528364216,0.8031945236737023,0.8286364930259038,99.24929728238686,7012,3513,7040,,regresionpart2/regression_v2/outputs/reports/prompt4b_stage4_candidates.csv,ens_tail_weighted_l1p25|selection,regression_v2,development,development_only,development,a24651145d7d9f1cbf71d5092a3fda1e1bda9996f5d9f3572fe52e0e8b28791b,,,,,,,,,,,6982,63018,198.769590575904,47.314193375011484,-144.3176922470716,4.482135131634435,0.8036379260956746,0.48240185343870007,,,,,,,,,,,,,,,,,,,,,,,,,,,,,,,,,,,,,,,,,,,,,,,,,,Stage 4,,,,,1.25,reported loan_amount_000s among favorable actions 1/2/8,MAE/RMSE/absolute error kUSD; R2/RMSLE dimensionless; rates as named; percentage fields percent
ens_tail_weighted_l1p25,optimized,,audit,,30000,61.906385594096996,120.66583250307586,0.6984461080303408,0.38706610065673636,36.577904701225634,133.60372692244087,-10.548848473583313,4,0.00013333333333333334,47.45310297987369,191.93776756724438,271.7077141011528,-140.82092958274592,-217.03219127422378,0.8003998667110963,0.8259136212624585,100.33244180424813,3001,1505,3009,,regresionpart2/regression_v2/outputs/reports/prompt4b_stage4_candidates.csv,ens_tail_weighted_l1p25|audit,regression_v2,development,development_only,development,a24651145d7d9f1cbf71d5092a3fda1e1bda9996f5d9f3572fe52e0e8b28791b,,,,,,,,,,,2992,27008,192.19802949967644,47.47241793394099,-140.94849871187802,3.897084343099808,0.8001336898395722,0.4821534360189573,,,,,,,,,,,,,,,,,,,,,,,,,,,,,,,,,,,,,,,,,,,,,,,,,,Stage 4,,,,,1.25,reported loan_amount_000s among favorable actions 1/2/8,MAE/RMSE/absolute error kUSD; R2/RMSLE dimensionless; rates as named; percentage fields percent
ens_tail_weighted_l1p25,optimized,,complete_validation,,100000,62.26646687330346,125.75374983608135,0.6936176642712868,0.38738584864151715,36.73883910900807,132.41198025416384,-10.416363897512142,12,0.00012,47.34248247873927,196.38856651513376,281.1298728146983,-142.9806794244747,-222.5607803055586,0.8023569359832218,0.8279848515048834,99.4949401081744,10013,5017,10038,,regresionpart2/regression_v2/outputs/reports/prompt4b_stage4_candidates.csv,ens_tail_weighted_l1p25|complete_validation,regression_v2,development,development_only,development,a24651145d7d9f1cbf71d5092a3fda1e1bda9996f5d9f3572fe52e0e8b28791b,,,,,,,,,,,9974,90026,196.79825402686922,47.361661094198915,-143.307001746039,4.306618595336663,0.8025867254862643,0.482327327660898,,,,,,,,,,,,,,,,,,,,,,,,,,,,,,,,,,,,,,,,,,,,,,,,,,Stage 4,,,,,1.25,reported loan_amount_000s among favorable actions 1/2/8,MAE/RMSE/absolute error kUSD; R2/RMSLE dimensionless; rates as named; percentage fields percent
ens_tail_weighted_l1p5,optimized,,selection,,70000,62.43350367525744,127.8549676825739,0.6918155877687643,0.3886658177575704,36.794615179551315,131.89170281406265,-9.965959008907603,14,0.0002,47.347209601402646,197.95197074941115,284.80284843278764,-143.0796310853834,-223.89872682256993,0.801625784369652,0.8280671790492456,99.00078019073308,7012,3513,7040,,regresionpart2/regression_v2/outputs/reports/prompt4b_stage4_candidates.csv,ens_tail_weighted_l1p5|selection,regression_v2,development,development_only,development,a24651145d7d9f1cbf71d5092a3fda1e1bda9996f5d9f3572fe52e0e8b28791b,,,,,,,,,,,6982,63018,198.42737435735458,47.3662339253066,-143.49012449813267,4.827682862395347,0.8020624462904612,0.4800533180995906,,,,,,,,,,,,,,,,,,,,,,,,,,,,,,,,,,,,,,,,,,,,,,,,,,Stage 4,,,,,1.5,reported loan_amount_000s among favorable actions 1/2/8,MAE/RMSE/absolute error kUSD; R2/RMSLE dimensionless; rates as named; percentage fields percent
ens_tail_weighted_l1p5,optimized,,audit,,30000,61.911686588529875,120.59501008586608,0.6987999863012233,0.38835867146408815,36.55269369904657,133.52828824036607,-10.14642963722106,7,0.00023333333333333333,47.5058332501536,191.5163631239585,271.20144209642467,-139.93534085500366,-215.9417667429164,0.797400866377874,0.825249169435216,100.06797542790757,3001,1505,3009,,regresionpart2/regression_v2/outputs/reports/prompt4b_stage4_candidates.csv,ens_tail_weighted_l1p5|audit,regression_v2,development,development_only,development,a24651145d7d9f1cbf71d5092a3fda1e1bda9996f5d9f3572fe52e0e8b28791b,,,,,,,,,,,2992,27008,191.77596587824,47.52506323119825,-140.06065748112314,4.24572712036762,0.7971256684491979,0.479635663507109,,,,,,,,,,,,,,,,,,,,,,,,,,,,,,,,,,,,,,,,,,,,,,,,,,Stage 4,,,,,1.5,reported loan_amount_000s among favorable actions 1/2/8,MAE/RMSE/absolute error kUSD; R2/RMSLE dimensionless; rates as named; percentage fields percent
ens_tail_weighted_l1p5,optimized,,complete_validation,,100000,62.27695854923918,125.72100806969954,0.6937771854458323,0.38857369936167596,36.73161848493806,132.5016053285719,-10.02010019740164,21,0.00021,47.39480180797278,196.02315236491265,280.7029063319733,-142.13725467657787,-221.57703905183286,0.8003595326076101,0.8273868845923859,99.2419766480834,10013,5017,10038,,regresionpart2/regression_v2/outputs/reports/prompt4b_stage4_candidates.csv,ens_tail_weighted_l1p5|complete_validation,regression_v2,development,development_only,development,a24651145d7d9f1cbf71d5092a3fda1e1bda9996f5d9f3572fe52e0e8b28791b,,,,,,,,,,,9974,90026,196.43208518856463,47.41388306992618,-142.4613531611673,4.653094846925541,0.8005815119310207,0.4799280207939928,,,,,,,,,,,,,,,,,,,,,,,,,,,,,,,,,,,,,,,,,,,,,,,,,,Stage 4,,,,,1.5,reported loan_amount_000s among favorable actions 1/2/8,MAE/RMSE/absolute error kUSD; R2/RMSLE dimensionless; rates as named; percentage fields percent
ens_tail_weighted_l2p0,optimized,,selection,,70000,62.476745080839336,127.81867145326754,0.6919905413827414,0.3909405209480894,36.8427157415188,131.96607258375835,-9.242278590016001,20,0.00028571428571428574,47.459783623362455,197.37240513268668,284.1343055528813,-141.5503847888226,-222.13212314729267,0.7974900171135196,0.8257899231426131,98.57931969352377,7012,3513,7040,,regresionpart2/regression_v2/outputs/reports/prompt4b_stage4_candidates.csv,ens_tail_weighted_l2p0|selection,regression_v2,development,development_only,development,a24651145d7d9f1cbf71d5092a3fda1e1bda9996f5d9f3572fe52e0e8b28791b,,,,,,,,,,,6982,63018,197.84643298213007,47.478630876535604,-141.95656119882838,5.461633326812966,0.7979089086221713,0.47660985750103146,,,,,,,,,,,,,,,,,,,,,,,,,,,,,,,,,,,,,,,,,,,,,,,,,,Stage 4,,,,,2.0,reported loan_amount_000s among favorable actions 1/2/8,MAE/RMSE/absolute error kUSD; R2/RMSLE dimensionless; rates as named; percentage fields percent
ens_tail_weighted_l2p0,optimized,,audit,,30000,61.94479813194162,120.48261190967676,0.6993611795969653,0.3906970960212937,36.63435340700645,133.5104560135567,-9.410746788118704,11,0.00036666666666666667,47.619346143927864,190.82613042930353,270.3803295389829,-138.34540438352036,-213.9628728322608,0.7910696434521826,0.8205980066445183,99.630286419217,3001,1505,3009,,regresionpart2/regression_v2/outputs/reports/prompt4b_stage4_candidates.csv,ens_tail_weighted_l2p0|audit,regression_v2,development,development_only,development,a24651145d7d9f1cbf71d5092a3fda1e1bda9996f5d9f3572fe52e0e8b28791b,,,,,,,,,,,2992,27008,191.08452212975308,47.63844245208929,-138.46607311807287,4.886259150093043,0.7907754010695187,0.4745630924170616,,,,,,,,,,,,,,,,,,,,,,,,,,,,,,,,,,,,,,,,,,,,,,,,,,Stage 4,,,,,2.0,reported loan_amount_000s among favorable actions 1/2/8,MAE/RMSE/absolute error kUSD; R2/RMSLE dimensionless; rates as named; percentage fields percent
ens_tail_weighted_l2p0,optimized,,complete_validation,,100000,62.317160996170024,125.6628301138733,0.6940605318104498,0.3908675093880996,36.781793089093114,132.5739559067556,-9.292819049446813,31,0.00031,47.50765752173385,195.41041867659433,279.9877075827842,-140.58981890484057,-219.74923542116034,0.795565764506142,0.8245963723340641,98.81607772895451,10013,5017,10038,,regresionpart2/regression_v2/outputs/reports/prompt4b_stage4_candidates.csv,ens_tail_weighted_l2p0|complete_validation,regression_v2,development,development_only,development,a24651145d7d9f1cbf71d5092a3fda1e1bda9996f5d9f3572fe52e0e8b28791b,,,,,,,,,,,9974,90026,195.81799531717,47.52657470423598,-140.90948476634185,5.289019795556976,0.7957689993984359,0.4759958234287872,,,,,,,,,,,,,,,,,,,,,,,,,,,,,,,,,,,,,,,,,,,,,,,,,,Stage 4,,,,,2.0,reported loan_amount_000s among favorable actions 1/2/8,MAE/RMSE/absolute error kUSD; R2/RMSLE dimensionless; rates as named; percentage fields percent
ens_tail_constrained_body025,optimized,,selection,,70000,62.578191334456406,127.76242335766061,0.6922615680372537,0.3943432497952953,36.878851031159385,132.2527809722485,-8.240790783316656,32,0.00045714285714285713,47.65173905417421,196.66081772213676,283.23748677971366,-139.26025917094054,-219.36521127966202,0.7923559612093554,0.8215200683176772,98.13503902095972,7012,3513,7040,,regresionpart2/regression_v2/outputs/reports/prompt4b_stage4_candidates.csv,ens_tail_constrained_body025|selection,regression_v2,development,development_only,development,a24651145d7d9f1cbf71d5092a3fda1e1bda9996f5d9f3572fe52e0e8b28791b,,,,,,,,,,,6982,63018,197.13229965149765,47.67043824375879,-139.6593036099815,6.319557951263523,0.7927527928960183,0.4715636802183503,,,,,,,,,,,,,,,,,,,,,,,,,,,,,,,,,,,,,,,,,,,,,,,,,,Stage 4,,,,,,reported loan_amount_000s among favorable actions 1/2/8,MAE/RMSE/absolute error kUSD; R2/RMSLE dimensionless; rates as named; percentage fields percent
ens_tail_constrained_body025,optimized,,audit,,30000,62.032406134661386,120.36667231298098,0.6999395065807164,0.39403150016572686,36.66527754223134,133.8219024666038,-8.399533614073764,17,0.0005666666666666667,47.81121668525926,189.97572301050548,269.2837293238212,-136.0210641770982,-210.99095745869337,0.7867377540819727,0.8199335548172757,99.15313921310634,3001,1505,3009,,regresionpart2/regression_v2/outputs/reports/prompt4b_stage4_candidates.csv,ens_tail_constrained_body025|audit,regression_v2,development,development_only,development,a24651145d7d9f1cbf71d5092a3fda1e1bda9996f5d9f3572fe52e0e8b28791b,,,,,,,,,,,2992,27008,190.2329101735283,47.83009911139829,-136.1355822158842,5.751320111363769,0.7864304812834224,0.4701199644549763,,,,,,,,,,,,,,,,,,,,,,,,,,,,,,,,,,,,,,,,,,,,,,,,,,Stage 4,,,,,,reported loan_amount_000s among favorable actions 1/2/8,MAE/RMSE/absolute error kUSD; R2/RMSLE dimensionless; rates as named; percentage fields percent
ens_tail_constrained_body025,optimized,,complete_validation,,100000,62.414455774517904,125.5894363259332,0.6944177973478856,0.3942497507903286,36.81614030074812,132.62536506385206,-8.28841363254379,49,0.00049,47.69958748296576,194.6572254691051,279.02796445391283,-138.289438819745,-216.92375545607493,0.7906721262358933,0.8216065377715767,98.36298785177898,10013,5017,10038,,regresionpart2/regression_v2/outputs/reports/prompt4b_stage4_candidates.csv,ens_tail_constrained_body025|complete_validation,regression_v2,development,development_only,development,a24651145d7d9f1cbf71d5092a3fda1e1bda9996f5d9f3572fe52e0e8b28791b,,,,,,,,,,,9974,90026,195.06262115559986,47.718336858750106,-138.60225784989137,6.149085336907531,0.790856226188089,0.4711305622820074,,,,,,,,,,,,,,,,,,,,,,,,,,,,,,,,,,,,,,,,,,,,,,,,,,Stage 4,,,,,,reported loan_amount_000s among favorable actions 1/2/8,MAE/RMSE/absolute error kUSD; R2/RMSLE dimensionless; rates as named; percentage fields percent
stage4_static_global90_stage309,static_diagnostic,,selection,,70000,62.49535703985707,127.2131785108142,0.6949017877637964,0.39087461702075343,36.914355776685646,132.09744220523214,-8.837873948381135,17,0.00024285714285714286,47.54189825007656,196.82057983659055,282.6224130735147,-138.77361144192926,-217.50871667340093,0.7937820878494011,0.8200967833760319,98.8799336631995,7012,3513,7040,,regresionpart2/regression_v2/outputs/reports/prompt4b_stage4_candidates.csv,stage4_static_global90_stage309|selection,regression_v2,development,development_only,development,a24651145d7d9f1cbf71d5092a3fda1e1bda9996f5d9f3572fe52e0e8b28791b,,,,,,,,,,,6982,63018,197.290913872216,47.56085296477488,-139.16724273258023,5.601804442733753,0.7941850472643942,0.47613380304040115,,,,,,,,,,,,,,,,,,,,,,,,,,,,,,,,,,,,,,,,,,,,,,,,,,Stage 4,,,,,,reported loan_amount_000s among favorable actions 1/2/8,MAE/RMSE/absolute error kUSD; R2/RMSLE dimensionless; rates as named; percentage fields percent
stage4_static_global90_stage309,static_diagnostic,,audit,,30000,61.95734361328526,120.14452832179218,0.7010460442110329,0.3906563268502515,36.47355574935614,133.79433193134835,-9.041139584031207,9,0.0003,47.689457479747496,190.32077504260408,269.09270710210075,-135.80015105483346,-209.80137462065025,0.7880706431189604,0.8166112956810632,99.86919474581028,3001,1505,3009,,regresionpart2/regression_v2/outputs/reports/prompt4b_stage4_candidates.csv,stage4_static_global90_stage309|audit,regression_v2,development,development_only,development,a24651145d7d9f1cbf71d5092a3fda1e1bda9996f5d9f3572fe52e0e8b28791b,,,,,,,,,,,2992,27008,190.5794723045731,47.7083281717741,-135.9184844273847,5.014585229776321,0.7877673796791443,0.4741187796208531,,,,,,,,,,,,,,,,,,,,,,,,,,,,,,,,,,,,,,,,,,,,,,,,,,Stage 4,,,,,,reported loan_amount_000s among favorable actions 1/2/8,MAE/RMSE/absolute error kUSD; R2/RMSLE dimensionless; rates as named; percentage fields percent
stage4_static_global90_stage309,static_diagnostic,,complete_validation,,100000,62.33395301188553,125.13451664699382,0.6966275943744487,0.39080914277204876,36.81599427276913,132.78049581581905,-8.898853639076158,26,0.00026,47.586170774351025,194.87252089453986,278.53996003730816,-137.88243450977362,-215.2633899364372,0.7920703085988215,0.8194139924257524,99.09731427680413,10013,5017,10038,,regresionpart2/regression_v2/outputs/reports/prompt4b_stage4_candidates.csv,stage4_static_global90_stage309|complete_validation,regression_v2,development,development_only,development,a24651145d7d9f1cbf71d5092a3fda1e1bda9996f5d9f3572fe52e0e8b28791b,,,,,,,,,,,9974,90026,195.2776159806592,47.60509585450268,-138.1926803855635,5.425637374291811,0.7922598756767596,0.4755292915380001,,,,,,,,,,,,,,,,,,,,,,,,,,,,,,,,,,,,,,,,,,,,,,,,,,Stage 4,,,,,,reported loan_amount_000s among favorable actions 1/2/8,MAE/RMSE/absolute error kUSD; R2/RMSLE dimensionless; rates as named; percentage fields percent
stage4_static_global80_stage319,static_diagnostic,,selection,,70000,62.473133029471605,126.9149170550512,0.6963307648672978,0.3908600437551187,36.91645388389255,132.1093988836073,-8.70979044738235,17,0.00024285714285714286,47.55130221231325,196.51424533853753,281.81592771182994,-137.5794431166939,-215.37263448401336,0.79249857387336,0.8183888414460575,99.00682469091953,7012,3513,7040,,regresionpart2/regression_v2/outputs/reports/prompt4b_stage4_candidates.csv,stage4_static_global80_stage319|selection,regression_v2,development,development_only,development,a24651145d7d9f1cbf71d5092a3fda1e1bda9996f5d9f3572fe52e0e8b28791b,,,,,,,,,,,6982,63018,196.98286468410151,47.57029659523651,-137.96834179223606,5.611248073195401,0.792896018332856,0.47613380304040115,,,,,,,,,,,,,,,,,,,,,,,,,,,,,,,,,,,,,,,,,,,,,,,,,,Stage 4,,,,,,reported loan_amount_000s among favorable actions 1/2/8,MAE/RMSE/absolute error kUSD; R2/RMSLE dimensionless; rates as named; percentage fields percent
stage4_static_global80_stage319,static_diagnostic,,audit,,30000,61.9401359303607,119.93111727093915,0.7021071564424014,0.3906387176582897,36.46100201369799,133.80976935120484,-8.9212561566739,9,0.0003,47.698196001233995,190.0701379785086,268.3731101066816,-134.68033383420524,-207.83058270116578,0.7880706431189604,0.8166112956810632,100.02193474707555,3001,1505,3009,,regresionpart2/regression_v2/outputs/reports/prompt4b_stage4_candidates.csv,stage4_static_global80_stage319|audit,regression_v2,development,development_only,development,a24651145d7d9f1cbf71d5092a3fda1e1bda9996f5d9f3572fe52e0e8b28791b,,,,,,,,,,,2992,27008,190.3280813188276,47.71706378128292,-134.7952987726035,5.0233208392851285,0.7877673796791443,0.4741187796208531,,,,,,,,,,,,,,,,,,,,,,,,,,,,,,,,,,,,,,,,,,,,,,,,,,Stage 4,,,,,,reported loan_amount_000s among favorable actions 1/2/8,MAE/RMSE/absolute error kUSD; R2/RMSLE dimensionless; rates as named; percentage fields percent
stage4_static_global80_stage319,static_diagnostic,,complete_validation,,100000,62.313233899738336,124.86079923947347,0.6979533275488651,0.39079365908762026,36.81654371735978,132.78049581581905,-8.773230160169811,26,0.00026,47.59537508291758,194.5828794953889,277.75800325667706,-136.71054998209402,-213.1781221418183,0.7911714770797963,0.8182180586007575,99.23196924099824,10013,5017,10038,,regresionpart2/regression_v2/outputs/reports/prompt4b_stage4_candidates.csv,stage4_static_global80_stage319|complete_validation,regression_v2,development,development_only,development,a24651145d7d9f1cbf71d5092a3fda1e1bda9996f5d9f3572fe52e0e8b28791b,,,,,,,,,,,9974,90026,194.98656311713745,47.61432707710555,-137.016492512635,5.434868596894681,0.7913575295769,0.4755292915380001,,,,,,,,,,,,,,,,,,,,,,,,,,,,,,,,,,,,,,,,,,,,,,,,,,Stage 4,,,,,,reported loan_amount_000s among favorable actions 1/2/8,MAE/RMSE/absolute error kUSD; R2/RMSLE dimensionless; rates as named; percentage fields percent
stage4_static_global70_stage330,static_diagnostic,,selection,,70000,62.453020752448495,126.62756469740167,0.6977043037458533,0.39084773362294123,36.92265651126266,132.0883571453852,-8.58170694638356,17,0.00024285714285714286,47.560706174549935,196.22899203491778,281.04972703991837,-136.38527479145853,-213.23655229462574,0.7906446092413006,0.8155422715627668,99.13461077832615,7012,3513,7040,,regresionpart2/regression_v2/outputs/reports/prompt4b_stage4_candidates.csv,stage4_static_global70_stage330|selection,regression_v2,development,development_only,development,a24651145d7d9f1cbf71d5092a3fda1e1bda9996f5d9f3572fe52e0e8b28791b,,,,,,,,,,,6982,63018,196.69598727131878,47.57974022569818,-136.76944085189186,5.620691703657047,0.7910340876539673,0.47613380304040115,,,,,,,,,,,,,,,,,,,,,,,,,,,,,,,,,,,,,,,,,,,,,,,,,,Stage 4,,,,,,reported loan_amount_000s among favorable actions 1/2/8,MAE/RMSE/absolute error kUSD; R2/RMSLE dimensionless; rates as named; percentage fields percent
stage4_static_global70_stage330,static_diagnostic,,audit,,30000,61.92326896778628,119.725668761048,0.7031268954616355,0.3906233236501665,36.459483142184894,133.7735876727595,-8.801372729316594,9,0.0003,47.70693452272049,189.8229069825584,267.6603048790393,-133.560516613577,-205.85979078168137,0.7870709763412196,0.8146179401993355,100.17467474834083,3001,1505,3009,,regresionpart2/regression_v2/outputs/reports/prompt4b_stage4_candidates.csv,stage4_static_global70_stage330|audit,regression_v2,development,development_only,development,a24651145d7d9f1cbf71d5092a3fda1e1bda9996f5d9f3572fe52e0e8b28791b,,,,,,,,,,,2992,27008,190.08010664675322,47.72579939079172,-133.67211311782233,5.032056448793935,0.7867647058823529,0.4741187796208531,,,,,,,,,,,,,,,,,,,,,,,,,,,,,,,,,,,,,,,,,,,,,,,,,,Stage 4,,,,,,reported loan_amount_000s among favorable actions 1/2/8,MAE/RMSE/absolute error kUSD; R2/RMSLE dimensionless; rates as named; percentage fields percent
stage4_static_global70_stage330,static_diagnostic,,complete_validation,,100000,62.294095217049836,124.59714614276005,0.6992275699495341,0.39078042416244907,36.81654371735978,132.80682618881937,-8.647606681263468,26,0.00026,47.60457939148413,194.30902187191666,277.006291986446,-135.53866545441446,-211.09285434719936,0.7895735543793069,0.8156268686466015,99.36725194181255,10013,5017,10038,,regresionpart2/regression_v2/outputs/reports/prompt4b_stage4_candidates.csv,stage4_static_global70_stage330|complete_validation,regression_v2,development,development_only,development,a24651145d7d9f1cbf71d5092a3fda1e1bda9996f5d9f3572fe52e0e8b28791b,,,,,,,,,,,9974,90026,194.71135574648423,47.62355829970842,-135.8403046397066,5.444099819497551,0.789753358732705,0.4755292915380001,,,,,,,,,,,,,,,,,,,,,,,,,,,,,,,,,,,,,,,,,,,,,,,,,,Stage 4,,,,,,reported loan_amount_000s among favorable actions 1/2/8,MAE/RMSE/absolute error kUSD; R2/RMSLE dimensionless; rates as named; percentage fields percent
